<?xml version="1.0" encoding="UTF-8"?>
<gpx creator="StravaGPX" version="1.1" xmlns="http://www.topografix.com/GPX/1/1" xmlns:xsi="http://www.w3.org/2001/XMLSchema-instance" xsi:schemaLocation="http://www.topografix.com/GPX/1/1 http://www.topografix.com/GPX/1/1/gpx.xsd">
 <metadata>
  <time>2026-10-04T15:08:29Z</time>
 </metadata>
 <trk>
  <name>Honey, we have flat irons at home(ish)</name>
  <type>trail_running</type>
  <trkseg>
   <trkpt lat="41.3355760" lon="-106.3208650">
    <ele>3207.6</ele>
    <time>2026-10-04T15:08:29Z</time>
   </trkpt>
   <trkpt lat="41.3355760" lon="-106.3208650">
    <ele>3207.6</ele>
    <time>2026-10-04T15:08:31Z</time>
   </trkpt>
   <trkpt lat="41.3355760" lon="-106.3208650">
    <ele>3207.6</ele>
    <time>2026-10-04T15:08:32Z</time>
   </trkpt>
   <trkpt lat="41.3355940" lon="-106.3208870">
    <ele>3207.6</ele>
    <time>2026-10-04T15:08:33Z</time>
   </trkpt>
   <trkpt lat="41.3356110" lon="-106.3209070">
    <ele>3207.6</ele>
    <time>2026-10-04T15:08:34Z</time>
   </trkpt>
   <trkpt lat="41.3356140" lon="-106.3209430">
    <ele>3207.6</ele>
    <time>2026-10-04T15:08:35Z</time>
   </trkpt>
   <trkpt lat="41.3356060" lon="-106.3209760">
    <ele>3207.6</ele>
    <time>2026-10-04T15:08:36Z</time>
   </trkpt>
   <trkpt lat="41.3356010" lon="-106.3209890">
    <ele>3207.6</ele>
    <time>2026-10-04T15:08:37Z</time>
   </trkpt>
   <trkpt lat="41.3355900" lon="-106.3210160">
    <ele>3207.7</ele>
    <time>2026-10-04T15:08:38Z</time>
   </trkpt>
   <trkpt lat="41.3356750" lon="-106.3209920">
    <ele>3207.6</ele>
    <time>2026-10-04T15:08:39Z</time>
   </trkpt>
   <trkpt lat="41.3357090" lon="-106.3209590">
    <ele>3207.6</ele>
    <time>2026-10-04T15:08:40Z</time>
   </trkpt>
   <trkpt lat="41.3357420" lon="-106.3209640">
    <ele>3207.6</ele>
    <time>2026-10-04T15:08:41Z</time>
   </trkpt>
   <trkpt lat="41.3357750" lon="-106.3209540">
    <ele>3207.7</ele>
    <time>2026-10-04T15:08:42Z</time>
   </trkpt>
   <trkpt lat="41.3357990" lon="-106.3209560">
    <ele>3207.8</ele>
    <time>2026-10-04T15:08:43Z</time>
   </trkpt>
   <trkpt lat="41.3358240" lon="-106.3209690">
    <ele>3207.9</ele>
    <time>2026-10-04T15:08:44Z</time>
   </trkpt>
   <trkpt lat="41.3358560" lon="-106.3209910">
    <ele>3208.1</ele>
    <time>2026-10-04T15:08:45Z</time>
   </trkpt>
   <trkpt lat="41.3358820" lon="-106.3210100">
    <ele>3208.3</ele>
    <time>2026-10-04T15:08:46Z</time>
   </trkpt>
   <trkpt lat="41.3359040" lon="-106.3210230">
    <ele>3208.5</ele>
    <time>2026-10-04T15:08:47Z</time>
   </trkpt>
   <trkpt lat="41.3359270" lon="-106.3210430">
    <ele>3208.6</ele>
    <time>2026-10-04T15:08:48Z</time>
   </trkpt>
   <trkpt lat="41.3359480" lon="-106.3210680">
    <ele>3208.8</ele>
    <time>2026-10-04T15:08:49Z</time>
   </trkpt>
   <trkpt lat="41.3359590" lon="-106.3210850">
    <ele>3209.0</ele>
    <time>2026-10-04T15:08:50Z</time>
   </trkpt>
   <trkpt lat="41.3359740" lon="-106.3211100">
    <ele>3209.1</ele>
    <time>2026-10-04T15:08:51Z</time>
   </trkpt>
   <trkpt lat="41.3359910" lon="-106.3211350">
    <ele>3209.3</ele>
    <time>2026-10-04T15:08:52Z</time>
   </trkpt>
   <trkpt lat="41.3360080" lon="-106.3211620">
    <ele>3209.4</ele>
    <time>2026-10-04T15:08:53Z</time>
   </trkpt>
   <trkpt lat="41.3360250" lon="-106.3211890">
    <ele>3209.5</ele>
    <time>2026-10-04T15:08:54Z</time>
   </trkpt>
   <trkpt lat="41.3360390" lon="-106.3212170">
    <ele>3209.7</ele>
    <time>2026-10-04T15:08:55Z</time>
   </trkpt>
   <trkpt lat="41.3360550" lon="-106.3212460">
    <ele>3209.8</ele>
    <time>2026-10-04T15:08:56Z</time>
   </trkpt>
   <trkpt lat="41.3360590" lon="-106.3212860">
    <ele>3209.9</ele>
    <time>2026-10-04T15:08:57Z</time>
   </trkpt>
   <trkpt lat="41.3360750" lon="-106.3213120">
    <ele>3210.0</ele>
    <time>2026-10-04T15:08:58Z</time>
   </trkpt>
   <trkpt lat="41.3360950" lon="-106.3213250">
    <ele>3210.1</ele>
    <time>2026-10-04T15:08:59Z</time>
   </trkpt>
   <trkpt lat="41.3361140" lon="-106.3213520">
    <ele>3210.1</ele>
    <time>2026-10-04T15:09:00Z</time>
   </trkpt>
   <trkpt lat="41.3361300" lon="-106.3213650">
    <ele>3210.2</ele>
    <time>2026-10-04T15:09:01Z</time>
   </trkpt>
   <trkpt lat="41.3361380" lon="-106.3213950">
    <ele>3210.3</ele>
    <time>2026-10-04T15:09:02Z</time>
   </trkpt>
   <trkpt lat="41.3361570" lon="-106.3214200">
    <ele>3210.4</ele>
    <time>2026-10-04T15:09:03Z</time>
   </trkpt>
   <trkpt lat="41.3361730" lon="-106.3214460">
    <ele>3210.4</ele>
    <time>2026-10-04T15:09:04Z</time>
   </trkpt>
   <trkpt lat="41.3361880" lon="-106.3214610">
    <ele>3210.5</ele>
    <time>2026-10-04T15:09:05Z</time>
   </trkpt>
   <trkpt lat="41.3361940" lon="-106.3215040">
    <ele>3210.6</ele>
    <time>2026-10-04T15:09:06Z</time>
   </trkpt>
   <trkpt lat="41.3362190" lon="-106.3215100">
    <ele>3210.7</ele>
    <time>2026-10-04T15:09:07Z</time>
   </trkpt>
   <trkpt lat="41.3362370" lon="-106.3215310">
    <ele>3210.8</ele>
    <time>2026-10-04T15:09:08Z</time>
   </trkpt>
   <trkpt lat="41.3362620" lon="-106.3215410">
    <ele>3210.9</ele>
    <time>2026-10-04T15:09:09Z</time>
   </trkpt>
   <trkpt lat="41.3362570" lon="-106.3215620">
    <ele>3211.0</ele>
    <time>2026-10-04T15:09:10Z</time>
   </trkpt>
   <trkpt lat="41.3362800" lon="-106.3215790">
    <ele>3211.1</ele>
    <time>2026-10-04T15:09:11Z</time>
   </trkpt>
   <trkpt lat="41.3363110" lon="-106.3216010">
    <ele>3211.3</ele>
    <time>2026-10-04T15:09:12Z</time>
   </trkpt>
   <trkpt lat="41.3363360" lon="-106.3216180">
    <ele>3211.5</ele>
    <time>2026-10-04T15:09:13Z</time>
   </trkpt>
   <trkpt lat="41.3363480" lon="-106.3216440">
    <ele>3211.6</ele>
    <time>2026-10-04T15:09:14Z</time>
   </trkpt>
   <trkpt lat="41.3363510" lon="-106.3216800">
    <ele>3211.8</ele>
    <time>2026-10-04T15:09:15Z</time>
   </trkpt>
   <trkpt lat="41.3363590" lon="-106.3217010">
    <ele>3212.0</ele>
    <time>2026-10-04T15:09:16Z</time>
   </trkpt>
   <trkpt lat="41.3363780" lon="-106.3217230">
    <ele>3212.2</ele>
    <time>2026-10-04T15:09:17Z</time>
   </trkpt>
   <trkpt lat="41.3363890" lon="-106.3217450">
    <ele>3212.3</ele>
    <time>2026-10-04T15:09:18Z</time>
   </trkpt>
   <trkpt lat="41.3364130" lon="-106.3217670">
    <ele>3212.6</ele>
    <time>2026-10-04T15:09:19Z</time>
   </trkpt>
   <trkpt lat="41.3364330" lon="-106.3217950">
    <ele>3212.8</ele>
    <time>2026-10-04T15:09:20Z</time>
   </trkpt>
   <trkpt lat="41.3364440" lon="-106.3218180">
    <ele>3213.0</ele>
    <time>2026-10-04T15:09:21Z</time>
   </trkpt>
   <trkpt lat="41.3364640" lon="-106.3218530">
    <ele>3213.2</ele>
    <time>2026-10-04T15:09:22Z</time>
   </trkpt>
   <trkpt lat="41.3364860" lon="-106.3218640">
    <ele>3213.4</ele>
    <time>2026-10-04T15:09:23Z</time>
   </trkpt>
   <trkpt lat="41.3365050" lon="-106.3218910">
    <ele>3213.5</ele>
    <time>2026-10-04T15:09:24Z</time>
   </trkpt>
   <trkpt lat="41.3365230" lon="-106.3219070">
    <ele>3213.7</ele>
    <time>2026-10-04T15:09:25Z</time>
   </trkpt>
   <trkpt lat="41.3365460" lon="-106.3219210">
    <ele>3213.8</ele>
    <time>2026-10-04T15:09:26Z</time>
   </trkpt>
   <trkpt lat="41.3365690" lon="-106.3219260">
    <ele>3213.9</ele>
    <time>2026-10-04T15:09:27Z</time>
   </trkpt>
   <trkpt lat="41.3365950" lon="-106.3219240">
    <ele>3214.0</ele>
    <time>2026-10-04T15:09:28Z</time>
   </trkpt>
   <trkpt lat="41.3366120" lon="-106.3219270">
    <ele>3214.1</ele>
    <time>2026-10-04T15:09:29Z</time>
   </trkpt>
   <trkpt lat="41.3366410" lon="-106.3219300">
    <ele>3214.2</ele>
    <time>2026-10-04T15:09:30Z</time>
   </trkpt>
   <trkpt lat="41.3366610" lon="-106.3219220">
    <ele>3214.3</ele>
    <time>2026-10-04T15:09:31Z</time>
   </trkpt>
   <trkpt lat="41.3366940" lon="-106.3219070">
    <ele>3214.4</ele>
    <time>2026-10-04T15:09:32Z</time>
   </trkpt>
   <trkpt lat="41.3367170" lon="-106.3218920">
    <ele>3214.5</ele>
    <time>2026-10-04T15:09:33Z</time>
   </trkpt>
   <trkpt lat="41.3367360" lon="-106.3218980">
    <ele>3214.6</ele>
    <time>2026-10-04T15:09:34Z</time>
   </trkpt>
   <trkpt lat="41.3367520" lon="-106.3218980">
    <ele>3214.7</ele>
    <time>2026-10-04T15:09:35Z</time>
   </trkpt>
   <trkpt lat="41.3369840" lon="-106.3218910">
    <ele>3215.5</ele>
    <time>2026-10-04T15:09:47Z</time>
   </trkpt>
   <trkpt lat="41.3370050" lon="-106.3218830">
    <ele>3215.6</ele>
    <time>2026-10-04T15:09:48Z</time>
   </trkpt>
   <trkpt lat="41.3370260" lon="-106.3218790">
    <ele>3215.7</ele>
    <time>2026-10-04T15:09:49Z</time>
   </trkpt>
   <trkpt lat="41.3370460" lon="-106.3218750">
    <ele>3215.8</ele>
    <time>2026-10-04T15:09:50Z</time>
   </trkpt>
   <trkpt lat="41.3370730" lon="-106.3218810">
    <ele>3215.9</ele>
    <time>2026-10-04T15:09:51Z</time>
   </trkpt>
   <trkpt lat="41.3370930" lon="-106.3218790">
    <ele>3216.0</ele>
    <time>2026-10-04T15:09:52Z</time>
   </trkpt>
   <trkpt lat="41.3371180" lon="-106.3218760">
    <ele>3216.1</ele>
    <time>2026-10-04T15:09:53Z</time>
   </trkpt>
   <trkpt lat="41.3371370" lon="-106.3218750">
    <ele>3216.1</ele>
    <time>2026-10-04T15:09:54Z</time>
   </trkpt>
   <trkpt lat="41.3371590" lon="-106.3218720">
    <ele>3216.2</ele>
    <time>2026-10-04T15:09:55Z</time>
   </trkpt>
   <trkpt lat="41.3371830" lon="-106.3218650">
    <ele>3216.3</ele>
    <time>2026-10-04T15:09:56Z</time>
   </trkpt>
   <trkpt lat="41.3372040" lon="-106.3218660">
    <ele>3216.4</ele>
    <time>2026-10-04T15:09:57Z</time>
   </trkpt>
   <trkpt lat="41.3372250" lon="-106.3218550">
    <ele>3216.5</ele>
    <time>2026-10-04T15:09:58Z</time>
   </trkpt>
   <trkpt lat="41.3372410" lon="-106.3218530">
    <ele>3216.6</ele>
    <time>2026-10-04T15:09:59Z</time>
   </trkpt>
   <trkpt lat="41.3372630" lon="-106.3218360">
    <ele>3216.7</ele>
    <time>2026-10-04T15:10:00Z</time>
   </trkpt>
   <trkpt lat="41.3372740" lon="-106.3218280">
    <ele>3216.8</ele>
    <time>2026-10-04T15:10:01Z</time>
   </trkpt>
   <trkpt lat="41.3372950" lon="-106.3218020">
    <ele>3216.9</ele>
    <time>2026-10-04T15:10:02Z</time>
   </trkpt>
   <trkpt lat="41.3373120" lon="-106.3217960">
    <ele>3217.0</ele>
    <time>2026-10-04T15:10:03Z</time>
   </trkpt>
   <trkpt lat="41.3373270" lon="-106.3217810">
    <ele>3217.1</ele>
    <time>2026-10-04T15:10:04Z</time>
   </trkpt>
   <trkpt lat="41.3373450" lon="-106.3217600">
    <ele>3217.2</ele>
    <time>2026-10-04T15:10:05Z</time>
   </trkpt>
   <trkpt lat="41.3373660" lon="-106.3217460">
    <ele>3217.3</ele>
    <time>2026-10-04T15:10:06Z</time>
   </trkpt>
   <trkpt lat="41.3373840" lon="-106.3217420">
    <ele>3217.4</ele>
    <time>2026-10-04T15:10:07Z</time>
   </trkpt>
   <trkpt lat="41.3374070" lon="-106.3217410">
    <ele>3217.5</ele>
    <time>2026-10-04T15:10:08Z</time>
   </trkpt>
   <trkpt lat="41.3374270" lon="-106.3217510">
    <ele>3217.6</ele>
    <time>2026-10-04T15:10:09Z</time>
   </trkpt>
   <trkpt lat="41.3374450" lon="-106.3217600">
    <ele>3217.6</ele>
    <time>2026-10-04T15:10:10Z</time>
   </trkpt>
   <trkpt lat="41.3374640" lon="-106.3217670">
    <ele>3217.7</ele>
    <time>2026-10-04T15:10:11Z</time>
   </trkpt>
   <trkpt lat="41.3374730" lon="-106.3217900">
    <ele>3217.7</ele>
    <time>2026-10-04T15:10:12Z</time>
   </trkpt>
   <trkpt lat="41.3374920" lon="-106.3218100">
    <ele>3217.8</ele>
    <time>2026-10-04T15:10:13Z</time>
   </trkpt>
   <trkpt lat="41.3375060" lon="-106.3218250">
    <ele>3217.8</ele>
    <time>2026-10-04T15:10:14Z</time>
   </trkpt>
   <trkpt lat="41.3375240" lon="-106.3218400">
    <ele>3217.8</ele>
    <time>2026-10-04T15:10:15Z</time>
   </trkpt>
   <trkpt lat="41.3375370" lon="-106.3218620">
    <ele>3217.9</ele>
    <time>2026-10-04T15:10:16Z</time>
   </trkpt>
   <trkpt lat="41.3375540" lon="-106.3218850">
    <ele>3218.0</ele>
    <time>2026-10-04T15:10:17Z</time>
   </trkpt>
   <trkpt lat="41.3375660" lon="-106.3219000">
    <ele>3218.0</ele>
    <time>2026-10-04T15:10:18Z</time>
   </trkpt>
   <trkpt lat="41.3375830" lon="-106.3219190">
    <ele>3218.1</ele>
    <time>2026-10-04T15:10:19Z</time>
   </trkpt>
   <trkpt lat="41.3375930" lon="-106.3219380">
    <ele>3218.1</ele>
    <time>2026-10-04T15:10:20Z</time>
   </trkpt>
   <trkpt lat="41.3376150" lon="-106.3219560">
    <ele>3218.2</ele>
    <time>2026-10-04T15:10:21Z</time>
   </trkpt>
   <trkpt lat="41.3376260" lon="-106.3219690">
    <ele>3218.3</ele>
    <time>2026-10-04T15:10:22Z</time>
   </trkpt>
   <trkpt lat="41.3376430" lon="-106.3219910">
    <ele>3218.4</ele>
    <time>2026-10-04T15:10:23Z</time>
   </trkpt>
   <trkpt lat="41.3376500" lon="-106.3220100">
    <ele>3218.5</ele>
    <time>2026-10-04T15:10:24Z</time>
   </trkpt>
   <trkpt lat="41.3376640" lon="-106.3220380">
    <ele>3218.6</ele>
    <time>2026-10-04T15:10:25Z</time>
   </trkpt>
   <trkpt lat="41.3376710" lon="-106.3220600">
    <ele>3218.7</ele>
    <time>2026-10-04T15:10:26Z</time>
   </trkpt>
   <trkpt lat="41.3376940" lon="-106.3220780">
    <ele>3218.9</ele>
    <time>2026-10-04T15:10:27Z</time>
   </trkpt>
   <trkpt lat="41.3377020" lon="-106.3220930">
    <ele>3218.9</ele>
    <time>2026-10-04T15:10:28Z</time>
   </trkpt>
   <trkpt lat="41.3377160" lon="-106.3221110">
    <ele>3219.1</ele>
    <time>2026-10-04T15:10:29Z</time>
   </trkpt>
   <trkpt lat="41.3377290" lon="-106.3221280">
    <ele>3219.2</ele>
    <time>2026-10-04T15:10:30Z</time>
   </trkpt>
   <trkpt lat="41.3377430" lon="-106.3221550">
    <ele>3219.4</ele>
    <time>2026-10-04T15:10:31Z</time>
   </trkpt>
   <trkpt lat="41.3377550" lon="-106.3221700">
    <ele>3219.5</ele>
    <time>2026-10-04T15:10:32Z</time>
   </trkpt>
   <trkpt lat="41.3377690" lon="-106.3222000">
    <ele>3219.6</ele>
    <time>2026-10-04T15:10:33Z</time>
   </trkpt>
   <trkpt lat="41.3377850" lon="-106.3222110">
    <ele>3219.8</ele>
    <time>2026-10-04T15:10:34Z</time>
   </trkpt>
   <trkpt lat="41.3378000" lon="-106.3222280">
    <ele>3219.9</ele>
    <time>2026-10-04T15:10:35Z</time>
   </trkpt>
   <trkpt lat="41.3378150" lon="-106.3222450">
    <ele>3220.0</ele>
    <time>2026-10-04T15:10:36Z</time>
   </trkpt>
   <trkpt lat="41.3378240" lon="-106.3222600">
    <ele>3220.1</ele>
    <time>2026-10-04T15:10:37Z</time>
   </trkpt>
   <trkpt lat="41.3378430" lon="-106.3222770">
    <ele>3220.3</ele>
    <time>2026-10-04T15:10:38Z</time>
   </trkpt>
   <trkpt lat="41.3378600" lon="-106.3222960">
    <ele>3220.4</ele>
    <time>2026-10-04T15:10:39Z</time>
   </trkpt>
   <trkpt lat="41.3378860" lon="-106.3223000">
    <ele>3220.6</ele>
    <time>2026-10-04T15:10:40Z</time>
   </trkpt>
   <trkpt lat="41.3379030" lon="-106.3222940">
    <ele>3220.6</ele>
    <time>2026-10-04T15:10:41Z</time>
   </trkpt>
   <trkpt lat="41.3379270" lon="-106.3222750">
    <ele>3220.7</ele>
    <time>2026-10-04T15:10:42Z</time>
   </trkpt>
   <trkpt lat="41.3379480" lon="-106.3222620">
    <ele>3220.7</ele>
    <time>2026-10-04T15:10:43Z</time>
   </trkpt>
   <trkpt lat="41.3379710" lon="-106.3222470">
    <ele>3220.7</ele>
    <time>2026-10-04T15:10:44Z</time>
   </trkpt>
   <trkpt lat="41.3379900" lon="-106.3222470">
    <ele>3220.8</ele>
    <time>2026-10-04T15:10:45Z</time>
   </trkpt>
   <trkpt lat="41.3380150" lon="-106.3222330">
    <ele>3220.8</ele>
    <time>2026-10-04T15:10:46Z</time>
   </trkpt>
   <trkpt lat="41.3380360" lon="-106.3222310">
    <ele>3220.8</ele>
    <time>2026-10-04T15:10:47Z</time>
   </trkpt>
   <trkpt lat="41.3380600" lon="-106.3222200">
    <ele>3220.9</ele>
    <time>2026-10-04T15:10:48Z</time>
   </trkpt>
   <trkpt lat="41.3380760" lon="-106.3222150">
    <ele>3220.9</ele>
    <time>2026-10-04T15:10:49Z</time>
   </trkpt>
   <trkpt lat="41.3382400" lon="-106.3222270">
    <ele>3221.8</ele>
    <time>2026-10-04T15:10:57Z</time>
   </trkpt>
   <trkpt lat="41.3382610" lon="-106.3222350">
    <ele>3222.0</ele>
    <time>2026-10-04T15:10:58Z</time>
   </trkpt>
   <trkpt lat="41.3382770" lon="-106.3222350">
    <ele>3222.2</ele>
    <time>2026-10-04T15:10:59Z</time>
   </trkpt>
   <trkpt lat="41.3383000" lon="-106.3222400">
    <ele>3222.4</ele>
    <time>2026-10-04T15:11:00Z</time>
   </trkpt>
   <trkpt lat="41.3383180" lon="-106.3222450">
    <ele>3222.6</ele>
    <time>2026-10-04T15:11:01Z</time>
   </trkpt>
   <trkpt lat="41.3383320" lon="-106.3222590">
    <ele>3222.8</ele>
    <time>2026-10-04T15:11:02Z</time>
   </trkpt>
   <trkpt lat="41.3383610" lon="-106.3222910">
    <ele>3223.2</ele>
    <time>2026-10-04T15:11:04Z</time>
   </trkpt>
   <trkpt lat="41.3383810" lon="-106.3223110">
    <ele>3223.5</ele>
    <time>2026-10-04T15:11:05Z</time>
   </trkpt>
   <trkpt lat="41.3384020" lon="-106.3223210">
    <ele>3223.8</ele>
    <time>2026-10-04T15:11:06Z</time>
   </trkpt>
   <trkpt lat="41.3384220" lon="-106.3223290">
    <ele>3224.1</ele>
    <time>2026-10-04T15:11:07Z</time>
   </trkpt>
   <trkpt lat="41.3384390" lon="-106.3223340">
    <ele>3224.3</ele>
    <time>2026-10-04T15:11:08Z</time>
   </trkpt>
   <trkpt lat="41.3384540" lon="-106.3223350">
    <ele>3224.5</ele>
    <time>2026-10-04T15:11:09Z</time>
   </trkpt>
   <trkpt lat="41.3384700" lon="-106.3223440">
    <ele>3224.7</ele>
    <time>2026-10-04T15:11:10Z</time>
   </trkpt>
   <trkpt lat="41.3385090" lon="-106.3224640">
    <ele>3226.1</ele>
    <time>2026-10-04T15:11:15Z</time>
   </trkpt>
   <trkpt lat="41.3385100" lon="-106.3224740">
    <ele>3226.2</ele>
    <time>2026-10-04T15:11:16Z</time>
   </trkpt>
   <trkpt lat="41.3385200" lon="-106.3225050">
    <ele>3226.5</ele>
    <time>2026-10-04T15:11:17Z</time>
   </trkpt>
   <trkpt lat="41.3385220" lon="-106.3225230">
    <ele>3226.7</ele>
    <time>2026-10-04T15:11:18Z</time>
   </trkpt>
   <trkpt lat="41.3385270" lon="-106.3225480">
    <ele>3227.0</ele>
    <time>2026-10-04T15:11:19Z</time>
   </trkpt>
   <trkpt lat="41.3385330" lon="-106.3225670">
    <ele>3227.2</ele>
    <time>2026-10-04T15:11:20Z</time>
   </trkpt>
   <trkpt lat="41.3385370" lon="-106.3225910">
    <ele>3227.4</ele>
    <time>2026-10-04T15:11:21Z</time>
   </trkpt>
   <trkpt lat="41.3385460" lon="-106.3226180">
    <ele>3227.7</ele>
    <time>2026-10-04T15:11:22Z</time>
   </trkpt>
   <trkpt lat="41.3385430" lon="-106.3226380">
    <ele>3227.9</ele>
    <time>2026-10-04T15:11:23Z</time>
   </trkpt>
   <trkpt lat="41.3385470" lon="-106.3226630">
    <ele>3228.1</ele>
    <time>2026-10-04T15:11:24Z</time>
   </trkpt>
   <trkpt lat="41.3385450" lon="-106.3226800">
    <ele>3228.3</ele>
    <time>2026-10-04T15:11:25Z</time>
   </trkpt>
   <trkpt lat="41.3385440" lon="-106.3227060">
    <ele>3228.5</ele>
    <time>2026-10-04T15:11:26Z</time>
   </trkpt>
   <trkpt lat="41.3385440" lon="-106.3227350">
    <ele>3228.7</ele>
    <time>2026-10-04T15:11:27Z</time>
   </trkpt>
   <trkpt lat="41.3385510" lon="-106.3227610">
    <ele>3228.9</ele>
    <time>2026-10-04T15:11:28Z</time>
   </trkpt>
   <trkpt lat="41.3385510" lon="-106.3227840">
    <ele>3229.1</ele>
    <time>2026-10-04T15:11:29Z</time>
   </trkpt>
   <trkpt lat="41.3385520" lon="-106.3227920">
    <ele>3229.1</ele>
    <time>2026-10-04T15:11:30Z</time>
   </trkpt>
   <trkpt lat="41.3385490" lon="-106.3228210">
    <ele>3229.4</ele>
    <time>2026-10-04T15:11:31Z</time>
   </trkpt>
   <trkpt lat="41.3385430" lon="-106.3228400">
    <ele>3229.4</ele>
    <time>2026-10-04T15:11:32Z</time>
   </trkpt>
   <trkpt lat="41.3385320" lon="-106.3228730">
    <ele>3229.6</ele>
    <time>2026-10-04T15:11:33Z</time>
   </trkpt>
   <trkpt lat="41.3385190" lon="-106.3228910">
    <ele>3229.7</ele>
    <time>2026-10-04T15:11:34Z</time>
   </trkpt>
   <trkpt lat="41.3385140" lon="-106.3229210">
    <ele>3229.7</ele>
    <time>2026-10-04T15:11:35Z</time>
   </trkpt>
   <trkpt lat="41.3385100" lon="-106.3229380">
    <ele>3229.8</ele>
    <time>2026-10-04T15:11:36Z</time>
   </trkpt>
   <trkpt lat="41.3385070" lon="-106.3229710">
    <ele>3229.8</ele>
    <time>2026-10-04T15:11:37Z</time>
   </trkpt>
   <trkpt lat="41.3384940" lon="-106.3229940">
    <ele>3229.9</ele>
    <time>2026-10-04T15:11:38Z</time>
   </trkpt>
   <trkpt lat="41.3385030" lon="-106.3230270">
    <ele>3230.0</ele>
    <time>2026-10-04T15:11:39Z</time>
   </trkpt>
   <trkpt lat="41.3385160" lon="-106.3230450">
    <ele>3230.0</ele>
    <time>2026-10-04T15:11:40Z</time>
   </trkpt>
   <trkpt lat="41.3385340" lon="-106.3230650">
    <ele>3230.1</ele>
    <time>2026-10-04T15:11:41Z</time>
   </trkpt>
   <trkpt lat="41.3385550" lon="-106.3230800">
    <ele>3230.2</ele>
    <time>2026-10-04T15:11:42Z</time>
   </trkpt>
   <trkpt lat="41.3385790" lon="-106.3230890">
    <ele>3230.2</ele>
    <time>2026-10-04T15:11:43Z</time>
   </trkpt>
   <trkpt lat="41.3385910" lon="-106.3231090">
    <ele>3230.3</ele>
    <time>2026-10-04T15:11:44Z</time>
   </trkpt>
   <trkpt lat="41.3385980" lon="-106.3231370">
    <ele>3230.5</ele>
    <time>2026-10-04T15:11:45Z</time>
   </trkpt>
   <trkpt lat="41.3386200" lon="-106.3231530">
    <ele>3230.6</ele>
    <time>2026-10-04T15:11:46Z</time>
   </trkpt>
   <trkpt lat="41.3386350" lon="-106.3231590">
    <ele>3230.8</ele>
    <time>2026-10-04T15:11:47Z</time>
   </trkpt>
   <trkpt lat="41.3386580" lon="-106.3231500">
    <ele>3231.0</ele>
    <time>2026-10-04T15:11:48Z</time>
   </trkpt>
   <trkpt lat="41.3386780" lon="-106.3231610">
    <ele>3231.2</ele>
    <time>2026-10-04T15:11:49Z</time>
   </trkpt>
   <trkpt lat="41.3387010" lon="-106.3231520">
    <ele>3231.4</ele>
    <time>2026-10-04T15:11:50Z</time>
   </trkpt>
   <trkpt lat="41.3387170" lon="-106.3231350">
    <ele>3231.7</ele>
    <time>2026-10-04T15:11:51Z</time>
   </trkpt>
   <trkpt lat="41.3387350" lon="-106.3231080">
    <ele>3232.0</ele>
    <time>2026-10-04T15:11:52Z</time>
   </trkpt>
   <trkpt lat="41.3387610" lon="-106.3231070">
    <ele>3232.4</ele>
    <time>2026-10-04T15:11:53Z</time>
   </trkpt>
   <trkpt lat="41.3387780" lon="-106.3231100">
    <ele>3232.6</ele>
    <time>2026-10-04T15:11:54Z</time>
   </trkpt>
   <trkpt lat="41.3387930" lon="-106.3231220">
    <ele>3232.9</ele>
    <time>2026-10-04T15:11:55Z</time>
   </trkpt>
   <trkpt lat="41.3389320" lon="-106.3232850">
    <ele>3235.7</ele>
    <time>2026-10-04T15:12:09Z</time>
   </trkpt>
   <trkpt lat="41.3389480" lon="-106.3232930">
    <ele>3236.0</ele>
    <time>2026-10-04T15:12:10Z</time>
   </trkpt>
   <trkpt lat="41.3389670" lon="-106.3232800">
    <ele>3236.3</ele>
    <time>2026-10-04T15:12:11Z</time>
   </trkpt>
   <trkpt lat="41.3389820" lon="-106.3232810">
    <ele>3236.5</ele>
    <time>2026-10-04T15:12:12Z</time>
   </trkpt>
   <trkpt lat="41.3390000" lon="-106.3232690">
    <ele>3236.8</ele>
    <time>2026-10-04T15:12:13Z</time>
   </trkpt>
   <trkpt lat="41.3390160" lon="-106.3232590">
    <ele>3237.1</ele>
    <time>2026-10-04T15:12:14Z</time>
   </trkpt>
   <trkpt lat="41.3390080" lon="-106.3232430">
    <ele>3237.3</ele>
    <time>2026-10-04T15:12:15Z</time>
   </trkpt>
   <trkpt lat="41.3390120" lon="-106.3232390">
    <ele>3237.4</ele>
    <time>2026-10-04T15:12:16Z</time>
   </trkpt>
   <trkpt lat="41.3390150" lon="-106.3232340">
    <ele>3237.4</ele>
    <time>2026-10-04T15:12:17Z</time>
   </trkpt>
   <trkpt lat="41.3390270" lon="-106.3232160">
    <ele>3237.7</ele>
    <time>2026-10-04T15:12:18Z</time>
   </trkpt>
   <trkpt lat="41.3390360" lon="-106.3232060">
    <ele>3237.9</ele>
    <time>2026-10-04T15:12:19Z</time>
   </trkpt>
   <trkpt lat="41.3390480" lon="-106.3232020">
    <ele>3238.0</ele>
    <time>2026-10-04T15:12:20Z</time>
   </trkpt>
   <trkpt lat="41.3390500" lon="-106.3231950">
    <ele>3238.1</ele>
    <time>2026-10-04T15:12:21Z</time>
   </trkpt>
   <trkpt lat="41.3390620" lon="-106.3231800">
    <ele>3238.3</ele>
    <time>2026-10-04T15:12:22Z</time>
   </trkpt>
   <trkpt lat="41.3390780" lon="-106.3231770">
    <ele>3238.5</ele>
    <time>2026-10-04T15:12:23Z</time>
   </trkpt>
   <trkpt lat="41.3390900" lon="-106.3231730">
    <ele>3238.7</ele>
    <time>2026-10-04T15:12:24Z</time>
   </trkpt>
   <trkpt lat="41.3390900" lon="-106.3231720">
    <ele>3238.7</ele>
    <time>2026-10-04T15:12:25Z</time>
   </trkpt>
   <trkpt lat="41.3390930" lon="-106.3231690">
    <ele>3238.7</ele>
    <time>2026-10-04T15:12:26Z</time>
   </trkpt>
   <trkpt lat="41.3391020" lon="-106.3231510">
    <ele>3238.9</ele>
    <time>2026-10-04T15:12:27Z</time>
   </trkpt>
   <trkpt lat="41.3391140" lon="-106.3231450">
    <ele>3239.0</ele>
    <time>2026-10-04T15:12:28Z</time>
   </trkpt>
   <trkpt lat="41.3391260" lon="-106.3231490">
    <ele>3239.1</ele>
    <time>2026-10-04T15:12:29Z</time>
   </trkpt>
   <trkpt lat="41.3391430" lon="-106.3231380">
    <ele>3239.2</ele>
    <time>2026-10-04T15:12:30Z</time>
   </trkpt>
   <trkpt lat="41.3391590" lon="-106.3231270">
    <ele>3239.3</ele>
    <time>2026-10-04T15:12:31Z</time>
   </trkpt>
   <trkpt lat="41.3391760" lon="-106.3231300">
    <ele>3239.4</ele>
    <time>2026-10-04T15:12:32Z</time>
   </trkpt>
   <trkpt lat="41.3391890" lon="-106.3231370">
    <ele>3239.4</ele>
    <time>2026-10-04T15:12:33Z</time>
   </trkpt>
   <trkpt lat="41.3392040" lon="-106.3231310">
    <ele>3239.5</ele>
    <time>2026-10-04T15:12:34Z</time>
   </trkpt>
   <trkpt lat="41.3392090" lon="-106.3231370">
    <ele>3239.5</ele>
    <time>2026-10-04T15:12:35Z</time>
   </trkpt>
   <trkpt lat="41.3392230" lon="-106.3231330">
    <ele>3239.5</ele>
    <time>2026-10-04T15:12:36Z</time>
   </trkpt>
   <trkpt lat="41.3392400" lon="-106.3231410">
    <ele>3239.6</ele>
    <time>2026-10-04T15:12:37Z</time>
   </trkpt>
   <trkpt lat="41.3392620" lon="-106.3231450">
    <ele>3239.6</ele>
    <time>2026-10-04T15:12:38Z</time>
   </trkpt>
   <trkpt lat="41.3392840" lon="-106.3231590">
    <ele>3239.7</ele>
    <time>2026-10-04T15:12:39Z</time>
   </trkpt>
   <trkpt lat="41.3392980" lon="-106.3231520">
    <ele>3239.7</ele>
    <time>2026-10-04T15:12:40Z</time>
   </trkpt>
   <trkpt lat="41.3393160" lon="-106.3231400">
    <ele>3239.8</ele>
    <time>2026-10-04T15:12:41Z</time>
   </trkpt>
   <trkpt lat="41.3393260" lon="-106.3231170">
    <ele>3239.8</ele>
    <time>2026-10-04T15:12:42Z</time>
   </trkpt>
   <trkpt lat="41.3393500" lon="-106.3231160">
    <ele>3240.0</ele>
    <time>2026-10-04T15:12:43Z</time>
   </trkpt>
   <trkpt lat="41.3393800" lon="-106.3231150">
    <ele>3240.1</ele>
    <time>2026-10-04T15:12:44Z</time>
   </trkpt>
   <trkpt lat="41.3394100" lon="-106.3231140">
    <ele>3240.3</ele>
    <time>2026-10-04T15:12:45Z</time>
   </trkpt>
   <trkpt lat="41.3394200" lon="-106.3231230">
    <ele>3240.3</ele>
    <time>2026-10-04T15:12:46Z</time>
   </trkpt>
   <trkpt lat="41.3394360" lon="-106.3231090">
    <ele>3240.5</ele>
    <time>2026-10-04T15:12:47Z</time>
   </trkpt>
   <trkpt lat="41.3394530" lon="-106.3231050">
    <ele>3240.6</ele>
    <time>2026-10-04T15:12:48Z</time>
   </trkpt>
   <trkpt lat="41.3394670" lon="-106.3230940">
    <ele>3240.7</ele>
    <time>2026-10-04T15:12:49Z</time>
   </trkpt>
   <trkpt lat="41.3394850" lon="-106.3230920">
    <ele>3240.8</ele>
    <time>2026-10-04T15:12:50Z</time>
   </trkpt>
   <trkpt lat="41.3395080" lon="-106.3230930">
    <ele>3241.0</ele>
    <time>2026-10-04T15:12:51Z</time>
   </trkpt>
   <trkpt lat="41.3395270" lon="-106.3231040">
    <ele>3241.2</ele>
    <time>2026-10-04T15:12:52Z</time>
   </trkpt>
   <trkpt lat="41.3395460" lon="-106.3230910">
    <ele>3241.3</ele>
    <time>2026-10-04T15:12:53Z</time>
   </trkpt>
   <trkpt lat="41.3395710" lon="-106.3230890">
    <ele>3241.6</ele>
    <time>2026-10-04T15:12:54Z</time>
   </trkpt>
   <trkpt lat="41.3395910" lon="-106.3230860">
    <ele>3241.8</ele>
    <time>2026-10-04T15:12:55Z</time>
   </trkpt>
   <trkpt lat="41.3396070" lon="-106.3230740">
    <ele>3242.0</ele>
    <time>2026-10-04T15:12:56Z</time>
   </trkpt>
   <trkpt lat="41.3396250" lon="-106.3230810">
    <ele>3242.1</ele>
    <time>2026-10-04T15:12:57Z</time>
   </trkpt>
   <trkpt lat="41.3396440" lon="-106.3230870">
    <ele>3242.3</ele>
    <time>2026-10-04T15:12:58Z</time>
   </trkpt>
   <trkpt lat="41.3396590" lon="-106.3231090">
    <ele>3242.6</ele>
    <time>2026-10-04T15:12:59Z</time>
   </trkpt>
   <trkpt lat="41.3396720" lon="-106.3230830">
    <ele>3242.8</ele>
    <time>2026-10-04T15:13:00Z</time>
   </trkpt>
   <trkpt lat="41.3396940" lon="-106.3230690">
    <ele>3243.0</ele>
    <time>2026-10-04T15:13:01Z</time>
   </trkpt>
   <trkpt lat="41.3397030" lon="-106.3230600">
    <ele>3243.1</ele>
    <time>2026-10-04T15:13:02Z</time>
   </trkpt>
   <trkpt lat="41.3397180" lon="-106.3230490">
    <ele>3243.3</ele>
    <time>2026-10-04T15:13:03Z</time>
   </trkpt>
   <trkpt lat="41.3397340" lon="-106.3230440">
    <ele>3243.4</ele>
    <time>2026-10-04T15:13:04Z</time>
   </trkpt>
   <trkpt lat="41.3397540" lon="-106.3230360">
    <ele>3243.6</ele>
    <time>2026-10-04T15:13:05Z</time>
   </trkpt>
   <trkpt lat="41.3397650" lon="-106.3230100">
    <ele>3243.8</ele>
    <time>2026-10-04T15:13:06Z</time>
   </trkpt>
   <trkpt lat="41.3397800" lon="-106.3229920">
    <ele>3244.0</ele>
    <time>2026-10-04T15:13:07Z</time>
   </trkpt>
   <trkpt lat="41.3397980" lon="-106.3230000">
    <ele>3244.1</ele>
    <time>2026-10-04T15:13:08Z</time>
   </trkpt>
   <trkpt lat="41.3398170" lon="-106.3230110">
    <ele>3244.2</ele>
    <time>2026-10-04T15:13:09Z</time>
   </trkpt>
   <trkpt lat="41.3398380" lon="-106.3230080">
    <ele>3244.3</ele>
    <time>2026-10-04T15:13:10Z</time>
   </trkpt>
   <trkpt lat="41.3398520" lon="-106.3230210">
    <ele>3244.4</ele>
    <time>2026-10-04T15:13:11Z</time>
   </trkpt>
   <trkpt lat="41.3398700" lon="-106.3230000">
    <ele>3244.5</ele>
    <time>2026-10-04T15:13:12Z</time>
   </trkpt>
   <trkpt lat="41.3398830" lon="-106.3230020">
    <ele>3244.6</ele>
    <time>2026-10-04T15:13:13Z</time>
   </trkpt>
   <trkpt lat="41.3398920" lon="-106.3230000">
    <ele>3244.6</ele>
    <time>2026-10-04T15:13:14Z</time>
   </trkpt>
   <trkpt lat="41.3399020" lon="-106.3229880">
    <ele>3244.7</ele>
    <time>2026-10-04T15:13:15Z</time>
   </trkpt>
   <trkpt lat="41.3399090" lon="-106.3229930">
    <ele>3244.7</ele>
    <time>2026-10-04T15:13:16Z</time>
   </trkpt>
   <trkpt lat="41.3399200" lon="-106.3229990">
    <ele>3244.8</ele>
    <time>2026-10-04T15:13:17Z</time>
   </trkpt>
   <trkpt lat="41.3399330" lon="-106.3229900">
    <ele>3244.9</ele>
    <time>2026-10-04T15:13:18Z</time>
   </trkpt>
   <trkpt lat="41.3399390" lon="-106.3229820">
    <ele>3244.9</ele>
    <time>2026-10-04T15:13:19Z</time>
   </trkpt>
   <trkpt lat="41.3399540" lon="-106.3229630">
    <ele>3245.0</ele>
    <time>2026-10-04T15:13:20Z</time>
   </trkpt>
   <trkpt lat="41.3399680" lon="-106.3229610">
    <ele>3245.1</ele>
    <time>2026-10-04T15:13:21Z</time>
   </trkpt>
   <trkpt lat="41.3399840" lon="-106.3229650">
    <ele>3245.2</ele>
    <time>2026-10-04T15:13:22Z</time>
   </trkpt>
   <trkpt lat="41.3399930" lon="-106.3229680">
    <ele>3245.3</ele>
    <time>2026-10-04T15:13:23Z</time>
   </trkpt>
   <trkpt lat="41.3400290" lon="-106.3229650">
    <ele>3245.5</ele>
    <time>2026-10-04T15:13:24Z</time>
   </trkpt>
   <trkpt lat="41.3400260" lon="-106.3229310">
    <ele>3245.7</ele>
    <time>2026-10-04T15:13:25Z</time>
   </trkpt>
   <trkpt lat="41.3400390" lon="-106.3229200">
    <ele>3245.9</ele>
    <time>2026-10-04T15:13:26Z</time>
   </trkpt>
   <trkpt lat="41.3400670" lon="-106.3228950">
    <ele>3246.2</ele>
    <time>2026-10-04T15:13:27Z</time>
   </trkpt>
   <trkpt lat="41.3400660" lon="-106.3229120">
    <ele>3246.3</ele>
    <time>2026-10-04T15:13:28Z</time>
   </trkpt>
   <trkpt lat="41.3400810" lon="-106.3228940">
    <ele>3246.5</ele>
    <time>2026-10-04T15:13:29Z</time>
   </trkpt>
   <trkpt lat="41.3400830" lon="-106.3228750">
    <ele>3246.7</ele>
    <time>2026-10-04T15:13:30Z</time>
   </trkpt>
   <trkpt lat="41.3400840" lon="-106.3228560">
    <ele>3246.9</ele>
    <time>2026-10-04T15:13:31Z</time>
   </trkpt>
   <trkpt lat="41.3401050" lon="-106.3228470">
    <ele>3247.1</ele>
    <time>2026-10-04T15:13:32Z</time>
   </trkpt>
   <trkpt lat="41.3401270" lon="-106.3228370">
    <ele>3247.4</ele>
    <time>2026-10-04T15:13:33Z</time>
   </trkpt>
   <trkpt lat="41.3401490" lon="-106.3228170">
    <ele>3247.7</ele>
    <time>2026-10-04T15:13:34Z</time>
   </trkpt>
   <trkpt lat="41.3401570" lon="-106.3227890">
    <ele>3247.9</ele>
    <time>2026-10-04T15:13:35Z</time>
   </trkpt>
   <trkpt lat="41.3401660" lon="-106.3227710">
    <ele>3248.1</ele>
    <time>2026-10-04T15:13:36Z</time>
   </trkpt>
   <trkpt lat="41.3401720" lon="-106.3227540">
    <ele>3248.3</ele>
    <time>2026-10-04T15:13:37Z</time>
   </trkpt>
   <trkpt lat="41.3401870" lon="-106.3227420">
    <ele>3248.5</ele>
    <time>2026-10-04T15:13:38Z</time>
   </trkpt>
   <trkpt lat="41.3401950" lon="-106.3227440">
    <ele>3248.6</ele>
    <time>2026-10-04T15:13:39Z</time>
   </trkpt>
   <trkpt lat="41.3402130" lon="-106.3227250">
    <ele>3248.8</ele>
    <time>2026-10-04T15:13:40Z</time>
   </trkpt>
   <trkpt lat="41.3402280" lon="-106.3227090">
    <ele>3249.0</ele>
    <time>2026-10-04T15:13:41Z</time>
   </trkpt>
   <trkpt lat="41.3402400" lon="-106.3226970">
    <ele>3249.1</ele>
    <time>2026-10-04T15:13:42Z</time>
   </trkpt>
   <trkpt lat="41.3402510" lon="-106.3226880">
    <ele>3249.3</ele>
    <time>2026-10-04T15:13:43Z</time>
   </trkpt>
   <trkpt lat="41.3402660" lon="-106.3226690">
    <ele>3249.5</ele>
    <time>2026-10-04T15:13:44Z</time>
   </trkpt>
   <trkpt lat="41.3402770" lon="-106.3226630">
    <ele>3249.6</ele>
    <time>2026-10-04T15:13:45Z</time>
   </trkpt>
   <trkpt lat="41.3402840" lon="-106.3226550">
    <ele>3249.6</ele>
    <time>2026-10-04T15:13:46Z</time>
   </trkpt>
   <trkpt lat="41.3402960" lon="-106.3226460">
    <ele>3249.8</ele>
    <time>2026-10-04T15:13:47Z</time>
   </trkpt>
   <trkpt lat="41.3403100" lon="-106.3226440">
    <ele>3249.9</ele>
    <time>2026-10-04T15:13:48Z</time>
   </trkpt>
   <trkpt lat="41.3403160" lon="-106.3226310">
    <ele>3250.0</ele>
    <time>2026-10-04T15:13:49Z</time>
   </trkpt>
   <trkpt lat="41.3403180" lon="-106.3226140">
    <ele>3250.1</ele>
    <time>2026-10-04T15:13:50Z</time>
   </trkpt>
   <trkpt lat="41.3403230" lon="-106.3225990">
    <ele>3250.2</ele>
    <time>2026-10-04T15:13:51Z</time>
   </trkpt>
   <trkpt lat="41.3403260" lon="-106.3225820">
    <ele>3250.3</ele>
    <time>2026-10-04T15:13:52Z</time>
   </trkpt>
   <trkpt lat="41.3403380" lon="-106.3225760">
    <ele>3250.4</ele>
    <time>2026-10-04T15:13:53Z</time>
   </trkpt>
   <trkpt lat="41.3403460" lon="-106.3225670">
    <ele>3250.5</ele>
    <time>2026-10-04T15:13:54Z</time>
   </trkpt>
   <trkpt lat="41.3403510" lon="-106.3225510">
    <ele>3250.5</ele>
    <time>2026-10-04T15:13:55Z</time>
   </trkpt>
   <trkpt lat="41.3403600" lon="-106.3225320">
    <ele>3250.7</ele>
    <time>2026-10-04T15:13:56Z</time>
   </trkpt>
   <trkpt lat="41.3403670" lon="-106.3225130">
    <ele>3250.8</ele>
    <time>2026-10-04T15:13:57Z</time>
   </trkpt>
   <trkpt lat="41.3403720" lon="-106.3224930">
    <ele>3250.9</ele>
    <time>2026-10-04T15:13:58Z</time>
   </trkpt>
   <trkpt lat="41.3403790" lon="-106.3224790">
    <ele>3251.0</ele>
    <time>2026-10-04T15:13:59Z</time>
   </trkpt>
   <trkpt lat="41.3403860" lon="-106.3224680">
    <ele>3251.0</ele>
    <time>2026-10-04T15:14:00Z</time>
   </trkpt>
   <trkpt lat="41.3403980" lon="-106.3224560">
    <ele>3251.1</ele>
    <time>2026-10-04T15:14:01Z</time>
   </trkpt>
   <trkpt lat="41.3404040" lon="-106.3224400">
    <ele>3251.2</ele>
    <time>2026-10-04T15:14:02Z</time>
   </trkpt>
   <trkpt lat="41.3404150" lon="-106.3224310">
    <ele>3251.3</ele>
    <time>2026-10-04T15:14:03Z</time>
   </trkpt>
   <trkpt lat="41.3404170" lon="-106.3224090">
    <ele>3251.4</ele>
    <time>2026-10-04T15:14:04Z</time>
   </trkpt>
   <trkpt lat="41.3404200" lon="-106.3223990">
    <ele>3251.4</ele>
    <time>2026-10-04T15:14:05Z</time>
   </trkpt>
   <trkpt lat="41.3404250" lon="-106.3223770">
    <ele>3251.5</ele>
    <time>2026-10-04T15:14:06Z</time>
   </trkpt>
   <trkpt lat="41.3404290" lon="-106.3223560">
    <ele>3251.7</ele>
    <time>2026-10-04T15:14:07Z</time>
   </trkpt>
   <trkpt lat="41.3404310" lon="-106.3223370">
    <ele>3251.7</ele>
    <time>2026-10-04T15:14:08Z</time>
   </trkpt>
   <trkpt lat="41.3404370" lon="-106.3223230">
    <ele>3251.8</ele>
    <time>2026-10-04T15:14:09Z</time>
   </trkpt>
   <trkpt lat="41.3404450" lon="-106.3222980">
    <ele>3251.9</ele>
    <time>2026-10-04T15:14:10Z</time>
   </trkpt>
   <trkpt lat="41.3404660" lon="-106.3223030">
    <ele>3252.1</ele>
    <time>2026-10-04T15:14:11Z</time>
   </trkpt>
   <trkpt lat="41.3404750" lon="-106.3222920">
    <ele>3252.1</ele>
    <time>2026-10-04T15:14:12Z</time>
   </trkpt>
   <trkpt lat="41.3404730" lon="-106.3222800">
    <ele>3252.2</ele>
    <time>2026-10-04T15:14:13Z</time>
   </trkpt>
   <trkpt lat="41.3404810" lon="-106.3222640">
    <ele>3252.3</ele>
    <time>2026-10-04T15:14:14Z</time>
   </trkpt>
   <trkpt lat="41.3404990" lon="-106.3222390">
    <ele>3252.4</ele>
    <time>2026-10-04T15:14:15Z</time>
   </trkpt>
   <trkpt lat="41.3405060" lon="-106.3222300">
    <ele>3252.4</ele>
    <time>2026-10-04T15:14:16Z</time>
   </trkpt>
   <trkpt lat="41.3405240" lon="-106.3222140">
    <ele>3252.5</ele>
    <time>2026-10-04T15:14:17Z</time>
   </trkpt>
   <trkpt lat="41.3405360" lon="-106.3222100">
    <ele>3252.6</ele>
    <time>2026-10-04T15:14:18Z</time>
   </trkpt>
   <trkpt lat="41.3405440" lon="-106.3221980">
    <ele>3252.6</ele>
    <time>2026-10-04T15:14:19Z</time>
   </trkpt>
   <trkpt lat="41.3405540" lon="-106.3221810">
    <ele>3252.6</ele>
    <time>2026-10-04T15:14:20Z</time>
   </trkpt>
   <trkpt lat="41.3405650" lon="-106.3221670">
    <ele>3252.7</ele>
    <time>2026-10-04T15:14:21Z</time>
   </trkpt>
   <trkpt lat="41.3405820" lon="-106.3221640">
    <ele>3252.7</ele>
    <time>2026-10-04T15:14:22Z</time>
   </trkpt>
   <trkpt lat="41.3405970" lon="-106.3221440">
    <ele>3252.7</ele>
    <time>2026-10-04T15:14:23Z</time>
   </trkpt>
   <trkpt lat="41.3406080" lon="-106.3221290">
    <ele>3252.7</ele>
    <time>2026-10-04T15:14:24Z</time>
   </trkpt>
   <trkpt lat="41.3406260" lon="-106.3221290">
    <ele>3252.6</ele>
    <time>2026-10-04T15:14:25Z</time>
   </trkpt>
   <trkpt lat="41.3406470" lon="-106.3221180">
    <ele>3252.6</ele>
    <time>2026-10-04T15:14:26Z</time>
   </trkpt>
   <trkpt lat="41.3406520" lon="-106.3221100">
    <ele>3252.5</ele>
    <time>2026-10-04T15:14:27Z</time>
   </trkpt>
   <trkpt lat="41.3406680" lon="-106.3221040">
    <ele>3252.4</ele>
    <time>2026-10-04T15:14:28Z</time>
   </trkpt>
   <trkpt lat="41.3406790" lon="-106.3220990">
    <ele>3252.4</ele>
    <time>2026-10-04T15:14:29Z</time>
   </trkpt>
   <trkpt lat="41.3406980" lon="-106.3220920">
    <ele>3252.3</ele>
    <time>2026-10-04T15:14:30Z</time>
   </trkpt>
   <trkpt lat="41.3407280" lon="-106.3220840">
    <ele>3252.1</ele>
    <time>2026-10-04T15:14:31Z</time>
   </trkpt>
   <trkpt lat="41.3407500" lon="-106.3220720">
    <ele>3251.9</ele>
    <time>2026-10-04T15:14:32Z</time>
   </trkpt>
   <trkpt lat="41.3407800" lon="-106.3220640">
    <ele>3251.7</ele>
    <time>2026-10-04T15:14:33Z</time>
   </trkpt>
   <trkpt lat="41.3407990" lon="-106.3220520">
    <ele>3251.6</ele>
    <time>2026-10-04T15:14:34Z</time>
   </trkpt>
   <trkpt lat="41.3408050" lon="-106.3220120">
    <ele>3251.4</ele>
    <time>2026-10-04T15:14:35Z</time>
   </trkpt>
   <trkpt lat="41.3408240" lon="-106.3219890">
    <ele>3251.2</ele>
    <time>2026-10-04T15:14:36Z</time>
   </trkpt>
   <trkpt lat="41.3408440" lon="-106.3219770">
    <ele>3251.0</ele>
    <time>2026-10-04T15:14:37Z</time>
   </trkpt>
   <trkpt lat="41.3408670" lon="-106.3219740">
    <ele>3250.8</ele>
    <time>2026-10-04T15:14:38Z</time>
   </trkpt>
   <trkpt lat="41.3408870" lon="-106.3219550">
    <ele>3250.6</ele>
    <time>2026-10-04T15:14:39Z</time>
   </trkpt>
   <trkpt lat="41.3409030" lon="-106.3219300">
    <ele>3250.4</ele>
    <time>2026-10-04T15:14:40Z</time>
   </trkpt>
   <trkpt lat="41.3409220" lon="-106.3219220">
    <ele>3250.2</ele>
    <time>2026-10-04T15:14:41Z</time>
   </trkpt>
   <trkpt lat="41.3409460" lon="-106.3219110">
    <ele>3250.0</ele>
    <time>2026-10-04T15:14:42Z</time>
   </trkpt>
   <trkpt lat="41.3409750" lon="-106.3218960">
    <ele>3249.7</ele>
    <time>2026-10-04T15:14:43Z</time>
   </trkpt>
   <trkpt lat="41.3409800" lon="-106.3218580">
    <ele>3249.5</ele>
    <time>2026-10-04T15:14:44Z</time>
   </trkpt>
   <trkpt lat="41.3409930" lon="-106.3218440">
    <ele>3249.3</ele>
    <time>2026-10-04T15:14:45Z</time>
   </trkpt>
   <trkpt lat="41.3410170" lon="-106.3218340">
    <ele>3249.1</ele>
    <time>2026-10-04T15:14:46Z</time>
   </trkpt>
   <trkpt lat="41.3410360" lon="-106.3218210">
    <ele>3248.9</ele>
    <time>2026-10-04T15:14:47Z</time>
   </trkpt>
   <trkpt lat="41.3410580" lon="-106.3218140">
    <ele>3248.8</ele>
    <time>2026-10-04T15:14:49Z</time>
   </trkpt>
   <trkpt lat="41.3410770" lon="-106.3217800">
    <ele>3248.6</ele>
    <time>2026-10-04T15:14:50Z</time>
   </trkpt>
   <trkpt lat="41.3410890" lon="-106.3217570">
    <ele>3248.5</ele>
    <time>2026-10-04T15:14:51Z</time>
   </trkpt>
   <trkpt lat="41.3411070" lon="-106.3217270">
    <ele>3248.3</ele>
    <time>2026-10-04T15:14:52Z</time>
   </trkpt>
   <trkpt lat="41.3411200" lon="-106.3217010">
    <ele>3248.3</ele>
    <time>2026-10-04T15:14:53Z</time>
   </trkpt>
   <trkpt lat="41.3411300" lon="-106.3216730">
    <ele>3248.4</ele>
    <time>2026-10-04T15:14:54Z</time>
   </trkpt>
   <trkpt lat="41.3411480" lon="-106.3216800">
    <ele>3248.4</ele>
    <time>2026-10-04T15:14:55Z</time>
   </trkpt>
   <trkpt lat="41.3411780" lon="-106.3216680">
    <ele>3248.5</ele>
    <time>2026-10-04T15:14:56Z</time>
   </trkpt>
   <trkpt lat="41.3411980" lon="-106.3216630">
    <ele>3248.5</ele>
    <time>2026-10-04T15:14:57Z</time>
   </trkpt>
   <trkpt lat="41.3412220" lon="-106.3216520">
    <ele>3248.6</ele>
    <time>2026-10-04T15:14:58Z</time>
   </trkpt>
   <trkpt lat="41.3412500" lon="-106.3216490">
    <ele>3248.6</ele>
    <time>2026-10-04T15:14:59Z</time>
   </trkpt>
   <trkpt lat="41.3412610" lon="-106.3216300">
    <ele>3248.7</ele>
    <time>2026-10-04T15:15:00Z</time>
   </trkpt>
   <trkpt lat="41.3412790" lon="-106.3216130">
    <ele>3248.8</ele>
    <time>2026-10-04T15:15:01Z</time>
   </trkpt>
   <trkpt lat="41.3413020" lon="-106.3215940">
    <ele>3248.9</ele>
    <time>2026-10-04T15:15:02Z</time>
   </trkpt>
   <trkpt lat="41.3413240" lon="-106.3215730">
    <ele>3248.9</ele>
    <time>2026-10-04T15:15:03Z</time>
   </trkpt>
   <trkpt lat="41.3413420" lon="-106.3215580">
    <ele>3249.0</ele>
    <time>2026-10-04T15:15:04Z</time>
   </trkpt>
   <trkpt lat="41.3413660" lon="-106.3215580">
    <ele>3249.1</ele>
    <time>2026-10-04T15:15:05Z</time>
   </trkpt>
   <trkpt lat="41.3413860" lon="-106.3215440">
    <ele>3249.1</ele>
    <time>2026-10-04T15:15:06Z</time>
   </trkpt>
   <trkpt lat="41.3414260" lon="-106.3215230">
    <ele>3249.2</ele>
    <time>2026-10-04T15:15:07Z</time>
   </trkpt>
   <trkpt lat="41.3414450" lon="-106.3215060">
    <ele>3249.2</ele>
    <time>2026-10-04T15:15:08Z</time>
   </trkpt>
   <trkpt lat="41.3414680" lon="-106.3215140">
    <ele>3249.2</ele>
    <time>2026-10-04T15:15:09Z</time>
   </trkpt>
   <trkpt lat="41.3414960" lon="-106.3215030">
    <ele>3249.2</ele>
    <time>2026-10-04T15:15:10Z</time>
   </trkpt>
   <trkpt lat="41.3415180" lon="-106.3214920">
    <ele>3249.1</ele>
    <time>2026-10-04T15:15:11Z</time>
   </trkpt>
   <trkpt lat="41.3415360" lon="-106.3214880">
    <ele>3249.0</ele>
    <time>2026-10-04T15:15:12Z</time>
   </trkpt>
   <trkpt lat="41.3415690" lon="-106.3214760">
    <ele>3248.9</ele>
    <time>2026-10-04T15:15:13Z</time>
   </trkpt>
   <trkpt lat="41.3415900" lon="-106.3214700">
    <ele>3248.7</ele>
    <time>2026-10-04T15:15:14Z</time>
   </trkpt>
   <trkpt lat="41.3416150" lon="-106.3214850">
    <ele>3248.6</ele>
    <time>2026-10-04T15:15:15Z</time>
   </trkpt>
   <trkpt lat="41.3416360" lon="-106.3214600">
    <ele>3248.4</ele>
    <time>2026-10-04T15:15:16Z</time>
   </trkpt>
   <trkpt lat="41.3416530" lon="-106.3214330">
    <ele>3248.2</ele>
    <time>2026-10-04T15:15:17Z</time>
   </trkpt>
   <trkpt lat="41.3416690" lon="-106.3214230">
    <ele>3248.0</ele>
    <time>2026-10-04T15:15:18Z</time>
   </trkpt>
   <trkpt lat="41.3416890" lon="-106.3213910">
    <ele>3247.8</ele>
    <time>2026-10-04T15:15:19Z</time>
   </trkpt>
   <trkpt lat="41.3417070" lon="-106.3213690">
    <ele>3247.6</ele>
    <time>2026-10-04T15:15:20Z</time>
   </trkpt>
   <trkpt lat="41.3417220" lon="-106.3213600">
    <ele>3247.4</ele>
    <time>2026-10-04T15:15:21Z</time>
   </trkpt>
   <trkpt lat="41.3417450" lon="-106.3213640">
    <ele>3247.2</ele>
    <time>2026-10-04T15:15:22Z</time>
   </trkpt>
   <trkpt lat="41.3417650" lon="-106.3213630">
    <ele>3247.1</ele>
    <time>2026-10-04T15:15:23Z</time>
   </trkpt>
   <trkpt lat="41.3417870" lon="-106.3213640">
    <ele>3246.9</ele>
    <time>2026-10-04T15:15:24Z</time>
   </trkpt>
   <trkpt lat="41.3418120" lon="-106.3213650">
    <ele>3246.7</ele>
    <time>2026-10-04T15:15:25Z</time>
   </trkpt>
   <trkpt lat="41.3418370" lon="-106.3213860">
    <ele>3246.4</ele>
    <time>2026-10-04T15:15:26Z</time>
   </trkpt>
   <trkpt lat="41.3418490" lon="-106.3213910">
    <ele>3246.3</ele>
    <time>2026-10-04T15:15:27Z</time>
   </trkpt>
   <trkpt lat="41.3418740" lon="-106.3214050">
    <ele>3246.1</ele>
    <time>2026-10-04T15:15:28Z</time>
   </trkpt>
   <trkpt lat="41.3419070" lon="-106.3213990">
    <ele>3245.9</ele>
    <time>2026-10-04T15:15:29Z</time>
   </trkpt>
   <trkpt lat="41.3419280" lon="-106.3213850">
    <ele>3245.7</ele>
    <time>2026-10-04T15:15:30Z</time>
   </trkpt>
   <trkpt lat="41.3419490" lon="-106.3213670">
    <ele>3245.6</ele>
    <time>2026-10-04T15:15:31Z</time>
   </trkpt>
   <trkpt lat="41.3419630" lon="-106.3213470">
    <ele>3245.5</ele>
    <time>2026-10-04T15:15:32Z</time>
   </trkpt>
   <trkpt lat="41.3419800" lon="-106.3213480">
    <ele>3245.4</ele>
    <time>2026-10-04T15:15:33Z</time>
   </trkpt>
   <trkpt lat="41.3419990" lon="-106.3213390">
    <ele>3245.4</ele>
    <time>2026-10-04T15:15:34Z</time>
   </trkpt>
   <trkpt lat="41.3420300" lon="-106.3213350">
    <ele>3245.3</ele>
    <time>2026-10-04T15:15:35Z</time>
   </trkpt>
   <trkpt lat="41.3420480" lon="-106.3213240">
    <ele>3245.3</ele>
    <time>2026-10-04T15:15:36Z</time>
   </trkpt>
   <trkpt lat="41.3420690" lon="-106.3213010">
    <ele>3245.2</ele>
    <time>2026-10-04T15:15:37Z</time>
   </trkpt>
   <trkpt lat="41.3420910" lon="-106.3212980">
    <ele>3245.2</ele>
    <time>2026-10-04T15:15:38Z</time>
   </trkpt>
   <trkpt lat="41.3421040" lon="-106.3212850">
    <ele>3245.2</ele>
    <time>2026-10-04T15:15:39Z</time>
   </trkpt>
   <trkpt lat="41.3421140" lon="-106.3212870">
    <ele>3245.2</ele>
    <time>2026-10-04T15:15:40Z</time>
   </trkpt>
   <trkpt lat="41.3421350" lon="-106.3212840">
    <ele>3245.3</ele>
    <time>2026-10-04T15:15:41Z</time>
   </trkpt>
   <trkpt lat="41.3421560" lon="-106.3212810">
    <ele>3245.3</ele>
    <time>2026-10-04T15:15:42Z</time>
   </trkpt>
   <trkpt lat="41.3421800" lon="-106.3212800">
    <ele>3245.3</ele>
    <time>2026-10-04T15:15:43Z</time>
   </trkpt>
   <trkpt lat="41.3422060" lon="-106.3212880">
    <ele>3245.3</ele>
    <time>2026-10-04T15:15:44Z</time>
   </trkpt>
   <trkpt lat="41.3422280" lon="-106.3213200">
    <ele>3245.4</ele>
    <time>2026-10-04T15:15:45Z</time>
   </trkpt>
   <trkpt lat="41.3422490" lon="-106.3213590">
    <ele>3245.5</ele>
    <time>2026-10-04T15:15:46Z</time>
   </trkpt>
   <trkpt lat="41.3422490" lon="-106.3213590">
    <ele>3245.5</ele>
    <time>2026-10-04T15:15:47Z</time>
   </trkpt>
   <trkpt lat="41.3422490" lon="-106.3213590">
    <ele>3245.5</ele>
    <time>2026-10-04T15:17:01Z</time>
   </trkpt>
   <trkpt lat="41.3428020" lon="-106.3212190">
    <ele>3247.2</ele>
    <time>2026-10-04T15:17:02Z</time>
   </trkpt>
   <trkpt lat="41.3423470" lon="-106.3213900">
    <ele>3246.7</ele>
    <time>2026-10-04T15:17:04Z</time>
   </trkpt>
   <trkpt lat="41.3423530" lon="-106.3213690">
    <ele>3246.6</ele>
    <time>2026-10-04T15:17:05Z</time>
   </trkpt>
   <trkpt lat="41.3423640" lon="-106.3213520">
    <ele>3246.6</ele>
    <time>2026-10-04T15:17:07Z</time>
   </trkpt>
   <trkpt lat="41.3423760" lon="-106.3213410">
    <ele>3246.5</ele>
    <time>2026-10-04T15:17:08Z</time>
   </trkpt>
   <trkpt lat="41.3423950" lon="-106.3213350">
    <ele>3246.5</ele>
    <time>2026-10-04T15:17:09Z</time>
   </trkpt>
   <trkpt lat="41.3424150" lon="-106.3213230">
    <ele>3246.4</ele>
    <time>2026-10-04T15:17:10Z</time>
   </trkpt>
   <trkpt lat="41.3424350" lon="-106.3213110">
    <ele>3246.3</ele>
    <time>2026-10-04T15:17:11Z</time>
   </trkpt>
   <trkpt lat="41.3424530" lon="-106.3213010">
    <ele>3246.4</ele>
    <time>2026-10-04T15:17:12Z</time>
   </trkpt>
   <trkpt lat="41.3424720" lon="-106.3213000">
    <ele>3246.5</ele>
    <time>2026-10-04T15:17:13Z</time>
   </trkpt>
   <trkpt lat="41.3424900" lon="-106.3212940">
    <ele>3246.6</ele>
    <time>2026-10-04T15:17:14Z</time>
   </trkpt>
   <trkpt lat="41.3425090" lon="-106.3213000">
    <ele>3246.7</ele>
    <time>2026-10-04T15:17:15Z</time>
   </trkpt>
   <trkpt lat="41.3425310" lon="-106.3212970">
    <ele>3246.8</ele>
    <time>2026-10-04T15:17:16Z</time>
   </trkpt>
   <trkpt lat="41.3425490" lon="-106.3212920">
    <ele>3246.8</ele>
    <time>2026-10-04T15:17:17Z</time>
   </trkpt>
   <trkpt lat="41.3425600" lon="-106.3212860">
    <ele>3246.8</ele>
    <time>2026-10-04T15:17:18Z</time>
   </trkpt>
   <trkpt lat="41.3425850" lon="-106.3212870">
    <ele>3246.9</ele>
    <time>2026-10-04T15:17:19Z</time>
   </trkpt>
   <trkpt lat="41.3426240" lon="-106.3212910">
    <ele>3246.9</ele>
    <time>2026-10-04T15:17:20Z</time>
   </trkpt>
   <trkpt lat="41.3426380" lon="-106.3212890">
    <ele>3246.9</ele>
    <time>2026-10-04T15:17:21Z</time>
   </trkpt>
   <trkpt lat="41.3426470" lon="-106.3212880">
    <ele>3246.9</ele>
    <time>2026-10-04T15:17:22Z</time>
   </trkpt>
   <trkpt lat="41.3426430" lon="-106.3212910">
    <ele>3246.9</ele>
    <time>2026-10-04T15:17:23Z</time>
   </trkpt>
   <trkpt lat="41.3426540" lon="-106.3213070">
    <ele>3246.9</ele>
    <time>2026-10-04T15:17:24Z</time>
   </trkpt>
   <trkpt lat="41.3426780" lon="-106.3213220">
    <ele>3246.9</ele>
    <time>2026-10-04T15:17:25Z</time>
   </trkpt>
   <trkpt lat="41.3427000" lon="-106.3213310">
    <ele>3246.9</ele>
    <time>2026-10-04T15:17:26Z</time>
   </trkpt>
   <trkpt lat="41.3427250" lon="-106.3213290">
    <ele>3246.9</ele>
    <time>2026-10-04T15:17:27Z</time>
   </trkpt>
   <trkpt lat="41.3427530" lon="-106.3213420">
    <ele>3247.0</ele>
    <time>2026-10-04T15:17:28Z</time>
   </trkpt>
   <trkpt lat="41.3427820" lon="-106.3213600">
    <ele>3247.1</ele>
    <time>2026-10-04T15:17:29Z</time>
   </trkpt>
   <trkpt lat="41.3428280" lon="-106.3214070">
    <ele>3247.3</ele>
    <time>2026-10-04T15:17:30Z</time>
   </trkpt>
   <trkpt lat="41.3428530" lon="-106.3214150">
    <ele>3247.4</ele>
    <time>2026-10-04T15:17:31Z</time>
   </trkpt>
   <trkpt lat="41.3428780" lon="-106.3214170">
    <ele>3247.5</ele>
    <time>2026-10-04T15:17:32Z</time>
   </trkpt>
   <trkpt lat="41.3428440" lon="-106.3214150">
    <ele>3247.6</ele>
    <time>2026-10-04T15:17:33Z</time>
   </trkpt>
   <trkpt lat="41.3428670" lon="-106.3214190">
    <ele>3247.7</ele>
    <time>2026-10-04T15:17:34Z</time>
   </trkpt>
   <trkpt lat="41.3428900" lon="-106.3214000">
    <ele>3247.9</ele>
    <time>2026-10-04T15:17:35Z</time>
   </trkpt>
   <trkpt lat="41.3429090" lon="-106.3214010">
    <ele>3247.9</ele>
    <time>2026-10-04T15:17:36Z</time>
   </trkpt>
   <trkpt lat="41.3429360" lon="-106.3213890">
    <ele>3248.0</ele>
    <time>2026-10-04T15:17:37Z</time>
   </trkpt>
   <trkpt lat="41.3429510" lon="-106.3213870">
    <ele>3248.1</ele>
    <time>2026-10-04T15:17:38Z</time>
   </trkpt>
   <trkpt lat="41.3429710" lon="-106.3213890">
    <ele>3248.1</ele>
    <time>2026-10-04T15:17:39Z</time>
   </trkpt>
   <trkpt lat="41.3430020" lon="-106.3213870">
    <ele>3248.2</ele>
    <time>2026-10-04T15:17:40Z</time>
   </trkpt>
   <trkpt lat="41.3430330" lon="-106.3213950">
    <ele>3248.3</ele>
    <time>2026-10-04T15:17:41Z</time>
   </trkpt>
   <trkpt lat="41.3430480" lon="-106.3213850">
    <ele>3248.4</ele>
    <time>2026-10-04T15:17:42Z</time>
   </trkpt>
   <trkpt lat="41.3430560" lon="-106.3214150">
    <ele>3248.4</ele>
    <time>2026-10-04T15:17:43Z</time>
   </trkpt>
   <trkpt lat="41.3430690" lon="-106.3213790">
    <ele>3248.6</ele>
    <time>2026-10-04T15:17:44Z</time>
   </trkpt>
   <trkpt lat="41.3430890" lon="-106.3213540">
    <ele>3248.7</ele>
    <time>2026-10-04T15:17:45Z</time>
   </trkpt>
   <trkpt lat="41.3431230" lon="-106.3213620">
    <ele>3249.0</ele>
    <time>2026-10-04T15:17:46Z</time>
   </trkpt>
   <trkpt lat="41.3431450" lon="-106.3213270">
    <ele>3249.3</ele>
    <time>2026-10-04T15:17:47Z</time>
   </trkpt>
   <trkpt lat="41.3431630" lon="-106.3213300">
    <ele>3249.5</ele>
    <time>2026-10-04T15:17:48Z</time>
   </trkpt>
   <trkpt lat="41.3431890" lon="-106.3213320">
    <ele>3249.8</ele>
    <time>2026-10-04T15:17:49Z</time>
   </trkpt>
   <trkpt lat="41.3432180" lon="-106.3213160">
    <ele>3250.2</ele>
    <time>2026-10-04T15:17:50Z</time>
   </trkpt>
   <trkpt lat="41.3432450" lon="-106.3213100">
    <ele>3250.7</ele>
    <time>2026-10-04T15:17:51Z</time>
   </trkpt>
   <trkpt lat="41.3432700" lon="-106.3213300">
    <ele>3251.2</ele>
    <time>2026-10-04T15:17:52Z</time>
   </trkpt>
   <trkpt lat="41.3432840" lon="-106.3213310">
    <ele>3251.4</ele>
    <time>2026-10-04T15:17:53Z</time>
   </trkpt>
   <trkpt lat="41.3433080" lon="-106.3213540">
    <ele>3252.0</ele>
    <time>2026-10-04T15:17:54Z</time>
   </trkpt>
   <trkpt lat="41.3433240" lon="-106.3213370">
    <ele>3252.4</ele>
    <time>2026-10-04T15:17:55Z</time>
   </trkpt>
   <trkpt lat="41.3433470" lon="-106.3213320">
    <ele>3252.9</ele>
    <time>2026-10-04T15:17:56Z</time>
   </trkpt>
   <trkpt lat="41.3433670" lon="-106.3213000">
    <ele>3253.5</ele>
    <time>2026-10-04T15:17:57Z</time>
   </trkpt>
   <trkpt lat="41.3433770" lon="-106.3212700">
    <ele>3254.0</ele>
    <time>2026-10-04T15:17:58Z</time>
   </trkpt>
   <trkpt lat="41.3433930" lon="-106.3212830">
    <ele>3254.3</ele>
    <time>2026-10-04T15:17:59Z</time>
   </trkpt>
   <trkpt lat="41.3434060" lon="-106.3212860">
    <ele>3254.5</ele>
    <time>2026-10-04T15:18:00Z</time>
   </trkpt>
   <trkpt lat="41.3433960" lon="-106.3212310">
    <ele>3255.1</ele>
    <time>2026-10-04T15:18:01Z</time>
   </trkpt>
   <trkpt lat="41.3434000" lon="-106.3211960">
    <ele>3255.4</ele>
    <time>2026-10-04T15:18:02Z</time>
   </trkpt>
   <trkpt lat="41.3434060" lon="-106.3211690">
    <ele>3255.6</ele>
    <time>2026-10-04T15:18:03Z</time>
   </trkpt>
   <trkpt lat="41.3434190" lon="-106.3211690">
    <ele>3255.8</ele>
    <time>2026-10-04T15:18:04Z</time>
   </trkpt>
   <trkpt lat="41.3434250" lon="-106.3211470">
    <ele>3255.9</ele>
    <time>2026-10-04T15:18:05Z</time>
   </trkpt>
   <trkpt lat="41.3434370" lon="-106.3211230">
    <ele>3256.1</ele>
    <time>2026-10-04T15:18:06Z</time>
   </trkpt>
   <trkpt lat="41.3434450" lon="-106.3211360">
    <ele>3256.2</ele>
    <time>2026-10-04T15:18:07Z</time>
   </trkpt>
   <trkpt lat="41.3434570" lon="-106.3211280">
    <ele>3256.3</ele>
    <time>2026-10-04T15:18:08Z</time>
   </trkpt>
   <trkpt lat="41.3434540" lon="-106.3211170">
    <ele>3256.3</ele>
    <time>2026-10-04T15:18:09Z</time>
   </trkpt>
   <trkpt lat="41.3434560" lon="-106.3211070">
    <ele>3256.4</ele>
    <time>2026-10-04T15:18:10Z</time>
   </trkpt>
   <trkpt lat="41.3434600" lon="-106.3211180">
    <ele>3256.5</ele>
    <time>2026-10-04T15:18:11Z</time>
   </trkpt>
   <trkpt lat="41.3434680" lon="-106.3211170">
    <ele>3256.5</ele>
    <time>2026-10-04T15:18:12Z</time>
   </trkpt>
   <trkpt lat="41.3434810" lon="-106.3211370">
    <ele>3256.7</ele>
    <time>2026-10-04T15:18:13Z</time>
   </trkpt>
   <trkpt lat="41.3434860" lon="-106.3211150">
    <ele>3256.8</ele>
    <time>2026-10-04T15:18:14Z</time>
   </trkpt>
   <trkpt lat="41.3434960" lon="-106.3211210">
    <ele>3256.9</ele>
    <time>2026-10-04T15:18:15Z</time>
   </trkpt>
   <trkpt lat="41.3435130" lon="-106.3211250">
    <ele>3257.0</ele>
    <time>2026-10-04T15:18:16Z</time>
   </trkpt>
   <trkpt lat="41.3435220" lon="-106.3211280">
    <ele>3257.1</ele>
    <time>2026-10-04T15:18:17Z</time>
   </trkpt>
   <trkpt lat="41.3435360" lon="-106.3211380">
    <ele>3257.2</ele>
    <time>2026-10-04T15:18:18Z</time>
   </trkpt>
   <trkpt lat="41.3435550" lon="-106.3211550">
    <ele>3257.4</ele>
    <time>2026-10-04T15:18:19Z</time>
   </trkpt>
   <trkpt lat="41.3435690" lon="-106.3211490">
    <ele>3257.6</ele>
    <time>2026-10-04T15:18:20Z</time>
   </trkpt>
   <trkpt lat="41.3435840" lon="-106.3211450">
    <ele>3257.7</ele>
    <time>2026-10-04T15:18:21Z</time>
   </trkpt>
   <trkpt lat="41.3435980" lon="-106.3211490">
    <ele>3257.8</ele>
    <time>2026-10-04T15:18:22Z</time>
   </trkpt>
   <trkpt lat="41.3436370" lon="-106.3211350">
    <ele>3258.2</ele>
    <time>2026-10-04T15:18:23Z</time>
   </trkpt>
   <trkpt lat="41.3436450" lon="-106.3211480">
    <ele>3258.3</ele>
    <time>2026-10-04T15:18:24Z</time>
   </trkpt>
   <trkpt lat="41.3436660" lon="-106.3211610">
    <ele>3258.4</ele>
    <time>2026-10-04T15:18:25Z</time>
   </trkpt>
   <trkpt lat="41.3436790" lon="-106.3211420">
    <ele>3258.6</ele>
    <time>2026-10-04T15:18:26Z</time>
   </trkpt>
   <trkpt lat="41.3436900" lon="-106.3211160">
    <ele>3258.7</ele>
    <time>2026-10-04T15:18:27Z</time>
   </trkpt>
   <trkpt lat="41.3437100" lon="-106.3211000">
    <ele>3258.8</ele>
    <time>2026-10-04T15:18:28Z</time>
   </trkpt>
   <trkpt lat="41.3437330" lon="-106.3210860">
    <ele>3258.9</ele>
    <time>2026-10-04T15:18:29Z</time>
   </trkpt>
   <trkpt lat="41.3437610" lon="-106.3210730">
    <ele>3258.9</ele>
    <time>2026-10-04T15:18:30Z</time>
   </trkpt>
   <trkpt lat="41.3437720" lon="-106.3210500">
    <ele>3258.9</ele>
    <time>2026-10-04T15:18:31Z</time>
   </trkpt>
   <trkpt lat="41.3437840" lon="-106.3210340">
    <ele>3258.9</ele>
    <time>2026-10-04T15:18:32Z</time>
   </trkpt>
   <trkpt lat="41.3438080" lon="-106.3210480">
    <ele>3258.9</ele>
    <time>2026-10-04T15:18:33Z</time>
   </trkpt>
   <trkpt lat="41.3438340" lon="-106.3210460">
    <ele>3258.8</ele>
    <time>2026-10-04T15:18:34Z</time>
   </trkpt>
   <trkpt lat="41.3438360" lon="-106.3210550">
    <ele>3258.8</ele>
    <time>2026-10-04T15:18:35Z</time>
   </trkpt>
   <trkpt lat="41.3438480" lon="-106.3210550">
    <ele>3258.8</ele>
    <time>2026-10-04T15:18:36Z</time>
   </trkpt>
   <trkpt lat="41.3438650" lon="-106.3210840">
    <ele>3258.6</ele>
    <time>2026-10-04T15:18:37Z</time>
   </trkpt>
   <trkpt lat="41.3438780" lon="-106.3211020">
    <ele>3258.5</ele>
    <time>2026-10-04T15:18:38Z</time>
   </trkpt>
   <trkpt lat="41.3438950" lon="-106.3210980">
    <ele>3258.4</ele>
    <time>2026-10-04T15:18:39Z</time>
   </trkpt>
   <trkpt lat="41.3439100" lon="-106.3210740">
    <ele>3258.2</ele>
    <time>2026-10-04T15:18:40Z</time>
   </trkpt>
   <trkpt lat="41.3439190" lon="-106.3210690">
    <ele>3258.2</ele>
    <time>2026-10-04T15:18:41Z</time>
   </trkpt>
   <trkpt lat="41.3439320" lon="-106.3210600">
    <ele>3258.1</ele>
    <time>2026-10-04T15:18:42Z</time>
   </trkpt>
   <trkpt lat="41.3439470" lon="-106.3210370">
    <ele>3257.8</ele>
    <time>2026-10-04T15:18:43Z</time>
   </trkpt>
   <trkpt lat="41.3439670" lon="-106.3210390">
    <ele>3257.7</ele>
    <time>2026-10-04T15:18:44Z</time>
   </trkpt>
   <trkpt lat="41.3439730" lon="-106.3210250">
    <ele>3257.5</ele>
    <time>2026-10-04T15:18:45Z</time>
   </trkpt>
   <trkpt lat="41.3439860" lon="-106.3210200">
    <ele>3257.4</ele>
    <time>2026-10-04T15:18:46Z</time>
   </trkpt>
   <trkpt lat="41.3439980" lon="-106.3210070">
    <ele>3257.2</ele>
    <time>2026-10-04T15:18:47Z</time>
   </trkpt>
   <trkpt lat="41.3440160" lon="-106.3210020">
    <ele>3257.0</ele>
    <time>2026-10-04T15:18:48Z</time>
   </trkpt>
   <trkpt lat="41.3440470" lon="-106.3209880">
    <ele>3256.5</ele>
    <time>2026-10-04T15:18:49Z</time>
   </trkpt>
   <trkpt lat="41.3440490" lon="-106.3209660">
    <ele>3256.3</ele>
    <time>2026-10-04T15:18:50Z</time>
   </trkpt>
   <trkpt lat="41.3440710" lon="-106.3209700">
    <ele>3255.9</ele>
    <time>2026-10-04T15:18:51Z</time>
   </trkpt>
   <trkpt lat="41.3440870" lon="-106.3209630">
    <ele>3255.6</ele>
    <time>2026-10-04T15:18:52Z</time>
   </trkpt>
   <trkpt lat="41.3441000" lon="-106.3209420">
    <ele>3255.3</ele>
    <time>2026-10-04T15:18:53Z</time>
   </trkpt>
   <trkpt lat="41.3441150" lon="-106.3209270">
    <ele>3255.0</ele>
    <time>2026-10-04T15:18:54Z</time>
   </trkpt>
   <trkpt lat="41.3441340" lon="-106.3209240">
    <ele>3254.6</ele>
    <time>2026-10-04T15:18:55Z</time>
   </trkpt>
   <trkpt lat="41.3441510" lon="-106.3209200">
    <ele>3254.3</ele>
    <time>2026-10-04T15:18:56Z</time>
   </trkpt>
   <trkpt lat="41.3441660" lon="-106.3209200">
    <ele>3254.0</ele>
    <time>2026-10-04T15:18:57Z</time>
   </trkpt>
   <trkpt lat="41.3441790" lon="-106.3209100">
    <ele>3253.8</ele>
    <time>2026-10-04T15:18:58Z</time>
   </trkpt>
   <trkpt lat="41.3441970" lon="-106.3208980">
    <ele>3253.4</ele>
    <time>2026-10-04T15:18:59Z</time>
   </trkpt>
   <trkpt lat="41.3442030" lon="-106.3208660">
    <ele>3253.0</ele>
    <time>2026-10-04T15:19:00Z</time>
   </trkpt>
   <trkpt lat="41.3442160" lon="-106.3208480">
    <ele>3252.6</ele>
    <time>2026-10-04T15:19:01Z</time>
   </trkpt>
   <trkpt lat="41.3442280" lon="-106.3208390">
    <ele>3252.4</ele>
    <time>2026-10-04T15:19:02Z</time>
   </trkpt>
   <trkpt lat="41.3442350" lon="-106.3208190">
    <ele>3252.1</ele>
    <time>2026-10-04T15:19:03Z</time>
   </trkpt>
   <trkpt lat="41.3442450" lon="-106.3208130">
    <ele>3252.0</ele>
    <time>2026-10-04T15:19:04Z</time>
   </trkpt>
   <trkpt lat="41.3442680" lon="-106.3208080">
    <ele>3251.6</ele>
    <time>2026-10-04T15:19:05Z</time>
   </trkpt>
   <trkpt lat="41.3442880" lon="-106.3208180">
    <ele>3251.3</ele>
    <time>2026-10-04T15:19:06Z</time>
   </trkpt>
   <trkpt lat="41.3443020" lon="-106.3208070">
    <ele>3251.1</ele>
    <time>2026-10-04T15:19:07Z</time>
   </trkpt>
   <trkpt lat="41.3443150" lon="-106.3208050">
    <ele>3250.9</ele>
    <time>2026-10-04T15:19:08Z</time>
   </trkpt>
   <trkpt lat="41.3443390" lon="-106.3208090">
    <ele>3250.6</ele>
    <time>2026-10-04T15:19:09Z</time>
   </trkpt>
   <trkpt lat="41.3443540" lon="-106.3208000">
    <ele>3250.4</ele>
    <time>2026-10-04T15:19:10Z</time>
   </trkpt>
   <trkpt lat="41.3443670" lon="-106.3207850">
    <ele>3250.2</ele>
    <time>2026-10-04T15:19:11Z</time>
   </trkpt>
   <trkpt lat="41.3443830" lon="-106.3207830">
    <ele>3250.0</ele>
    <time>2026-10-04T15:19:13Z</time>
   </trkpt>
   <trkpt lat="41.3443970" lon="-106.3207810">
    <ele>3249.9</ele>
    <time>2026-10-04T15:19:14Z</time>
   </trkpt>
   <trkpt lat="41.3444120" lon="-106.3207570">
    <ele>3249.7</ele>
    <time>2026-10-04T15:19:15Z</time>
   </trkpt>
   <trkpt lat="41.3444390" lon="-106.3207570">
    <ele>3249.4</ele>
    <time>2026-10-04T15:19:16Z</time>
   </trkpt>
   <trkpt lat="41.3444520" lon="-106.3207430">
    <ele>3249.3</ele>
    <time>2026-10-04T15:19:17Z</time>
   </trkpt>
   <trkpt lat="41.3444660" lon="-106.3207180">
    <ele>3249.1</ele>
    <time>2026-10-04T15:19:18Z</time>
   </trkpt>
   <trkpt lat="41.3444920" lon="-106.3207190">
    <ele>3249.0</ele>
    <time>2026-10-04T15:19:19Z</time>
   </trkpt>
   <trkpt lat="41.3445100" lon="-106.3207090">
    <ele>3248.9</ele>
    <time>2026-10-04T15:19:20Z</time>
   </trkpt>
   <trkpt lat="41.3445240" lon="-106.3206910">
    <ele>3248.8</ele>
    <time>2026-10-04T15:19:21Z</time>
   </trkpt>
   <trkpt lat="41.3445330" lon="-106.3206570">
    <ele>3248.7</ele>
    <time>2026-10-04T15:19:22Z</time>
   </trkpt>
   <trkpt lat="41.3445460" lon="-106.3206360">
    <ele>3248.6</ele>
    <time>2026-10-04T15:19:23Z</time>
   </trkpt>
   <trkpt lat="41.3445620" lon="-106.3206280">
    <ele>3248.5</ele>
    <time>2026-10-04T15:19:24Z</time>
   </trkpt>
   <trkpt lat="41.3445930" lon="-106.3206180">
    <ele>3248.5</ele>
    <time>2026-10-04T15:19:25Z</time>
   </trkpt>
   <trkpt lat="41.3446190" lon="-106.3205980">
    <ele>3248.4</ele>
    <time>2026-10-04T15:19:26Z</time>
   </trkpt>
   <trkpt lat="41.3446290" lon="-106.3205660">
    <ele>3248.4</ele>
    <time>2026-10-04T15:19:27Z</time>
   </trkpt>
   <trkpt lat="41.3446480" lon="-106.3205360">
    <ele>3248.3</ele>
    <time>2026-10-04T15:19:28Z</time>
   </trkpt>
   <trkpt lat="41.3446670" lon="-106.3205170">
    <ele>3248.3</ele>
    <time>2026-10-04T15:19:29Z</time>
   </trkpt>
   <trkpt lat="41.3446750" lon="-106.3204790">
    <ele>3248.2</ele>
    <time>2026-10-04T15:19:30Z</time>
   </trkpt>
   <trkpt lat="41.3446970" lon="-106.3204620">
    <ele>3248.2</ele>
    <time>2026-10-04T15:19:31Z</time>
   </trkpt>
   <trkpt lat="41.3447090" lon="-106.3204370">
    <ele>3248.2</ele>
    <time>2026-10-04T15:19:32Z</time>
   </trkpt>
   <trkpt lat="41.3447320" lon="-106.3204160">
    <ele>3248.1</ele>
    <time>2026-10-04T15:19:33Z</time>
   </trkpt>
   <trkpt lat="41.3447740" lon="-106.3203840">
    <ele>3248.1</ele>
    <time>2026-10-04T15:19:34Z</time>
   </trkpt>
   <trkpt lat="41.3447950" lon="-106.3203650">
    <ele>3248.1</ele>
    <time>2026-10-04T15:19:35Z</time>
   </trkpt>
   <trkpt lat="41.3448120" lon="-106.3203470">
    <ele>3248.1</ele>
    <time>2026-10-04T15:19:36Z</time>
   </trkpt>
   <trkpt lat="41.3448290" lon="-106.3203270">
    <ele>3248.1</ele>
    <time>2026-10-04T15:19:37Z</time>
   </trkpt>
   <trkpt lat="41.3448450" lon="-106.3203050">
    <ele>3248.1</ele>
    <time>2026-10-04T15:19:38Z</time>
   </trkpt>
   <trkpt lat="41.3448610" lon="-106.3202790">
    <ele>3248.1</ele>
    <time>2026-10-04T15:19:39Z</time>
   </trkpt>
   <trkpt lat="41.3448740" lon="-106.3202450">
    <ele>3248.1</ele>
    <time>2026-10-04T15:19:40Z</time>
   </trkpt>
   <trkpt lat="41.3448880" lon="-106.3202150">
    <ele>3248.1</ele>
    <time>2026-10-04T15:19:41Z</time>
   </trkpt>
   <trkpt lat="41.3448950" lon="-106.3201860">
    <ele>3248.1</ele>
    <time>2026-10-04T15:19:42Z</time>
   </trkpt>
   <trkpt lat="41.3449040" lon="-106.3201620">
    <ele>3248.1</ele>
    <time>2026-10-04T15:19:43Z</time>
   </trkpt>
   <trkpt lat="41.3449240" lon="-106.3201370">
    <ele>3248.1</ele>
    <time>2026-10-04T15:19:44Z</time>
   </trkpt>
   <trkpt lat="41.3449260" lon="-106.3200930">
    <ele>3248.1</ele>
    <time>2026-10-04T15:19:45Z</time>
   </trkpt>
   <trkpt lat="41.3449430" lon="-106.3200710">
    <ele>3248.2</ele>
    <time>2026-10-04T15:19:46Z</time>
   </trkpt>
   <trkpt lat="41.3449530" lon="-106.3200380">
    <ele>3248.2</ele>
    <time>2026-10-04T15:19:47Z</time>
   </trkpt>
   <trkpt lat="41.3449560" lon="-106.3200000">
    <ele>3248.2</ele>
    <time>2026-10-04T15:19:48Z</time>
   </trkpt>
   <trkpt lat="41.3449650" lon="-106.3199810">
    <ele>3248.2</ele>
    <time>2026-10-04T15:19:49Z</time>
   </trkpt>
   <trkpt lat="41.3449740" lon="-106.3199550">
    <ele>3248.2</ele>
    <time>2026-10-04T15:19:50Z</time>
   </trkpt>
   <trkpt lat="41.3449860" lon="-106.3199220">
    <ele>3248.2</ele>
    <time>2026-10-04T15:19:51Z</time>
   </trkpt>
   <trkpt lat="41.3449950" lon="-106.3198880">
    <ele>3248.2</ele>
    <time>2026-10-04T15:19:52Z</time>
   </trkpt>
   <trkpt lat="41.3450060" lon="-106.3198660">
    <ele>3248.2</ele>
    <time>2026-10-04T15:19:53Z</time>
   </trkpt>
   <trkpt lat="41.3450090" lon="-106.3198370">
    <ele>3248.2</ele>
    <time>2026-10-04T15:19:54Z</time>
   </trkpt>
   <trkpt lat="41.3450070" lon="-106.3198060">
    <ele>3248.2</ele>
    <time>2026-10-04T15:19:55Z</time>
   </trkpt>
   <trkpt lat="41.3450120" lon="-106.3197850">
    <ele>3248.2</ele>
    <time>2026-10-04T15:19:56Z</time>
   </trkpt>
   <trkpt lat="41.3450110" lon="-106.3197540">
    <ele>3248.1</ele>
    <time>2026-10-04T15:19:57Z</time>
   </trkpt>
   <trkpt lat="41.3450210" lon="-106.3197180">
    <ele>3248.0</ele>
    <time>2026-10-04T15:19:58Z</time>
   </trkpt>
   <trkpt lat="41.3450200" lon="-106.3196840">
    <ele>3247.9</ele>
    <time>2026-10-04T15:19:59Z</time>
   </trkpt>
   <trkpt lat="41.3450200" lon="-106.3196590">
    <ele>3247.8</ele>
    <time>2026-10-04T15:20:00Z</time>
   </trkpt>
   <trkpt lat="41.3450100" lon="-106.3196320">
    <ele>3247.7</ele>
    <time>2026-10-04T15:20:01Z</time>
   </trkpt>
   <trkpt lat="41.3450060" lon="-106.3196040">
    <ele>3247.6</ele>
    <time>2026-10-04T15:20:02Z</time>
   </trkpt>
   <trkpt lat="41.3450010" lon="-106.3195750">
    <ele>3247.4</ele>
    <time>2026-10-04T15:20:03Z</time>
   </trkpt>
   <trkpt lat="41.3449930" lon="-106.3195350">
    <ele>3247.2</ele>
    <time>2026-10-04T15:20:04Z</time>
   </trkpt>
   <trkpt lat="41.3449830" lon="-106.3195010">
    <ele>3246.9</ele>
    <time>2026-10-04T15:20:05Z</time>
   </trkpt>
   <trkpt lat="41.3449810" lon="-106.3194800">
    <ele>3246.8</ele>
    <time>2026-10-04T15:20:06Z</time>
   </trkpt>
   <trkpt lat="41.3449780" lon="-106.3194460">
    <ele>3246.6</ele>
    <time>2026-10-04T15:20:07Z</time>
   </trkpt>
   <trkpt lat="41.3449750" lon="-106.3194290">
    <ele>3246.5</ele>
    <time>2026-10-04T15:20:08Z</time>
   </trkpt>
   <trkpt lat="41.3449850" lon="-106.3193960">
    <ele>3246.3</ele>
    <time>2026-10-04T15:20:09Z</time>
   </trkpt>
   <trkpt lat="41.3449720" lon="-106.3193740">
    <ele>3246.2</ele>
    <time>2026-10-04T15:20:10Z</time>
   </trkpt>
   <trkpt lat="41.3449810" lon="-106.3193220">
    <ele>3245.9</ele>
    <time>2026-10-04T15:20:11Z</time>
   </trkpt>
   <trkpt lat="41.3449840" lon="-106.3192900">
    <ele>3245.8</ele>
    <time>2026-10-04T15:20:12Z</time>
   </trkpt>
   <trkpt lat="41.3449920" lon="-106.3192630">
    <ele>3245.6</ele>
    <time>2026-10-04T15:20:13Z</time>
   </trkpt>
   <trkpt lat="41.3449960" lon="-106.3192220">
    <ele>3245.5</ele>
    <time>2026-10-04T15:20:14Z</time>
   </trkpt>
   <trkpt lat="41.3449960" lon="-106.3192000">
    <ele>3245.4</ele>
    <time>2026-10-04T15:20:15Z</time>
   </trkpt>
   <trkpt lat="41.3449890" lon="-106.3191680">
    <ele>3245.3</ele>
    <time>2026-10-04T15:20:16Z</time>
   </trkpt>
   <trkpt lat="41.3449840" lon="-106.3191360">
    <ele>3245.2</ele>
    <time>2026-10-04T15:20:17Z</time>
   </trkpt>
   <trkpt lat="41.3449810" lon="-106.3190960">
    <ele>3245.1</ele>
    <time>2026-10-04T15:20:18Z</time>
   </trkpt>
   <trkpt lat="41.3449820" lon="-106.3190630">
    <ele>3245.0</ele>
    <time>2026-10-04T15:20:19Z</time>
   </trkpt>
   <trkpt lat="41.3449920" lon="-106.3190290">
    <ele>3244.9</ele>
    <time>2026-10-04T15:20:20Z</time>
   </trkpt>
   <trkpt lat="41.3449910" lon="-106.3189960">
    <ele>3244.8</ele>
    <time>2026-10-04T15:20:21Z</time>
   </trkpt>
   <trkpt lat="41.3449930" lon="-106.3189620">
    <ele>3244.7</ele>
    <time>2026-10-04T15:20:22Z</time>
   </trkpt>
   <trkpt lat="41.3449980" lon="-106.3189320">
    <ele>3244.6</ele>
    <time>2026-10-04T15:20:23Z</time>
   </trkpt>
   <trkpt lat="41.3450110" lon="-106.3188990">
    <ele>3244.5</ele>
    <time>2026-10-04T15:20:24Z</time>
   </trkpt>
   <trkpt lat="41.3450260" lon="-106.3188670">
    <ele>3244.4</ele>
    <time>2026-10-04T15:20:25Z</time>
   </trkpt>
   <trkpt lat="41.3450470" lon="-106.3188500">
    <ele>3244.4</ele>
    <time>2026-10-04T15:20:26Z</time>
   </trkpt>
   <trkpt lat="41.3450690" lon="-106.3188390">
    <ele>3244.3</ele>
    <time>2026-10-04T15:20:27Z</time>
   </trkpt>
   <trkpt lat="41.3450910" lon="-106.3188230">
    <ele>3244.2</ele>
    <time>2026-10-04T15:20:28Z</time>
   </trkpt>
   <trkpt lat="41.3451080" lon="-106.3187980">
    <ele>3244.2</ele>
    <time>2026-10-04T15:20:29Z</time>
   </trkpt>
   <trkpt lat="41.3451300" lon="-106.3187740">
    <ele>3244.2</ele>
    <time>2026-10-04T15:20:30Z</time>
   </trkpt>
   <trkpt lat="41.3451330" lon="-106.3187370">
    <ele>3244.2</ele>
    <time>2026-10-04T15:20:31Z</time>
   </trkpt>
   <trkpt lat="41.3451460" lon="-106.3187030">
    <ele>3244.2</ele>
    <time>2026-10-04T15:20:32Z</time>
   </trkpt>
   <trkpt lat="41.3451600" lon="-106.3186610">
    <ele>3244.2</ele>
    <time>2026-10-04T15:20:33Z</time>
   </trkpt>
   <trkpt lat="41.3451690" lon="-106.3186370">
    <ele>3244.2</ele>
    <time>2026-10-04T15:20:34Z</time>
   </trkpt>
   <trkpt lat="41.3451850" lon="-106.3186070">
    <ele>3244.3</ele>
    <time>2026-10-04T15:20:35Z</time>
   </trkpt>
   <trkpt lat="41.3451870" lon="-106.3185760">
    <ele>3244.3</ele>
    <time>2026-10-04T15:20:36Z</time>
   </trkpt>
   <trkpt lat="41.3452030" lon="-106.3185500">
    <ele>3244.3</ele>
    <time>2026-10-04T15:20:37Z</time>
   </trkpt>
   <trkpt lat="41.3452180" lon="-106.3185200">
    <ele>3244.3</ele>
    <time>2026-10-04T15:20:38Z</time>
   </trkpt>
   <trkpt lat="41.3452280" lon="-106.3185080">
    <ele>3244.4</ele>
    <time>2026-10-04T15:20:39Z</time>
   </trkpt>
   <trkpt lat="41.3452520" lon="-106.3185000">
    <ele>3244.4</ele>
    <time>2026-10-04T15:20:40Z</time>
   </trkpt>
   <trkpt lat="41.3452690" lon="-106.3184730">
    <ele>3244.5</ele>
    <time>2026-10-04T15:20:41Z</time>
   </trkpt>
   <trkpt lat="41.3452880" lon="-106.3184530">
    <ele>3244.5</ele>
    <time>2026-10-04T15:20:42Z</time>
   </trkpt>
   <trkpt lat="41.3453130" lon="-106.3184280">
    <ele>3244.7</ele>
    <time>2026-10-04T15:20:43Z</time>
   </trkpt>
   <trkpt lat="41.3453370" lon="-106.3184250">
    <ele>3244.8</ele>
    <time>2026-10-04T15:20:44Z</time>
   </trkpt>
   <trkpt lat="41.3453570" lon="-106.3184160">
    <ele>3244.9</ele>
    <time>2026-10-04T15:20:45Z</time>
   </trkpt>
   <trkpt lat="41.3453860" lon="-106.3184090">
    <ele>3245.0</ele>
    <time>2026-10-04T15:20:46Z</time>
   </trkpt>
   <trkpt lat="41.3453960" lon="-106.3183890">
    <ele>3245.1</ele>
    <time>2026-10-04T15:20:47Z</time>
   </trkpt>
   <trkpt lat="41.3454220" lon="-106.3183840">
    <ele>3245.3</ele>
    <time>2026-10-04T15:20:48Z</time>
   </trkpt>
   <trkpt lat="41.3454490" lon="-106.3183720">
    <ele>3245.5</ele>
    <time>2026-10-04T15:20:49Z</time>
   </trkpt>
   <trkpt lat="41.3454700" lon="-106.3183570">
    <ele>3245.7</ele>
    <time>2026-10-04T15:20:50Z</time>
   </trkpt>
   <trkpt lat="41.3454930" lon="-106.3183490">
    <ele>3245.9</ele>
    <time>2026-10-04T15:20:51Z</time>
   </trkpt>
   <trkpt lat="41.3455080" lon="-106.3183410">
    <ele>3246.0</ele>
    <time>2026-10-04T15:20:52Z</time>
   </trkpt>
   <trkpt lat="41.3455220" lon="-106.3183530">
    <ele>3246.2</ele>
    <time>2026-10-04T15:20:53Z</time>
   </trkpt>
   <trkpt lat="41.3455500" lon="-106.3183580">
    <ele>3246.4</ele>
    <time>2026-10-04T15:20:54Z</time>
   </trkpt>
   <trkpt lat="41.3455640" lon="-106.3183400">
    <ele>3246.6</ele>
    <time>2026-10-04T15:20:55Z</time>
   </trkpt>
   <trkpt lat="41.3455790" lon="-106.3183240">
    <ele>3246.8</ele>
    <time>2026-10-04T15:20:56Z</time>
   </trkpt>
   <trkpt lat="41.3456080" lon="-106.3183150">
    <ele>3247.2</ele>
    <time>2026-10-04T15:20:57Z</time>
   </trkpt>
   <trkpt lat="41.3456250" lon="-106.3182940">
    <ele>3247.5</ele>
    <time>2026-10-04T15:20:58Z</time>
   </trkpt>
   <trkpt lat="41.3456350" lon="-106.3182760">
    <ele>3247.7</ele>
    <time>2026-10-04T15:20:59Z</time>
   </trkpt>
   <trkpt lat="41.3456620" lon="-106.3182740">
    <ele>3248.1</ele>
    <time>2026-10-04T15:21:00Z</time>
   </trkpt>
   <trkpt lat="41.3456750" lon="-106.3182590">
    <ele>3248.3</ele>
    <time>2026-10-04T15:21:01Z</time>
   </trkpt>
   <trkpt lat="41.3456780" lon="-106.3182520">
    <ele>3248.4</ele>
    <time>2026-10-04T15:21:02Z</time>
   </trkpt>
   <trkpt lat="41.3456960" lon="-106.3182460">
    <ele>3248.6</ele>
    <time>2026-10-04T15:21:03Z</time>
   </trkpt>
   <trkpt lat="41.3457000" lon="-106.3182450">
    <ele>3248.7</ele>
    <time>2026-10-04T15:21:04Z</time>
   </trkpt>
   <trkpt lat="41.3456950" lon="-106.3181990">
    <ele>3249.2</ele>
    <time>2026-10-04T15:21:05Z</time>
   </trkpt>
   <trkpt lat="41.3456800" lon="-106.3181580">
    <ele>3249.6</ele>
    <time>2026-10-04T15:21:06Z</time>
   </trkpt>
   <trkpt lat="41.3456690" lon="-106.3181300">
    <ele>3249.8</ele>
    <time>2026-10-04T15:21:07Z</time>
   </trkpt>
   <trkpt lat="41.3456560" lon="-106.3181000">
    <ele>3250.0</ele>
    <time>2026-10-04T15:21:08Z</time>
   </trkpt>
   <trkpt lat="41.3456640" lon="-106.3180670">
    <ele>3250.2</ele>
    <time>2026-10-04T15:21:09Z</time>
   </trkpt>
   <trkpt lat="41.3456670" lon="-106.3180510">
    <ele>3250.2</ele>
    <time>2026-10-04T15:21:10Z</time>
   </trkpt>
   <trkpt lat="41.3456610" lon="-106.3180590">
    <ele>3250.3</ele>
    <time>2026-10-04T15:21:11Z</time>
   </trkpt>
   <trkpt lat="41.3456540" lon="-106.3180460">
    <ele>3250.3</ele>
    <time>2026-10-04T15:21:12Z</time>
   </trkpt>
   <trkpt lat="41.3456510" lon="-106.3180450">
    <ele>3250.3</ele>
    <time>2026-10-04T15:21:13Z</time>
   </trkpt>
   <trkpt lat="41.3456510" lon="-106.3180480">
    <ele>3250.3</ele>
    <time>2026-10-04T15:21:14Z</time>
   </trkpt>
   <trkpt lat="41.3456520" lon="-106.3180460">
    <ele>3250.3</ele>
    <time>2026-10-04T15:21:15Z</time>
   </trkpt>
   <trkpt lat="41.3456490" lon="-106.3180500">
    <ele>3250.3</ele>
    <time>2026-10-04T15:21:16Z</time>
   </trkpt>
   <trkpt lat="41.3456660" lon="-106.3180280">
    <ele>3250.3</ele>
    <time>2026-10-04T15:21:17Z</time>
   </trkpt>
   <trkpt lat="41.3456770" lon="-106.3180130">
    <ele>3250.3</ele>
    <time>2026-10-04T15:21:19Z</time>
   </trkpt>
   <trkpt lat="41.3456880" lon="-106.3180020">
    <ele>3250.3</ele>
    <time>2026-10-04T15:21:20Z</time>
   </trkpt>
   <trkpt lat="41.3456980" lon="-106.3180150">
    <ele>3250.3</ele>
    <time>2026-10-04T15:21:21Z</time>
   </trkpt>
   <trkpt lat="41.3457220" lon="-106.3180240">
    <ele>3250.3</ele>
    <time>2026-10-04T15:21:22Z</time>
   </trkpt>
   <trkpt lat="41.3457290" lon="-106.3180150">
    <ele>3250.3</ele>
    <time>2026-10-04T15:21:23Z</time>
   </trkpt>
   <trkpt lat="41.3457460" lon="-106.3180100">
    <ele>3250.3</ele>
    <time>2026-10-04T15:21:24Z</time>
   </trkpt>
   <trkpt lat="41.3457640" lon="-106.3180100">
    <ele>3250.2</ele>
    <time>2026-10-04T15:21:25Z</time>
   </trkpt>
   <trkpt lat="41.3457850" lon="-106.3180150">
    <ele>3250.2</ele>
    <time>2026-10-04T15:21:26Z</time>
   </trkpt>
   <trkpt lat="41.3457960" lon="-106.3180180">
    <ele>3250.2</ele>
    <time>2026-10-04T15:21:27Z</time>
   </trkpt>
   <trkpt lat="41.3458120" lon="-106.3180150">
    <ele>3250.2</ele>
    <time>2026-10-04T15:21:28Z</time>
   </trkpt>
   <trkpt lat="41.3458220" lon="-106.3180080">
    <ele>3250.2</ele>
    <time>2026-10-04T15:21:29Z</time>
   </trkpt>
   <trkpt lat="41.3458420" lon="-106.3180080">
    <ele>3250.3</ele>
    <time>2026-10-04T15:21:30Z</time>
   </trkpt>
   <trkpt lat="41.3458600" lon="-106.3180130">
    <ele>3250.3</ele>
    <time>2026-10-04T15:21:31Z</time>
   </trkpt>
   <trkpt lat="41.3458760" lon="-106.3180300">
    <ele>3250.4</ele>
    <time>2026-10-04T15:21:32Z</time>
   </trkpt>
   <trkpt lat="41.3458840" lon="-106.3180430">
    <ele>3250.5</ele>
    <time>2026-10-04T15:21:33Z</time>
   </trkpt>
   <trkpt lat="41.3458930" lon="-106.3180600">
    <ele>3250.6</ele>
    <time>2026-10-04T15:21:34Z</time>
   </trkpt>
   <trkpt lat="41.3459060" lon="-106.3180700">
    <ele>3250.7</ele>
    <time>2026-10-04T15:21:35Z</time>
   </trkpt>
   <trkpt lat="41.3459210" lon="-106.3180830">
    <ele>3250.8</ele>
    <time>2026-10-04T15:21:36Z</time>
   </trkpt>
   <trkpt lat="41.3459540" lon="-106.3180950">
    <ele>3251.2</ele>
    <time>2026-10-04T15:21:37Z</time>
   </trkpt>
   <trkpt lat="41.3459570" lon="-106.3181000">
    <ele>3251.2</ele>
    <time>2026-10-04T15:21:38Z</time>
   </trkpt>
   <trkpt lat="41.3459620" lon="-106.3181340">
    <ele>3251.5</ele>
    <time>2026-10-04T15:21:39Z</time>
   </trkpt>
   <trkpt lat="41.3459590" lon="-106.3181450">
    <ele>3251.6</ele>
    <time>2026-10-04T15:21:40Z</time>
   </trkpt>
   <trkpt lat="41.3459760" lon="-106.3181620">
    <ele>3251.9</ele>
    <time>2026-10-04T15:21:41Z</time>
   </trkpt>
   <trkpt lat="41.3459870" lon="-106.3181810">
    <ele>3252.2</ele>
    <time>2026-10-04T15:21:42Z</time>
   </trkpt>
   <trkpt lat="41.3459930" lon="-106.3181790">
    <ele>3252.3</ele>
    <time>2026-10-04T15:21:43Z</time>
   </trkpt>
   <trkpt lat="41.3460040" lon="-106.3181730">
    <ele>3252.4</ele>
    <time>2026-10-04T15:21:44Z</time>
   </trkpt>
   <trkpt lat="41.3460220" lon="-106.3181680">
    <ele>3252.7</ele>
    <time>2026-10-04T15:21:45Z</time>
   </trkpt>
   <trkpt lat="41.3460310" lon="-106.3181660">
    <ele>3252.9</ele>
    <time>2026-10-04T15:21:46Z</time>
   </trkpt>
   <trkpt lat="41.3460440" lon="-106.3181580">
    <ele>3253.1</ele>
    <time>2026-10-04T15:21:47Z</time>
   </trkpt>
   <trkpt lat="41.3460510" lon="-106.3181540">
    <ele>3253.2</ele>
    <time>2026-10-04T15:21:48Z</time>
   </trkpt>
   <trkpt lat="41.3460640" lon="-106.3181490">
    <ele>3253.4</ele>
    <time>2026-10-04T15:21:49Z</time>
   </trkpt>
   <trkpt lat="41.3460800" lon="-106.3181400">
    <ele>3253.7</ele>
    <time>2026-10-04T15:21:50Z</time>
   </trkpt>
   <trkpt lat="41.3460880" lon="-106.3181310">
    <ele>3253.8</ele>
    <time>2026-10-04T15:21:51Z</time>
   </trkpt>
   <trkpt lat="41.3461080" lon="-106.3181150">
    <ele>3254.2</ele>
    <time>2026-10-04T15:21:52Z</time>
   </trkpt>
   <trkpt lat="41.3461130" lon="-106.3181040">
    <ele>3254.4</ele>
    <time>2026-10-04T15:21:53Z</time>
   </trkpt>
   <trkpt lat="41.3461240" lon="-106.3180790">
    <ele>3254.7</ele>
    <time>2026-10-04T15:21:54Z</time>
   </trkpt>
   <trkpt lat="41.3461460" lon="-106.3180750">
    <ele>3255.0</ele>
    <time>2026-10-04T15:21:55Z</time>
   </trkpt>
   <trkpt lat="41.3461650" lon="-106.3180710">
    <ele>3255.3</ele>
    <time>2026-10-04T15:21:56Z</time>
   </trkpt>
   <trkpt lat="41.3461840" lon="-106.3180820">
    <ele>3255.6</ele>
    <time>2026-10-04T15:21:57Z</time>
   </trkpt>
   <trkpt lat="41.3461980" lon="-106.3180750">
    <ele>3255.8</ele>
    <time>2026-10-04T15:21:58Z</time>
   </trkpt>
   <trkpt lat="41.3462150" lon="-106.3180690">
    <ele>3256.1</ele>
    <time>2026-10-04T15:21:59Z</time>
   </trkpt>
   <trkpt lat="41.3462260" lon="-106.3180720">
    <ele>3256.2</ele>
    <time>2026-10-04T15:22:00Z</time>
   </trkpt>
   <trkpt lat="41.3462390" lon="-106.3180860">
    <ele>3256.4</ele>
    <time>2026-10-04T15:22:01Z</time>
   </trkpt>
   <trkpt lat="41.3462510" lon="-106.3180860">
    <ele>3256.6</ele>
    <time>2026-10-04T15:22:02Z</time>
   </trkpt>
   <trkpt lat="41.3462640" lon="-106.3180940">
    <ele>3256.8</ele>
    <time>2026-10-04T15:22:03Z</time>
   </trkpt>
   <trkpt lat="41.3462770" lon="-106.3181040">
    <ele>3257.0</ele>
    <time>2026-10-04T15:22:04Z</time>
   </trkpt>
   <trkpt lat="41.3462940" lon="-106.3181080">
    <ele>3257.2</ele>
    <time>2026-10-04T15:22:05Z</time>
   </trkpt>
   <trkpt lat="41.3463100" lon="-106.3180990">
    <ele>3257.3</ele>
    <time>2026-10-04T15:22:06Z</time>
   </trkpt>
   <trkpt lat="41.3463200" lon="-106.3180840">
    <ele>3257.5</ele>
    <time>2026-10-04T15:22:07Z</time>
   </trkpt>
   <trkpt lat="41.3463250" lon="-106.3180640">
    <ele>3257.7</ele>
    <time>2026-10-04T15:22:08Z</time>
   </trkpt>
   <trkpt lat="41.3463230" lon="-106.3180540">
    <ele>3257.7</ele>
    <time>2026-10-04T15:22:09Z</time>
   </trkpt>
   <trkpt lat="41.3463260" lon="-106.3180550">
    <ele>3257.8</ele>
    <time>2026-10-04T15:22:10Z</time>
   </trkpt>
   <trkpt lat="41.3463410" lon="-106.3180390">
    <ele>3257.9</ele>
    <time>2026-10-04T15:22:11Z</time>
   </trkpt>
   <trkpt lat="41.3463450" lon="-106.3180260">
    <ele>3258.0</ele>
    <time>2026-10-04T15:22:12Z</time>
   </trkpt>
   <trkpt lat="41.3463530" lon="-106.3180170">
    <ele>3258.1</ele>
    <time>2026-10-04T15:22:13Z</time>
   </trkpt>
   <trkpt lat="41.3463640" lon="-106.3180100">
    <ele>3258.2</ele>
    <time>2026-10-04T15:22:14Z</time>
   </trkpt>
   <trkpt lat="41.3463740" lon="-106.3180020">
    <ele>3258.3</ele>
    <time>2026-10-04T15:22:15Z</time>
   </trkpt>
   <trkpt lat="41.3463830" lon="-106.3179980">
    <ele>3258.4</ele>
    <time>2026-10-04T15:22:16Z</time>
   </trkpt>
   <trkpt lat="41.3463990" lon="-106.3179810">
    <ele>3258.6</ele>
    <time>2026-10-04T15:22:17Z</time>
   </trkpt>
   <trkpt lat="41.3464130" lon="-106.3179920">
    <ele>3258.7</ele>
    <time>2026-10-04T15:22:18Z</time>
   </trkpt>
   <trkpt lat="41.3464220" lon="-106.3179870">
    <ele>3258.8</ele>
    <time>2026-10-04T15:22:19Z</time>
   </trkpt>
   <trkpt lat="41.3464270" lon="-106.3179910">
    <ele>3258.8</ele>
    <time>2026-10-04T15:22:20Z</time>
   </trkpt>
   <trkpt lat="41.3464400" lon="-106.3179950">
    <ele>3258.9</ele>
    <time>2026-10-04T15:22:21Z</time>
   </trkpt>
   <trkpt lat="41.3464440" lon="-106.3180030">
    <ele>3259.0</ele>
    <time>2026-10-04T15:22:22Z</time>
   </trkpt>
   <trkpt lat="41.3464670" lon="-106.3180070">
    <ele>3259.2</ele>
    <time>2026-10-04T15:22:23Z</time>
   </trkpt>
   <trkpt lat="41.3464710" lon="-106.3180020">
    <ele>3259.2</ele>
    <time>2026-10-04T15:22:24Z</time>
   </trkpt>
   <trkpt lat="41.3464720" lon="-106.3179840">
    <ele>3259.3</ele>
    <time>2026-10-04T15:22:25Z</time>
   </trkpt>
   <trkpt lat="41.3464790" lon="-106.3179720">
    <ele>3259.4</ele>
    <time>2026-10-04T15:22:26Z</time>
   </trkpt>
   <trkpt lat="41.3464870" lon="-106.3179640">
    <ele>3259.5</ele>
    <time>2026-10-04T15:22:27Z</time>
   </trkpt>
   <trkpt lat="41.3464990" lon="-106.3179540">
    <ele>3259.6</ele>
    <time>2026-10-04T15:22:28Z</time>
   </trkpt>
   <trkpt lat="41.3465130" lon="-106.3179400">
    <ele>3259.7</ele>
    <time>2026-10-04T15:22:29Z</time>
   </trkpt>
   <trkpt lat="41.3465200" lon="-106.3179330">
    <ele>3259.8</ele>
    <time>2026-10-04T15:22:30Z</time>
   </trkpt>
   <trkpt lat="41.3465280" lon="-106.3179280">
    <ele>3259.9</ele>
    <time>2026-10-04T15:22:31Z</time>
   </trkpt>
   <trkpt lat="41.3465370" lon="-106.3179120">
    <ele>3260.0</ele>
    <time>2026-10-04T15:22:32Z</time>
   </trkpt>
   <trkpt lat="41.3465390" lon="-106.3179230">
    <ele>3260.1</ele>
    <time>2026-10-04T15:22:33Z</time>
   </trkpt>
   <trkpt lat="41.3465430" lon="-106.3179160">
    <ele>3260.1</ele>
    <time>2026-10-04T15:22:34Z</time>
   </trkpt>
   <trkpt lat="41.3465640" lon="-106.3178990">
    <ele>3260.3</ele>
    <time>2026-10-04T15:22:35Z</time>
   </trkpt>
   <trkpt lat="41.3465780" lon="-106.3178830">
    <ele>3260.4</ele>
    <time>2026-10-04T15:22:36Z</time>
   </trkpt>
   <trkpt lat="41.3465930" lon="-106.3178700">
    <ele>3260.6</ele>
    <time>2026-10-04T15:22:37Z</time>
   </trkpt>
   <trkpt lat="41.3465980" lon="-106.3178530">
    <ele>3260.7</ele>
    <time>2026-10-04T15:22:38Z</time>
   </trkpt>
   <trkpt lat="41.3466180" lon="-106.3178340">
    <ele>3260.9</ele>
    <time>2026-10-04T15:22:39Z</time>
   </trkpt>
   <trkpt lat="41.3466340" lon="-106.3178200">
    <ele>3261.1</ele>
    <time>2026-10-04T15:22:40Z</time>
   </trkpt>
   <trkpt lat="41.3466500" lon="-106.3178040">
    <ele>3261.3</ele>
    <time>2026-10-04T15:22:41Z</time>
   </trkpt>
   <trkpt lat="41.3466590" lon="-106.3177980">
    <ele>3261.4</ele>
    <time>2026-10-04T15:22:42Z</time>
   </trkpt>
   <trkpt lat="41.3466650" lon="-106.3177840">
    <ele>3261.5</ele>
    <time>2026-10-04T15:22:43Z</time>
   </trkpt>
   <trkpt lat="41.3466770" lon="-106.3177750">
    <ele>3261.7</ele>
    <time>2026-10-04T15:22:44Z</time>
   </trkpt>
   <trkpt lat="41.3466860" lon="-106.3177560">
    <ele>3261.8</ele>
    <time>2026-10-04T15:22:45Z</time>
   </trkpt>
   <trkpt lat="41.3466920" lon="-106.3177510">
    <ele>3261.9</ele>
    <time>2026-10-04T15:22:46Z</time>
   </trkpt>
   <trkpt lat="41.3467040" lon="-106.3177400">
    <ele>3262.0</ele>
    <time>2026-10-04T15:22:47Z</time>
   </trkpt>
   <trkpt lat="41.3467130" lon="-106.3177340">
    <ele>3262.1</ele>
    <time>2026-10-04T15:22:48Z</time>
   </trkpt>
   <trkpt lat="41.3467220" lon="-106.3177350">
    <ele>3262.2</ele>
    <time>2026-10-04T15:22:49Z</time>
   </trkpt>
   <trkpt lat="41.3467250" lon="-106.3177270">
    <ele>3262.2</ele>
    <time>2026-10-04T15:22:50Z</time>
   </trkpt>
   <trkpt lat="41.3467330" lon="-106.3177280">
    <ele>3262.3</ele>
    <time>2026-10-04T15:22:51Z</time>
   </trkpt>
   <trkpt lat="41.3467530" lon="-106.3177290">
    <ele>3262.4</ele>
    <time>2026-10-04T15:22:52Z</time>
   </trkpt>
   <trkpt lat="41.3467700" lon="-106.3177560">
    <ele>3262.6</ele>
    <time>2026-10-04T15:22:53Z</time>
   </trkpt>
   <trkpt lat="41.3467790" lon="-106.3177700">
    <ele>3262.7</ele>
    <time>2026-10-04T15:22:54Z</time>
   </trkpt>
   <trkpt lat="41.3467900" lon="-106.3177860">
    <ele>3262.8</ele>
    <time>2026-10-04T15:22:55Z</time>
   </trkpt>
   <trkpt lat="41.3468030" lon="-106.3177950">
    <ele>3262.9</ele>
    <time>2026-10-04T15:22:56Z</time>
   </trkpt>
   <trkpt lat="41.3468190" lon="-106.3178090">
    <ele>3263.0</ele>
    <time>2026-10-04T15:22:57Z</time>
   </trkpt>
   <trkpt lat="41.3468320" lon="-106.3178230">
    <ele>3263.1</ele>
    <time>2026-10-04T15:22:58Z</time>
   </trkpt>
   <trkpt lat="41.3468430" lon="-106.3178380">
    <ele>3263.2</ele>
    <time>2026-10-04T15:22:59Z</time>
   </trkpt>
   <trkpt lat="41.3468570" lon="-106.3178480">
    <ele>3263.2</ele>
    <time>2026-10-04T15:23:00Z</time>
   </trkpt>
   <trkpt lat="41.3468710" lon="-106.3178580">
    <ele>3263.3</ele>
    <time>2026-10-04T15:23:01Z</time>
   </trkpt>
   <trkpt lat="41.3468770" lon="-106.3178670">
    <ele>3263.4</ele>
    <time>2026-10-04T15:23:02Z</time>
   </trkpt>
   <trkpt lat="41.3468920" lon="-106.3178820">
    <ele>3263.4</ele>
    <time>2026-10-04T15:23:03Z</time>
   </trkpt>
   <trkpt lat="41.3469080" lon="-106.3178990">
    <ele>3263.5</ele>
    <time>2026-10-04T15:23:04Z</time>
   </trkpt>
   <trkpt lat="41.3469250" lon="-106.3178960">
    <ele>3263.5</ele>
    <time>2026-10-04T15:23:05Z</time>
   </trkpt>
   <trkpt lat="41.3469400" lon="-106.3178910">
    <ele>3263.6</ele>
    <time>2026-10-04T15:23:06Z</time>
   </trkpt>
   <trkpt lat="41.3469540" lon="-106.3178880">
    <ele>3263.6</ele>
    <time>2026-10-04T15:23:07Z</time>
   </trkpt>
   <trkpt lat="41.3469710" lon="-106.3178780">
    <ele>3263.7</ele>
    <time>2026-10-04T15:23:08Z</time>
   </trkpt>
   <trkpt lat="41.3469900" lon="-106.3178910">
    <ele>3263.7</ele>
    <time>2026-10-04T15:23:09Z</time>
   </trkpt>
   <trkpt lat="41.3470030" lon="-106.3178970">
    <ele>3263.7</ele>
    <time>2026-10-04T15:23:10Z</time>
   </trkpt>
   <trkpt lat="41.3470260" lon="-106.3179070">
    <ele>3263.8</ele>
    <time>2026-10-04T15:23:11Z</time>
   </trkpt>
   <trkpt lat="41.3470520" lon="-106.3179020">
    <ele>3263.8</ele>
    <time>2026-10-04T15:23:12Z</time>
   </trkpt>
   <trkpt lat="41.3470810" lon="-106.3179120">
    <ele>3263.9</ele>
    <time>2026-10-04T15:23:13Z</time>
   </trkpt>
   <trkpt lat="41.3470980" lon="-106.3179220">
    <ele>3263.9</ele>
    <time>2026-10-04T15:23:14Z</time>
   </trkpt>
   <trkpt lat="41.3471270" lon="-106.3179240">
    <ele>3264.0</ele>
    <time>2026-10-04T15:23:15Z</time>
   </trkpt>
   <trkpt lat="41.3471480" lon="-106.3179340">
    <ele>3264.1</ele>
    <time>2026-10-04T15:23:16Z</time>
   </trkpt>
   <trkpt lat="41.3471720" lon="-106.3179450">
    <ele>3264.3</ele>
    <time>2026-10-04T15:23:17Z</time>
   </trkpt>
   <trkpt lat="41.3471930" lon="-106.3179540">
    <ele>3264.4</ele>
    <time>2026-10-04T15:23:18Z</time>
   </trkpt>
   <trkpt lat="41.3472060" lon="-106.3179840">
    <ele>3264.6</ele>
    <time>2026-10-04T15:23:19Z</time>
   </trkpt>
   <trkpt lat="41.3472280" lon="-106.3179830">
    <ele>3264.8</ele>
    <time>2026-10-04T15:23:20Z</time>
   </trkpt>
   <trkpt lat="41.3472460" lon="-106.3179690">
    <ele>3265.0</ele>
    <time>2026-10-04T15:23:21Z</time>
   </trkpt>
   <trkpt lat="41.3472630" lon="-106.3179280">
    <ele>3265.5</ele>
    <time>2026-10-04T15:23:22Z</time>
   </trkpt>
   <trkpt lat="41.3472800" lon="-106.3179300">
    <ele>3265.7</ele>
    <time>2026-10-04T15:23:23Z</time>
   </trkpt>
   <trkpt lat="41.3472860" lon="-106.3179090">
    <ele>3265.9</ele>
    <time>2026-10-04T15:23:25Z</time>
   </trkpt>
   <trkpt lat="41.3472910" lon="-106.3178970">
    <ele>3266.1</ele>
    <time>2026-10-04T15:23:26Z</time>
   </trkpt>
   <trkpt lat="41.3473090" lon="-106.3178860">
    <ele>3266.4</ele>
    <time>2026-10-04T15:23:27Z</time>
   </trkpt>
   <trkpt lat="41.3473210" lon="-106.3178780">
    <ele>3266.6</ele>
    <time>2026-10-04T15:23:28Z</time>
   </trkpt>
   <trkpt lat="41.3473270" lon="-106.3178600">
    <ele>3266.9</ele>
    <time>2026-10-04T15:23:29Z</time>
   </trkpt>
   <trkpt lat="41.3473390" lon="-106.3178340">
    <ele>3267.3</ele>
    <time>2026-10-04T15:23:30Z</time>
   </trkpt>
   <trkpt lat="41.3473450" lon="-106.3178120">
    <ele>3267.6</ele>
    <time>2026-10-04T15:23:31Z</time>
   </trkpt>
   <trkpt lat="41.3473500" lon="-106.3177950">
    <ele>3267.8</ele>
    <time>2026-10-04T15:23:32Z</time>
   </trkpt>
   <trkpt lat="41.3473470" lon="-106.3177910">
    <ele>3267.9</ele>
    <time>2026-10-04T15:23:33Z</time>
   </trkpt>
   <trkpt lat="41.3473510" lon="-106.3177840">
    <ele>3268.0</ele>
    <time>2026-10-04T15:23:34Z</time>
   </trkpt>
   <trkpt lat="41.3473590" lon="-106.3177680">
    <ele>3268.3</ele>
    <time>2026-10-04T15:23:35Z</time>
   </trkpt>
   <trkpt lat="41.3473630" lon="-106.3177520">
    <ele>3268.5</ele>
    <time>2026-10-04T15:23:36Z</time>
   </trkpt>
   <trkpt lat="41.3473640" lon="-106.3177370">
    <ele>3268.7</ele>
    <time>2026-10-04T15:23:37Z</time>
   </trkpt>
   <trkpt lat="41.3473790" lon="-106.3177350">
    <ele>3269.0</ele>
    <time>2026-10-04T15:23:38Z</time>
   </trkpt>
   <trkpt lat="41.3473810" lon="-106.3177280">
    <ele>3269.0</ele>
    <time>2026-10-04T15:23:39Z</time>
   </trkpt>
   <trkpt lat="41.3473910" lon="-106.3177140">
    <ele>3269.3</ele>
    <time>2026-10-04T15:23:40Z</time>
   </trkpt>
   <trkpt lat="41.3473990" lon="-106.3177000">
    <ele>3269.5</ele>
    <time>2026-10-04T15:23:41Z</time>
   </trkpt>
   <trkpt lat="41.3474030" lon="-106.3176880">
    <ele>3269.7</ele>
    <time>2026-10-04T15:23:42Z</time>
   </trkpt>
   <trkpt lat="41.3474020" lon="-106.3176840">
    <ele>3269.8</ele>
    <time>2026-10-04T15:23:43Z</time>
   </trkpt>
   <trkpt lat="41.3474120" lon="-106.3176760">
    <ele>3270.0</ele>
    <time>2026-10-04T15:23:44Z</time>
   </trkpt>
   <trkpt lat="41.3474230" lon="-106.3176650">
    <ele>3270.2</ele>
    <time>2026-10-04T15:23:45Z</time>
   </trkpt>
   <trkpt lat="41.3474260" lon="-106.3176600">
    <ele>3270.3</ele>
    <time>2026-10-04T15:23:46Z</time>
   </trkpt>
   <trkpt lat="41.3474250" lon="-106.3176560">
    <ele>3270.4</ele>
    <time>2026-10-04T15:23:47Z</time>
   </trkpt>
   <trkpt lat="41.3474310" lon="-106.3176410">
    <ele>3270.6</ele>
    <time>2026-10-04T15:23:48Z</time>
   </trkpt>
   <trkpt lat="41.3474310" lon="-106.3176190">
    <ele>3270.9</ele>
    <time>2026-10-04T15:23:49Z</time>
   </trkpt>
   <trkpt lat="41.3474320" lon="-106.3175940">
    <ele>3271.3</ele>
    <time>2026-10-04T15:23:50Z</time>
   </trkpt>
   <trkpt lat="41.3474380" lon="-106.3175830">
    <ele>3271.5</ele>
    <time>2026-10-04T15:23:51Z</time>
   </trkpt>
   <trkpt lat="41.3474450" lon="-106.3175740">
    <ele>3271.7</ele>
    <time>2026-10-04T15:23:52Z</time>
   </trkpt>
   <trkpt lat="41.3474600" lon="-106.3175610">
    <ele>3272.0</ele>
    <time>2026-10-04T15:23:53Z</time>
   </trkpt>
   <trkpt lat="41.3474600" lon="-106.3175470">
    <ele>3272.2</ele>
    <time>2026-10-04T15:23:54Z</time>
   </trkpt>
   <trkpt lat="41.3474650" lon="-106.3175360">
    <ele>3272.4</ele>
    <time>2026-10-04T15:23:55Z</time>
   </trkpt>
   <trkpt lat="41.3474690" lon="-106.3175190">
    <ele>3272.7</ele>
    <time>2026-10-04T15:23:56Z</time>
   </trkpt>
   <trkpt lat="41.3474670" lon="-106.3175130">
    <ele>3272.8</ele>
    <time>2026-10-04T15:23:57Z</time>
   </trkpt>
   <trkpt lat="41.3474690" lon="-106.3175000">
    <ele>3273.0</ele>
    <time>2026-10-04T15:23:58Z</time>
   </trkpt>
   <trkpt lat="41.3474700" lon="-106.3174980">
    <ele>3273.1</ele>
    <time>2026-10-04T15:23:59Z</time>
   </trkpt>
   <trkpt lat="41.3474710" lon="-106.3174970">
    <ele>3273.1</ele>
    <time>2026-10-04T15:24:00Z</time>
   </trkpt>
   <trkpt lat="41.3474840" lon="-106.3174830">
    <ele>3273.4</ele>
    <time>2026-10-04T15:24:01Z</time>
   </trkpt>
   <trkpt lat="41.3474970" lon="-106.3174780">
    <ele>3273.7</ele>
    <time>2026-10-04T15:24:02Z</time>
   </trkpt>
   <trkpt lat="41.3475090" lon="-106.3174740">
    <ele>3274.0</ele>
    <time>2026-10-04T15:24:03Z</time>
   </trkpt>
   <trkpt lat="41.3475230" lon="-106.3174600">
    <ele>3274.3</ele>
    <time>2026-10-04T15:24:04Z</time>
   </trkpt>
   <trkpt lat="41.3475320" lon="-106.3174480">
    <ele>3274.6</ele>
    <time>2026-10-04T15:24:05Z</time>
   </trkpt>
   <trkpt lat="41.3475390" lon="-106.3174450">
    <ele>3274.7</ele>
    <time>2026-10-04T15:24:06Z</time>
   </trkpt>
   <trkpt lat="41.3475470" lon="-106.3174330">
    <ele>3275.0</ele>
    <time>2026-10-04T15:24:07Z</time>
   </trkpt>
   <trkpt lat="41.3475580" lon="-106.3174240">
    <ele>3275.2</ele>
    <time>2026-10-04T15:24:08Z</time>
   </trkpt>
   <trkpt lat="41.3475710" lon="-106.3174120">
    <ele>3275.5</ele>
    <time>2026-10-04T15:24:09Z</time>
   </trkpt>
   <trkpt lat="41.3475760" lon="-106.3174030">
    <ele>3275.6</ele>
    <time>2026-10-04T15:24:10Z</time>
   </trkpt>
   <trkpt lat="41.3475830" lon="-106.3173970">
    <ele>3275.7</ele>
    <time>2026-10-04T15:24:11Z</time>
   </trkpt>
   <trkpt lat="41.3476040" lon="-106.3173870">
    <ele>3276.1</ele>
    <time>2026-10-04T15:24:12Z</time>
   </trkpt>
   <trkpt lat="41.3476000" lon="-106.3173770">
    <ele>3276.2</ele>
    <time>2026-10-04T15:24:13Z</time>
   </trkpt>
   <trkpt lat="41.3476240" lon="-106.3173750">
    <ele>3276.5</ele>
    <time>2026-10-04T15:24:14Z</time>
   </trkpt>
   <trkpt lat="41.3476360" lon="-106.3173800">
    <ele>3276.6</ele>
    <time>2026-10-04T15:24:15Z</time>
   </trkpt>
   <trkpt lat="41.3476450" lon="-106.3173780">
    <ele>3276.7</ele>
    <time>2026-10-04T15:24:16Z</time>
   </trkpt>
   <trkpt lat="41.3476560" lon="-106.3173810">
    <ele>3276.9</ele>
    <time>2026-10-04T15:24:17Z</time>
   </trkpt>
   <trkpt lat="41.3476690" lon="-106.3173820">
    <ele>3277.0</ele>
    <time>2026-10-04T15:24:18Z</time>
   </trkpt>
   <trkpt lat="41.3476750" lon="-106.3173830">
    <ele>3277.1</ele>
    <time>2026-10-04T15:24:19Z</time>
   </trkpt>
   <trkpt lat="41.3476940" lon="-106.3173780">
    <ele>3277.3</ele>
    <time>2026-10-04T15:24:20Z</time>
   </trkpt>
   <trkpt lat="41.3477070" lon="-106.3173880">
    <ele>3277.4</ele>
    <time>2026-10-04T15:24:21Z</time>
   </trkpt>
   <trkpt lat="41.3477090" lon="-106.3173890">
    <ele>3277.4</ele>
    <time>2026-10-04T15:24:22Z</time>
   </trkpt>
   <trkpt lat="41.3477310" lon="-106.3173930">
    <ele>3277.6</ele>
    <time>2026-10-04T15:24:23Z</time>
   </trkpt>
   <trkpt lat="41.3477460" lon="-106.3173980">
    <ele>3277.8</ele>
    <time>2026-10-04T15:24:24Z</time>
   </trkpt>
   <trkpt lat="41.3477570" lon="-106.3174030">
    <ele>3277.9</ele>
    <time>2026-10-04T15:24:25Z</time>
   </trkpt>
   <trkpt lat="41.3477660" lon="-106.3174070">
    <ele>3278.0</ele>
    <time>2026-10-04T15:24:26Z</time>
   </trkpt>
   <trkpt lat="41.3477860" lon="-106.3173970">
    <ele>3278.2</ele>
    <time>2026-10-04T15:24:27Z</time>
   </trkpt>
   <trkpt lat="41.3478030" lon="-106.3174060">
    <ele>3278.4</ele>
    <time>2026-10-04T15:24:28Z</time>
   </trkpt>
   <trkpt lat="41.3478130" lon="-106.3174060">
    <ele>3278.5</ele>
    <time>2026-10-04T15:24:29Z</time>
   </trkpt>
   <trkpt lat="41.3478270" lon="-106.3174020">
    <ele>3278.7</ele>
    <time>2026-10-04T15:24:30Z</time>
   </trkpt>
   <trkpt lat="41.3478400" lon="-106.3173900">
    <ele>3278.9</ele>
    <time>2026-10-04T15:24:31Z</time>
   </trkpt>
   <trkpt lat="41.3478480" lon="-106.3173960">
    <ele>3279.0</ele>
    <time>2026-10-04T15:24:32Z</time>
   </trkpt>
   <trkpt lat="41.3478600" lon="-106.3173920">
    <ele>3279.1</ele>
    <time>2026-10-04T15:24:33Z</time>
   </trkpt>
   <trkpt lat="41.3478690" lon="-106.3173820">
    <ele>3279.2</ele>
    <time>2026-10-04T15:24:34Z</time>
   </trkpt>
   <trkpt lat="41.3478750" lon="-106.3173700">
    <ele>3279.4</ele>
    <time>2026-10-04T15:24:35Z</time>
   </trkpt>
   <trkpt lat="41.3478900" lon="-106.3173810">
    <ele>3279.6</ele>
    <time>2026-10-04T15:24:36Z</time>
   </trkpt>
   <trkpt lat="41.3478970" lon="-106.3173880">
    <ele>3279.7</ele>
    <time>2026-10-04T15:24:37Z</time>
   </trkpt>
   <trkpt lat="41.3479110" lon="-106.3173810">
    <ele>3279.9</ele>
    <time>2026-10-04T15:24:38Z</time>
   </trkpt>
   <trkpt lat="41.3479220" lon="-106.3173810">
    <ele>3280.1</ele>
    <time>2026-10-04T15:24:39Z</time>
   </trkpt>
   <trkpt lat="41.3479420" lon="-106.3173700">
    <ele>3280.3</ele>
    <time>2026-10-04T15:24:40Z</time>
   </trkpt>
   <trkpt lat="41.3479580" lon="-106.3173670">
    <ele>3280.6</ele>
    <time>2026-10-04T15:24:41Z</time>
   </trkpt>
   <trkpt lat="41.3479670" lon="-106.3173490">
    <ele>3280.8</ele>
    <time>2026-10-04T15:24:42Z</time>
   </trkpt>
   <trkpt lat="41.3479740" lon="-106.3173510">
    <ele>3280.9</ele>
    <time>2026-10-04T15:24:43Z</time>
   </trkpt>
   <trkpt lat="41.3479800" lon="-106.3173490">
    <ele>3281.0</ele>
    <time>2026-10-04T15:24:44Z</time>
   </trkpt>
   <trkpt lat="41.3479850" lon="-106.3173530">
    <ele>3281.0</ele>
    <time>2026-10-04T15:24:45Z</time>
   </trkpt>
   <trkpt lat="41.3480040" lon="-106.3173530">
    <ele>3281.2</ele>
    <time>2026-10-04T15:24:46Z</time>
   </trkpt>
   <trkpt lat="41.3480190" lon="-106.3173470">
    <ele>3281.2</ele>
    <time>2026-10-04T15:24:47Z</time>
   </trkpt>
   <trkpt lat="41.3480380" lon="-106.3173300">
    <ele>3281.4</ele>
    <time>2026-10-04T15:24:48Z</time>
   </trkpt>
   <trkpt lat="41.3480450" lon="-106.3173310">
    <ele>3281.4</ele>
    <time>2026-10-04T15:24:49Z</time>
   </trkpt>
   <trkpt lat="41.3480680" lon="-106.3173410">
    <ele>3281.5</ele>
    <time>2026-10-04T15:24:50Z</time>
   </trkpt>
   <trkpt lat="41.3480770" lon="-106.3173490">
    <ele>3281.6</ele>
    <time>2026-10-04T15:24:51Z</time>
   </trkpt>
   <trkpt lat="41.3480910" lon="-106.3173560">
    <ele>3281.7</ele>
    <time>2026-10-04T15:24:52Z</time>
   </trkpt>
   <trkpt lat="41.3481070" lon="-106.3173640">
    <ele>3281.8</ele>
    <time>2026-10-04T15:24:53Z</time>
   </trkpt>
   <trkpt lat="41.3481190" lon="-106.3173680">
    <ele>3281.9</ele>
    <time>2026-10-04T15:24:54Z</time>
   </trkpt>
   <trkpt lat="41.3481230" lon="-106.3173600">
    <ele>3281.9</ele>
    <time>2026-10-04T15:24:55Z</time>
   </trkpt>
   <trkpt lat="41.3481340" lon="-106.3173500">
    <ele>3282.0</ele>
    <time>2026-10-04T15:24:56Z</time>
   </trkpt>
   <trkpt lat="41.3481490" lon="-106.3173510">
    <ele>3282.1</ele>
    <time>2026-10-04T15:24:57Z</time>
   </trkpt>
   <trkpt lat="41.3481630" lon="-106.3173480">
    <ele>3282.2</ele>
    <time>2026-10-04T15:24:58Z</time>
   </trkpt>
   <trkpt lat="41.3481830" lon="-106.3173260">
    <ele>3282.4</ele>
    <time>2026-10-04T15:24:59Z</time>
   </trkpt>
   <trkpt lat="41.3481890" lon="-106.3173230">
    <ele>3282.4</ele>
    <time>2026-10-04T15:25:00Z</time>
   </trkpt>
   <trkpt lat="41.3481950" lon="-106.3173130">
    <ele>3282.5</ele>
    <time>2026-10-04T15:25:01Z</time>
   </trkpt>
   <trkpt lat="41.3482030" lon="-106.3173030">
    <ele>3282.6</ele>
    <time>2026-10-04T15:25:02Z</time>
   </trkpt>
   <trkpt lat="41.3482100" lon="-106.3172960">
    <ele>3282.6</ele>
    <time>2026-10-04T15:25:03Z</time>
   </trkpt>
   <trkpt lat="41.3482290" lon="-106.3173000">
    <ele>3282.8</ele>
    <time>2026-10-04T15:25:04Z</time>
   </trkpt>
   <trkpt lat="41.3482460" lon="-106.3172990">
    <ele>3283.0</ele>
    <time>2026-10-04T15:25:05Z</time>
   </trkpt>
   <trkpt lat="41.3482460" lon="-106.3173060">
    <ele>3283.0</ele>
    <time>2026-10-04T15:25:06Z</time>
   </trkpt>
   <trkpt lat="41.3482710" lon="-106.3172890">
    <ele>3283.3</ele>
    <time>2026-10-04T15:25:07Z</time>
   </trkpt>
   <trkpt lat="41.3482920" lon="-106.3172800">
    <ele>3283.5</ele>
    <time>2026-10-04T15:25:08Z</time>
   </trkpt>
   <trkpt lat="41.3482920" lon="-106.3172750">
    <ele>3283.6</ele>
    <time>2026-10-04T15:25:09Z</time>
   </trkpt>
   <trkpt lat="41.3483040" lon="-106.3172700">
    <ele>3283.7</ele>
    <time>2026-10-04T15:25:10Z</time>
   </trkpt>
   <trkpt lat="41.3483040" lon="-106.3172580">
    <ele>3283.8</ele>
    <time>2026-10-04T15:25:11Z</time>
   </trkpt>
   <trkpt lat="41.3483130" lon="-106.3172540">
    <ele>3283.9</ele>
    <time>2026-10-04T15:25:12Z</time>
   </trkpt>
   <trkpt lat="41.3483280" lon="-106.3172340">
    <ele>3284.1</ele>
    <time>2026-10-04T15:25:13Z</time>
   </trkpt>
   <trkpt lat="41.3483350" lon="-106.3172360">
    <ele>3284.2</ele>
    <time>2026-10-04T15:25:14Z</time>
   </trkpt>
   <trkpt lat="41.3483450" lon="-106.3172330">
    <ele>3284.3</ele>
    <time>2026-10-04T15:25:15Z</time>
   </trkpt>
   <trkpt lat="41.3483620" lon="-106.3172370">
    <ele>3284.5</ele>
    <time>2026-10-04T15:25:16Z</time>
   </trkpt>
   <trkpt lat="41.3483810" lon="-106.3172360">
    <ele>3284.7</ele>
    <time>2026-10-04T15:25:17Z</time>
   </trkpt>
   <trkpt lat="41.3484040" lon="-106.3172110">
    <ele>3285.0</ele>
    <time>2026-10-04T15:25:18Z</time>
   </trkpt>
   <trkpt lat="41.3484160" lon="-106.3172140">
    <ele>3285.1</ele>
    <time>2026-10-04T15:25:19Z</time>
   </trkpt>
   <trkpt lat="41.3484340" lon="-106.3172090">
    <ele>3285.4</ele>
    <time>2026-10-04T15:25:20Z</time>
   </trkpt>
   <trkpt lat="41.3484450" lon="-106.3172240">
    <ele>3285.5</ele>
    <time>2026-10-04T15:25:21Z</time>
   </trkpt>
   <trkpt lat="41.3484580" lon="-106.3172250">
    <ele>3285.7</ele>
    <time>2026-10-04T15:25:22Z</time>
   </trkpt>
   <trkpt lat="41.3484690" lon="-106.3172300">
    <ele>3285.8</ele>
    <time>2026-10-04T15:25:23Z</time>
   </trkpt>
   <trkpt lat="41.3484740" lon="-106.3172110">
    <ele>3287.2</ele>
    <time>2026-10-04T15:25:24Z</time>
   </trkpt>
   <trkpt lat="41.3484870" lon="-106.3172220">
    <ele>3287.1</ele>
    <time>2026-10-04T15:25:25Z</time>
   </trkpt>
   <trkpt lat="41.3485050" lon="-106.3172220">
    <ele>3287.0</ele>
    <time>2026-10-04T15:25:26Z</time>
   </trkpt>
   <trkpt lat="41.3485280" lon="-106.3172140">
    <ele>3286.9</ele>
    <time>2026-10-04T15:25:27Z</time>
   </trkpt>
   <trkpt lat="41.3485430" lon="-106.3172180">
    <ele>3286.9</ele>
    <time>2026-10-04T15:25:28Z</time>
   </trkpt>
   <trkpt lat="41.3485540" lon="-106.3172130">
    <ele>3286.8</ele>
    <time>2026-10-04T15:25:29Z</time>
   </trkpt>
   <trkpt lat="41.3485660" lon="-106.3172090">
    <ele>3286.8</ele>
    <time>2026-10-04T15:25:30Z</time>
   </trkpt>
   <trkpt lat="41.3485810" lon="-106.3172090">
    <ele>3286.7</ele>
    <time>2026-10-04T15:25:31Z</time>
   </trkpt>
   <trkpt lat="41.3485870" lon="-106.3172160">
    <ele>3286.6</ele>
    <time>2026-10-04T15:25:32Z</time>
   </trkpt>
   <trkpt lat="41.3486030" lon="-106.3172120">
    <ele>3286.6</ele>
    <time>2026-10-04T15:25:33Z</time>
   </trkpt>
   <trkpt lat="41.3486040" lon="-106.3172020">
    <ele>3286.5</ele>
    <time>2026-10-04T15:25:34Z</time>
   </trkpt>
   <trkpt lat="41.3486170" lon="-106.3172110">
    <ele>3286.4</ele>
    <time>2026-10-04T15:25:35Z</time>
   </trkpt>
   <trkpt lat="41.3486410" lon="-106.3172120">
    <ele>3286.3</ele>
    <time>2026-10-04T15:25:36Z</time>
   </trkpt>
   <trkpt lat="41.3486440" lon="-106.3172080">
    <ele>3286.2</ele>
    <time>2026-10-04T15:25:37Z</time>
   </trkpt>
   <trkpt lat="41.3486640" lon="-106.3172100">
    <ele>3286.2</ele>
    <time>2026-10-04T15:25:38Z</time>
   </trkpt>
   <trkpt lat="41.3486750" lon="-106.3172150">
    <ele>3286.1</ele>
    <time>2026-10-04T15:25:39Z</time>
   </trkpt>
   <trkpt lat="41.3486890" lon="-106.3172020">
    <ele>3286.0</ele>
    <time>2026-10-04T15:25:40Z</time>
   </trkpt>
   <trkpt lat="41.3486980" lon="-106.3172080">
    <ele>3286.0</ele>
    <time>2026-10-04T15:25:41Z</time>
   </trkpt>
   <trkpt lat="41.3487190" lon="-106.3172180">
    <ele>3285.9</ele>
    <time>2026-10-04T15:25:42Z</time>
   </trkpt>
   <trkpt lat="41.3487220" lon="-106.3172040">
    <ele>3285.8</ele>
    <time>2026-10-04T15:25:43Z</time>
   </trkpt>
   <trkpt lat="41.3487230" lon="-106.3172030">
    <ele>3285.7</ele>
    <time>2026-10-04T15:25:44Z</time>
   </trkpt>
   <trkpt lat="41.3487470" lon="-106.3172150">
    <ele>3285.6</ele>
    <time>2026-10-04T15:25:45Z</time>
   </trkpt>
   <trkpt lat="41.3487500" lon="-106.3172280">
    <ele>3285.5</ele>
    <time>2026-10-04T15:25:46Z</time>
   </trkpt>
   <trkpt lat="41.3487520" lon="-106.3172200">
    <ele>3285.4</ele>
    <time>2026-10-04T15:25:47Z</time>
   </trkpt>
   <trkpt lat="41.3487610" lon="-106.3172200">
    <ele>3285.4</ele>
    <time>2026-10-04T15:25:48Z</time>
   </trkpt>
   <trkpt lat="41.3487620" lon="-106.3172230">
    <ele>3285.3</ele>
    <time>2026-10-04T15:25:49Z</time>
   </trkpt>
   <trkpt lat="41.3487730" lon="-106.3172310">
    <ele>3283.8</ele>
    <time>2026-10-04T15:25:50Z</time>
   </trkpt>
   <trkpt lat="41.3487790" lon="-106.3172360">
    <ele>3283.7</ele>
    <time>2026-10-04T15:25:51Z</time>
   </trkpt>
   <trkpt lat="41.3487930" lon="-106.3172470">
    <ele>3283.6</ele>
    <time>2026-10-04T15:25:52Z</time>
   </trkpt>
   <trkpt lat="41.3487980" lon="-106.3172540">
    <ele>3283.5</ele>
    <time>2026-10-04T15:25:53Z</time>
   </trkpt>
   <trkpt lat="41.3488040" lon="-106.3172540">
    <ele>3283.4</ele>
    <time>2026-10-04T15:25:54Z</time>
   </trkpt>
   <trkpt lat="41.3488200" lon="-106.3172560">
    <ele>3283.4</ele>
    <time>2026-10-04T15:25:55Z</time>
   </trkpt>
   <trkpt lat="41.3488360" lon="-106.3172680">
    <ele>3283.3</ele>
    <time>2026-10-04T15:25:56Z</time>
   </trkpt>
   <trkpt lat="41.3488460" lon="-106.3172810">
    <ele>3281.8</ele>
    <time>2026-10-04T15:25:57Z</time>
   </trkpt>
   <trkpt lat="41.3488560" lon="-106.3172780">
    <ele>3281.7</ele>
    <time>2026-10-04T15:25:58Z</time>
   </trkpt>
   <trkpt lat="41.3488670" lon="-106.3172880">
    <ele>3281.6</ele>
    <time>2026-10-04T15:25:59Z</time>
   </trkpt>
   <trkpt lat="41.3488900" lon="-106.3173220">
    <ele>3280.1</ele>
    <time>2026-10-04T15:26:00Z</time>
   </trkpt>
   <trkpt lat="41.3489130" lon="-106.3173340">
    <ele>3280.0</ele>
    <time>2026-10-04T15:26:01Z</time>
   </trkpt>
   <trkpt lat="41.3489210" lon="-106.3173400">
    <ele>3280.0</ele>
    <time>2026-10-04T15:26:02Z</time>
   </trkpt>
   <trkpt lat="41.3489370" lon="-106.3173490">
    <ele>3279.9</ele>
    <time>2026-10-04T15:26:03Z</time>
   </trkpt>
   <trkpt lat="41.3489490" lon="-106.3173580">
    <ele>3279.9</ele>
    <time>2026-10-04T15:26:04Z</time>
   </trkpt>
   <trkpt lat="41.3489630" lon="-106.3173630">
    <ele>3278.1</ele>
    <time>2026-10-04T15:26:05Z</time>
   </trkpt>
   <trkpt lat="41.3489730" lon="-106.3173740">
    <ele>3278.0</ele>
    <time>2026-10-04T15:26:06Z</time>
   </trkpt>
   <trkpt lat="41.3489860" lon="-106.3173690">
    <ele>3278.0</ele>
    <time>2026-10-04T15:26:07Z</time>
   </trkpt>
   <trkpt lat="41.3490140" lon="-106.3173510">
    <ele>3279.6</ele>
    <time>2026-10-04T15:26:08Z</time>
   </trkpt>
   <trkpt lat="41.3490210" lon="-106.3173740">
    <ele>3277.8</ele>
    <time>2026-10-04T15:26:09Z</time>
   </trkpt>
   <trkpt lat="41.3490310" lon="-106.3173740">
    <ele>3277.7</ele>
    <time>2026-10-04T15:26:10Z</time>
   </trkpt>
   <trkpt lat="41.3490360" lon="-106.3173750">
    <ele>3277.6</ele>
    <time>2026-10-04T15:26:11Z</time>
   </trkpt>
   <trkpt lat="41.3490180" lon="-106.3173750">
    <ele>3277.5</ele>
    <time>2026-10-04T15:26:12Z</time>
   </trkpt>
   <trkpt lat="41.3490340" lon="-106.3173930">
    <ele>3277.4</ele>
    <time>2026-10-04T15:26:13Z</time>
   </trkpt>
   <trkpt lat="41.3490540" lon="-106.3173960">
    <ele>3277.3</ele>
    <time>2026-10-04T15:26:14Z</time>
   </trkpt>
   <trkpt lat="41.3490640" lon="-106.3173900">
    <ele>3277.2</ele>
    <time>2026-10-04T15:26:15Z</time>
   </trkpt>
   <trkpt lat="41.3490730" lon="-106.3174000">
    <ele>3277.1</ele>
    <time>2026-10-04T15:26:16Z</time>
   </trkpt>
   <trkpt lat="41.3490760" lon="-106.3174000">
    <ele>3277.0</ele>
    <time>2026-10-04T15:26:17Z</time>
   </trkpt>
   <trkpt lat="41.3490770" lon="-106.3174030">
    <ele>3275.1</ele>
    <time>2026-10-04T15:26:18Z</time>
   </trkpt>
   <trkpt lat="41.3490860" lon="-106.3174250">
    <ele>3275.0</ele>
    <time>2026-10-04T15:26:19Z</time>
   </trkpt>
   <trkpt lat="41.3490960" lon="-106.3174320">
    <ele>3274.9</ele>
    <time>2026-10-04T15:26:20Z</time>
   </trkpt>
   <trkpt lat="41.3491100" lon="-106.3174480">
    <ele>3272.8</ele>
    <time>2026-10-04T15:26:21Z</time>
   </trkpt>
   <trkpt lat="41.3491220" lon="-106.3174540">
    <ele>3272.7</ele>
    <time>2026-10-04T15:26:22Z</time>
   </trkpt>
   <trkpt lat="41.3491350" lon="-106.3174610">
    <ele>3272.6</ele>
    <time>2026-10-04T15:26:23Z</time>
   </trkpt>
   <trkpt lat="41.3491560" lon="-106.3174670">
    <ele>3272.5</ele>
    <time>2026-10-04T15:26:24Z</time>
   </trkpt>
   <trkpt lat="41.3491610" lon="-106.3174750">
    <ele>3272.3</ele>
    <time>2026-10-04T15:26:25Z</time>
   </trkpt>
   <trkpt lat="41.3491610" lon="-106.3174810">
    <ele>3272.2</ele>
    <time>2026-10-04T15:26:26Z</time>
   </trkpt>
   <trkpt lat="41.3491780" lon="-106.3174990">
    <ele>3270.1</ele>
    <time>2026-10-04T15:26:27Z</time>
   </trkpt>
   <trkpt lat="41.3492030" lon="-106.3175210">
    <ele>3270.0</ele>
    <time>2026-10-04T15:26:28Z</time>
   </trkpt>
   <trkpt lat="41.3492280" lon="-106.3175040">
    <ele>3269.9</ele>
    <time>2026-10-04T15:26:29Z</time>
   </trkpt>
   <trkpt lat="41.3492420" lon="-106.3175030">
    <ele>3269.8</ele>
    <time>2026-10-04T15:26:30Z</time>
   </trkpt>
   <trkpt lat="41.3492550" lon="-106.3175020">
    <ele>3269.7</ele>
    <time>2026-10-04T15:26:31Z</time>
   </trkpt>
   <trkpt lat="41.3492670" lon="-106.3175310">
    <ele>3267.7</ele>
    <time>2026-10-04T15:26:32Z</time>
   </trkpt>
   <trkpt lat="41.3492830" lon="-106.3175440">
    <ele>3267.6</ele>
    <time>2026-10-04T15:26:33Z</time>
   </trkpt>
   <trkpt lat="41.3492990" lon="-106.3175260">
    <ele>3269.4</ele>
    <time>2026-10-04T15:26:34Z</time>
   </trkpt>
   <trkpt lat="41.3493140" lon="-106.3175180">
    <ele>3269.3</ele>
    <time>2026-10-04T15:26:35Z</time>
   </trkpt>
   <trkpt lat="41.3493220" lon="-106.3175330">
    <ele>3267.3</ele>
    <time>2026-10-04T15:26:36Z</time>
   </trkpt>
   <trkpt lat="41.3493460" lon="-106.3175190">
    <ele>3269.1</ele>
    <time>2026-10-04T15:26:37Z</time>
   </trkpt>
   <trkpt lat="41.3493660" lon="-106.3175020">
    <ele>3269.0</ele>
    <time>2026-10-04T15:26:38Z</time>
   </trkpt>
   <trkpt lat="41.3493820" lon="-106.3175040">
    <ele>3269.0</ele>
    <time>2026-10-04T15:26:39Z</time>
   </trkpt>
   <trkpt lat="41.3494020" lon="-106.3175040">
    <ele>3268.9</ele>
    <time>2026-10-04T15:26:40Z</time>
   </trkpt>
   <trkpt lat="41.3494200" lon="-106.3175170">
    <ele>3268.8</ele>
    <time>2026-10-04T15:26:41Z</time>
   </trkpt>
   <trkpt lat="41.3494330" lon="-106.3175090">
    <ele>3268.8</ele>
    <time>2026-10-04T15:26:42Z</time>
   </trkpt>
   <trkpt lat="41.3494480" lon="-106.3175090">
    <ele>3268.7</ele>
    <time>2026-10-04T15:26:43Z</time>
   </trkpt>
   <trkpt lat="41.3494610" lon="-106.3175030">
    <ele>3268.6</ele>
    <time>2026-10-04T15:26:44Z</time>
   </trkpt>
   <trkpt lat="41.3494630" lon="-106.3175000">
    <ele>3268.6</ele>
    <time>2026-10-04T15:26:45Z</time>
   </trkpt>
   <trkpt lat="41.3494770" lon="-106.3174900">
    <ele>3268.5</ele>
    <time>2026-10-04T15:26:46Z</time>
   </trkpt>
   <trkpt lat="41.3501920" lon="-106.3174290">
    <ele>3276.4</ele>
    <time>2026-10-04T15:29:39Z</time>
   </trkpt>
   <trkpt lat="41.3502960" lon="-106.3173640">
    <ele>3278.3</ele>
    <time>2026-10-04T15:29:49Z</time>
   </trkpt>
   <trkpt lat="41.3502920" lon="-106.3173540">
    <ele>3279.4</ele>
    <time>2026-10-04T15:29:50Z</time>
   </trkpt>
   <trkpt lat="41.3502920" lon="-106.3173540">
    <ele>3279.3</ele>
    <time>2026-10-04T15:29:51Z</time>
   </trkpt>
   <trkpt lat="41.3502940" lon="-106.3173260">
    <ele>3279.2</ele>
    <time>2026-10-04T15:29:52Z</time>
   </trkpt>
   <trkpt lat="41.3502990" lon="-106.3173120">
    <ele>3280.4</ele>
    <time>2026-10-04T15:29:53Z</time>
   </trkpt>
   <trkpt lat="41.3521340" lon="-106.3140210">
    <ele>3339.2</ele>
    <time>2026-10-04T15:35:29Z</time>
   </trkpt>
   <trkpt lat="41.3521480" lon="-106.3139960">
    <ele>3339.4</ele>
    <time>2026-10-04T15:35:30Z</time>
   </trkpt>
   <trkpt lat="41.3521630" lon="-106.3139730">
    <ele>3339.6</ele>
    <time>2026-10-04T15:35:31Z</time>
   </trkpt>
   <trkpt lat="41.3521750" lon="-106.3139450">
    <ele>3339.9</ele>
    <time>2026-10-04T15:35:32Z</time>
   </trkpt>
   <trkpt lat="41.3521870" lon="-106.3139270">
    <ele>3340.1</ele>
    <time>2026-10-04T15:35:33Z</time>
   </trkpt>
   <trkpt lat="41.3521960" lon="-106.3138990">
    <ele>3340.3</ele>
    <time>2026-10-04T15:35:34Z</time>
   </trkpt>
   <trkpt lat="41.3522020" lon="-106.3138730">
    <ele>3340.5</ele>
    <time>2026-10-04T15:35:35Z</time>
   </trkpt>
   <trkpt lat="41.3522130" lon="-106.3138480">
    <ele>3340.8</ele>
    <time>2026-10-04T15:35:36Z</time>
   </trkpt>
   <trkpt lat="41.3522090" lon="-106.3138270">
    <ele>3341.0</ele>
    <time>2026-10-04T15:35:37Z</time>
   </trkpt>
   <trkpt lat="41.3522110" lon="-106.3138090">
    <ele>3341.1</ele>
    <time>2026-10-04T15:35:38Z</time>
   </trkpt>
   <trkpt lat="41.3522260" lon="-106.3137930">
    <ele>3341.3</ele>
    <time>2026-10-04T15:35:39Z</time>
   </trkpt>
   <trkpt lat="41.3522300" lon="-106.3137750">
    <ele>3341.5</ele>
    <time>2026-10-04T15:35:40Z</time>
   </trkpt>
   <trkpt lat="41.3522270" lon="-106.3137500">
    <ele>3341.7</ele>
    <time>2026-10-04T15:35:41Z</time>
   </trkpt>
   <trkpt lat="41.3522260" lon="-106.3137280">
    <ele>3341.9</ele>
    <time>2026-10-04T15:35:42Z</time>
   </trkpt>
   <trkpt lat="41.3522350" lon="-106.3137180">
    <ele>3342.0</ele>
    <time>2026-10-04T15:35:43Z</time>
   </trkpt>
   <trkpt lat="41.3522410" lon="-106.3136990">
    <ele>3342.1</ele>
    <time>2026-10-04T15:35:44Z</time>
   </trkpt>
   <trkpt lat="41.3522480" lon="-106.3136860">
    <ele>3342.3</ele>
    <time>2026-10-04T15:35:45Z</time>
   </trkpt>
   <trkpt lat="41.3522610" lon="-106.3136730">
    <ele>3342.4</ele>
    <time>2026-10-04T15:35:46Z</time>
   </trkpt>
   <trkpt lat="41.3522660" lon="-106.3136620">
    <ele>3342.5</ele>
    <time>2026-10-04T15:35:47Z</time>
   </trkpt>
   <trkpt lat="41.3522810" lon="-106.3136410">
    <ele>3342.7</ele>
    <time>2026-10-04T15:35:48Z</time>
   </trkpt>
   <trkpt lat="41.3522830" lon="-106.3136200">
    <ele>3342.8</ele>
    <time>2026-10-04T15:35:49Z</time>
   </trkpt>
   <trkpt lat="41.3522850" lon="-106.3136160">
    <ele>3342.8</ele>
    <time>2026-10-04T15:35:50Z</time>
   </trkpt>
   <trkpt lat="41.3522910" lon="-106.3136050">
    <ele>3342.9</ele>
    <time>2026-10-04T15:35:51Z</time>
   </trkpt>
   <trkpt lat="41.3522960" lon="-106.3135890">
    <ele>3343.0</ele>
    <time>2026-10-04T15:35:52Z</time>
   </trkpt>
   <trkpt lat="41.3523030" lon="-106.3135750">
    <ele>3343.1</ele>
    <time>2026-10-04T15:35:53Z</time>
   </trkpt>
   <trkpt lat="41.3523200" lon="-106.3135650">
    <ele>3343.2</ele>
    <time>2026-10-04T15:35:54Z</time>
   </trkpt>
   <trkpt lat="41.3523300" lon="-106.3135640">
    <ele>3343.3</ele>
    <time>2026-10-04T15:35:55Z</time>
   </trkpt>
   <trkpt lat="41.3523400" lon="-106.3135640">
    <ele>3343.3</ele>
    <time>2026-10-04T15:35:56Z</time>
   </trkpt>
   <trkpt lat="41.3523240" lon="-106.3135600">
    <ele>3343.4</ele>
    <time>2026-10-04T15:35:57Z</time>
   </trkpt>
   <trkpt lat="41.3523210" lon="-106.3135460">
    <ele>3343.5</ele>
    <time>2026-10-04T15:35:58Z</time>
   </trkpt>
   <trkpt lat="41.3523260" lon="-106.3135280">
    <ele>3343.6</ele>
    <time>2026-10-04T15:35:59Z</time>
   </trkpt>
   <trkpt lat="41.3523360" lon="-106.3135090">
    <ele>3343.7</ele>
    <time>2026-10-04T15:36:00Z</time>
   </trkpt>
   <trkpt lat="41.3523420" lon="-106.3134920">
    <ele>3343.7</ele>
    <time>2026-10-04T15:36:01Z</time>
   </trkpt>
   <trkpt lat="41.3523430" lon="-106.3134850">
    <ele>3343.8</ele>
    <time>2026-10-04T15:36:03Z</time>
   </trkpt>
   <trkpt lat="41.3523430" lon="-106.3134620">
    <ele>3343.9</ele>
    <time>2026-10-04T15:36:04Z</time>
   </trkpt>
   <trkpt lat="41.3523400" lon="-106.3134440">
    <ele>3343.9</ele>
    <time>2026-10-04T15:36:05Z</time>
   </trkpt>
   <trkpt lat="41.3523440" lon="-106.3134260">
    <ele>3344.0</ele>
    <time>2026-10-04T15:36:06Z</time>
   </trkpt>
   <trkpt lat="41.3523480" lon="-106.3134070">
    <ele>3344.1</ele>
    <time>2026-10-04T15:36:07Z</time>
   </trkpt>
   <trkpt lat="41.3523520" lon="-106.3133920">
    <ele>3344.2</ele>
    <time>2026-10-04T15:36:08Z</time>
   </trkpt>
   <trkpt lat="41.3523570" lon="-106.3133750">
    <ele>3344.2</ele>
    <time>2026-10-04T15:36:09Z</time>
   </trkpt>
   <trkpt lat="41.3523600" lon="-106.3133530">
    <ele>3344.3</ele>
    <time>2026-10-04T15:36:10Z</time>
   </trkpt>
   <trkpt lat="41.3523590" lon="-106.3133340">
    <ele>3344.4</ele>
    <time>2026-10-04T15:36:11Z</time>
   </trkpt>
   <trkpt lat="41.3523620" lon="-106.3133180">
    <ele>3344.5</ele>
    <time>2026-10-04T15:36:12Z</time>
   </trkpt>
   <trkpt lat="41.3523650" lon="-106.3133000">
    <ele>3344.5</ele>
    <time>2026-10-04T15:36:13Z</time>
   </trkpt>
   <trkpt lat="41.3523770" lon="-106.3132850">
    <ele>3344.6</ele>
    <time>2026-10-04T15:36:14Z</time>
   </trkpt>
   <trkpt lat="41.3523740" lon="-106.3132720">
    <ele>3344.7</ele>
    <time>2026-10-04T15:36:15Z</time>
   </trkpt>
   <trkpt lat="41.3523810" lon="-106.3132600">
    <ele>3344.7</ele>
    <time>2026-10-04T15:36:16Z</time>
   </trkpt>
   <trkpt lat="41.3523860" lon="-106.3132490">
    <ele>3344.8</ele>
    <time>2026-10-04T15:36:17Z</time>
   </trkpt>
   <trkpt lat="41.3523810" lon="-106.3132110">
    <ele>3344.9</ele>
    <time>2026-10-04T15:36:18Z</time>
   </trkpt>
   <trkpt lat="41.3523890" lon="-106.3131880">
    <ele>3345.0</ele>
    <time>2026-10-04T15:36:19Z</time>
   </trkpt>
   <trkpt lat="41.3523900" lon="-106.3131840">
    <ele>3345.0</ele>
    <time>2026-10-04T15:36:20Z</time>
   </trkpt>
   <trkpt lat="41.3523930" lon="-106.3131710">
    <ele>3345.0</ele>
    <time>2026-10-04T15:36:21Z</time>
   </trkpt>
   <trkpt lat="41.3523950" lon="-106.3131440">
    <ele>3345.1</ele>
    <time>2026-10-04T15:36:22Z</time>
   </trkpt>
   <trkpt lat="41.3523990" lon="-106.3131230">
    <ele>3345.1</ele>
    <time>2026-10-04T15:36:23Z</time>
   </trkpt>
   <trkpt lat="41.3524150" lon="-106.3131020">
    <ele>3345.2</ele>
    <time>2026-10-04T15:36:24Z</time>
   </trkpt>
   <trkpt lat="41.3524210" lon="-106.3130800">
    <ele>3345.2</ele>
    <time>2026-10-04T15:36:25Z</time>
   </trkpt>
   <trkpt lat="41.3524320" lon="-106.3130730">
    <ele>3345.2</ele>
    <time>2026-10-04T15:36:26Z</time>
   </trkpt>
   <trkpt lat="41.3524330" lon="-106.3130590">
    <ele>3345.2</ele>
    <time>2026-10-04T15:36:27Z</time>
   </trkpt>
   <trkpt lat="41.3524440" lon="-106.3130440">
    <ele>3345.2</ele>
    <time>2026-10-04T15:36:28Z</time>
   </trkpt>
   <trkpt lat="41.3524490" lon="-106.3130360">
    <ele>3345.2</ele>
    <time>2026-10-04T15:36:29Z</time>
   </trkpt>
   <trkpt lat="41.3524600" lon="-106.3130290">
    <ele>3345.1</ele>
    <time>2026-10-04T15:36:30Z</time>
   </trkpt>
   <trkpt lat="41.3524610" lon="-106.3130280">
    <ele>3345.1</ele>
    <time>2026-10-04T15:36:31Z</time>
   </trkpt>
   <trkpt lat="41.3524660" lon="-106.3130210">
    <ele>3345.1</ele>
    <time>2026-10-04T15:36:32Z</time>
   </trkpt>
   <trkpt lat="41.3524760" lon="-106.3130300">
    <ele>3345.1</ele>
    <time>2026-10-04T15:36:33Z</time>
   </trkpt>
   <trkpt lat="41.3524880" lon="-106.3130330">
    <ele>3345.0</ele>
    <time>2026-10-04T15:36:34Z</time>
   </trkpt>
   <trkpt lat="41.3525110" lon="-106.3130390">
    <ele>3345.0</ele>
    <time>2026-10-04T15:36:35Z</time>
   </trkpt>
   <trkpt lat="41.3525290" lon="-106.3130310">
    <ele>3344.9</ele>
    <time>2026-10-04T15:36:36Z</time>
   </trkpt>
   <trkpt lat="41.3525330" lon="-106.3130170">
    <ele>3344.8</ele>
    <time>2026-10-04T15:36:37Z</time>
   </trkpt>
   <trkpt lat="41.3525550" lon="-106.3129960">
    <ele>3344.7</ele>
    <time>2026-10-04T15:36:38Z</time>
   </trkpt>
   <trkpt lat="41.3525630" lon="-106.3129890">
    <ele>3344.7</ele>
    <time>2026-10-04T15:36:39Z</time>
   </trkpt>
   <trkpt lat="41.3525690" lon="-106.3129740">
    <ele>3344.6</ele>
    <time>2026-10-04T15:36:40Z</time>
   </trkpt>
   <trkpt lat="41.3525730" lon="-106.3129710">
    <ele>3344.6</ele>
    <time>2026-10-04T15:36:41Z</time>
   </trkpt>
   <trkpt lat="41.3525950" lon="-106.3129640">
    <ele>3344.5</ele>
    <time>2026-10-04T15:36:42Z</time>
   </trkpt>
   <trkpt lat="41.3526190" lon="-106.3129520">
    <ele>3344.4</ele>
    <time>2026-10-04T15:36:43Z</time>
   </trkpt>
   <trkpt lat="41.3526280" lon="-106.3129430">
    <ele>3344.3</ele>
    <time>2026-10-04T15:36:44Z</time>
   </trkpt>
   <trkpt lat="41.3526390" lon="-106.3129210">
    <ele>3344.2</ele>
    <time>2026-10-04T15:36:45Z</time>
   </trkpt>
   <trkpt lat="41.3526500" lon="-106.3129100">
    <ele>3344.2</ele>
    <time>2026-10-04T15:36:46Z</time>
   </trkpt>
   <trkpt lat="41.3526680" lon="-106.3128970">
    <ele>3344.1</ele>
    <time>2026-10-04T15:36:47Z</time>
   </trkpt>
   <trkpt lat="41.3526810" lon="-106.3128820">
    <ele>3344.0</ele>
    <time>2026-10-04T15:36:48Z</time>
   </trkpt>
   <trkpt lat="41.3526980" lon="-106.3128690">
    <ele>3343.9</ele>
    <time>2026-10-04T15:36:49Z</time>
   </trkpt>
   <trkpt lat="41.3527120" lon="-106.3128520">
    <ele>3343.9</ele>
    <time>2026-10-04T15:36:50Z</time>
   </trkpt>
   <trkpt lat="41.3527300" lon="-106.3128430">
    <ele>3343.8</ele>
    <time>2026-10-04T15:36:51Z</time>
   </trkpt>
   <trkpt lat="41.3527400" lon="-106.3128230">
    <ele>3343.8</ele>
    <time>2026-10-04T15:36:52Z</time>
   </trkpt>
   <trkpt lat="41.3527580" lon="-106.3128150">
    <ele>3343.7</ele>
    <time>2026-10-04T15:36:53Z</time>
   </trkpt>
   <trkpt lat="41.3527660" lon="-106.3127950">
    <ele>3343.7</ele>
    <time>2026-10-04T15:36:54Z</time>
   </trkpt>
   <trkpt lat="41.3527760" lon="-106.3127770">
    <ele>3343.6</ele>
    <time>2026-10-04T15:36:55Z</time>
   </trkpt>
   <trkpt lat="41.3527950" lon="-106.3127610">
    <ele>3343.6</ele>
    <time>2026-10-04T15:36:56Z</time>
   </trkpt>
   <trkpt lat="41.3528110" lon="-106.3127400">
    <ele>3343.5</ele>
    <time>2026-10-04T15:36:57Z</time>
   </trkpt>
   <trkpt lat="41.3528260" lon="-106.3127240">
    <ele>3343.5</ele>
    <time>2026-10-04T15:36:58Z</time>
   </trkpt>
   <trkpt lat="41.3528370" lon="-106.3127030">
    <ele>3343.5</ele>
    <time>2026-10-04T15:36:59Z</time>
   </trkpt>
   <trkpt lat="41.3528560" lon="-106.3126880">
    <ele>3343.5</ele>
    <time>2026-10-04T15:37:00Z</time>
   </trkpt>
   <trkpt lat="41.3528730" lon="-106.3126810">
    <ele>3343.5</ele>
    <time>2026-10-04T15:37:01Z</time>
   </trkpt>
   <trkpt lat="41.3528840" lon="-106.3126690">
    <ele>3343.5</ele>
    <time>2026-10-04T15:37:02Z</time>
   </trkpt>
   <trkpt lat="41.3529030" lon="-106.3126620">
    <ele>3343.5</ele>
    <time>2026-10-04T15:37:03Z</time>
   </trkpt>
   <trkpt lat="41.3529230" lon="-106.3126520">
    <ele>3343.5</ele>
    <time>2026-10-04T15:37:04Z</time>
   </trkpt>
   <trkpt lat="41.3529340" lon="-106.3126230">
    <ele>3343.5</ele>
    <time>2026-10-04T15:37:05Z</time>
   </trkpt>
   <trkpt lat="41.3529360" lon="-106.3125890">
    <ele>3343.5</ele>
    <time>2026-10-04T15:37:06Z</time>
   </trkpt>
   <trkpt lat="41.3529380" lon="-106.3125750">
    <ele>3343.5</ele>
    <time>2026-10-04T15:37:07Z</time>
   </trkpt>
   <trkpt lat="41.3529420" lon="-106.3125530">
    <ele>3343.5</ele>
    <time>2026-10-04T15:37:08Z</time>
   </trkpt>
   <trkpt lat="41.3529530" lon="-106.3125420">
    <ele>3343.6</ele>
    <time>2026-10-04T15:37:09Z</time>
   </trkpt>
   <trkpt lat="41.3529570" lon="-106.3125280">
    <ele>3343.6</ele>
    <time>2026-10-04T15:37:10Z</time>
   </trkpt>
   <trkpt lat="41.3529780" lon="-106.3125150">
    <ele>3343.6</ele>
    <time>2026-10-04T15:37:11Z</time>
   </trkpt>
   <trkpt lat="41.3529900" lon="-106.3125040">
    <ele>3343.6</ele>
    <time>2026-10-04T15:37:12Z</time>
   </trkpt>
   <trkpt lat="41.3529950" lon="-106.3124790">
    <ele>3343.6</ele>
    <time>2026-10-04T15:37:13Z</time>
   </trkpt>
   <trkpt lat="41.3530010" lon="-106.3124620">
    <ele>3343.7</ele>
    <time>2026-10-04T15:37:14Z</time>
   </trkpt>
   <trkpt lat="41.3530140" lon="-106.3124560">
    <ele>3343.7</ele>
    <time>2026-10-04T15:37:15Z</time>
   </trkpt>
   <trkpt lat="41.3530370" lon="-106.3124520">
    <ele>3343.7</ele>
    <time>2026-10-04T15:37:16Z</time>
   </trkpt>
   <trkpt lat="41.3530500" lon="-106.3124330">
    <ele>3343.8</ele>
    <time>2026-10-04T15:37:17Z</time>
   </trkpt>
   <trkpt lat="41.3530580" lon="-106.3124120">
    <ele>3343.8</ele>
    <time>2026-10-04T15:37:18Z</time>
   </trkpt>
   <trkpt lat="41.3530700" lon="-106.3123970">
    <ele>3343.8</ele>
    <time>2026-10-04T15:37:19Z</time>
   </trkpt>
   <trkpt lat="41.3530700" lon="-106.3123790">
    <ele>3343.9</ele>
    <time>2026-10-04T15:37:20Z</time>
   </trkpt>
   <trkpt lat="41.3530810" lon="-106.3123610">
    <ele>3343.9</ele>
    <time>2026-10-04T15:37:21Z</time>
   </trkpt>
   <trkpt lat="41.3530980" lon="-106.3123500">
    <ele>3343.9</ele>
    <time>2026-10-04T15:37:22Z</time>
   </trkpt>
   <trkpt lat="41.3530960" lon="-106.3123230">
    <ele>3344.0</ele>
    <time>2026-10-04T15:37:23Z</time>
   </trkpt>
   <trkpt lat="41.3530920" lon="-106.3122990">
    <ele>3344.0</ele>
    <time>2026-10-04T15:37:24Z</time>
   </trkpt>
   <trkpt lat="41.3530960" lon="-106.3122810">
    <ele>3344.1</ele>
    <time>2026-10-04T15:37:25Z</time>
   </trkpt>
   <trkpt lat="41.3531100" lon="-106.3122550">
    <ele>3344.1</ele>
    <time>2026-10-04T15:37:26Z</time>
   </trkpt>
   <trkpt lat="41.3531180" lon="-106.3122410">
    <ele>3344.2</ele>
    <time>2026-10-04T15:37:27Z</time>
   </trkpt>
   <trkpt lat="41.3531250" lon="-106.3122180">
    <ele>3344.2</ele>
    <time>2026-10-04T15:37:28Z</time>
   </trkpt>
   <trkpt lat="41.3531290" lon="-106.3121870">
    <ele>3344.3</ele>
    <time>2026-10-04T15:37:29Z</time>
   </trkpt>
   <trkpt lat="41.3531270" lon="-106.3121660">
    <ele>3344.3</ele>
    <time>2026-10-04T15:37:30Z</time>
   </trkpt>
   <trkpt lat="41.3531350" lon="-106.3121410">
    <ele>3344.4</ele>
    <time>2026-10-04T15:37:31Z</time>
   </trkpt>
   <trkpt lat="41.3531470" lon="-106.3121190">
    <ele>3344.4</ele>
    <time>2026-10-04T15:37:32Z</time>
   </trkpt>
   <trkpt lat="41.3531560" lon="-106.3120900">
    <ele>3344.5</ele>
    <time>2026-10-04T15:37:33Z</time>
   </trkpt>
   <trkpt lat="41.3531660" lon="-106.3120670">
    <ele>3344.5</ele>
    <time>2026-10-04T15:37:34Z</time>
   </trkpt>
   <trkpt lat="41.3531850" lon="-106.3120490">
    <ele>3344.6</ele>
    <time>2026-10-04T15:37:35Z</time>
   </trkpt>
   <trkpt lat="41.3531950" lon="-106.3120300">
    <ele>3344.6</ele>
    <time>2026-10-04T15:37:36Z</time>
   </trkpt>
   <trkpt lat="41.3532060" lon="-106.3120140">
    <ele>3344.7</ele>
    <time>2026-10-04T15:37:37Z</time>
   </trkpt>
   <trkpt lat="41.3532200" lon="-106.3119920">
    <ele>3344.7</ele>
    <time>2026-10-04T15:37:38Z</time>
   </trkpt>
   <trkpt lat="41.3532340" lon="-106.3119810">
    <ele>3344.7</ele>
    <time>2026-10-04T15:37:39Z</time>
   </trkpt>
   <trkpt lat="41.3532440" lon="-106.3119710">
    <ele>3344.8</ele>
    <time>2026-10-04T15:37:40Z</time>
   </trkpt>
   <trkpt lat="41.3532520" lon="-106.3119570">
    <ele>3344.8</ele>
    <time>2026-10-04T15:37:41Z</time>
   </trkpt>
   <trkpt lat="41.3532520" lon="-106.3119260">
    <ele>3344.8</ele>
    <time>2026-10-04T15:37:42Z</time>
   </trkpt>
   <trkpt lat="41.3532570" lon="-106.3119050">
    <ele>3344.8</ele>
    <time>2026-10-04T15:37:43Z</time>
   </trkpt>
   <trkpt lat="41.3532600" lon="-106.3118980">
    <ele>3344.8</ele>
    <time>2026-10-04T15:37:44Z</time>
   </trkpt>
   <trkpt lat="41.3532690" lon="-106.3118860">
    <ele>3344.8</ele>
    <time>2026-10-04T15:37:45Z</time>
   </trkpt>
   <trkpt lat="41.3532820" lon="-106.3118630">
    <ele>3344.8</ele>
    <time>2026-10-04T15:37:46Z</time>
   </trkpt>
   <trkpt lat="41.3532870" lon="-106.3118520">
    <ele>3344.8</ele>
    <time>2026-10-04T15:37:47Z</time>
   </trkpt>
   <trkpt lat="41.3532860" lon="-106.3118300">
    <ele>3344.8</ele>
    <time>2026-10-04T15:37:48Z</time>
   </trkpt>
   <trkpt lat="41.3532960" lon="-106.3118110">
    <ele>3344.8</ele>
    <time>2026-10-04T15:37:49Z</time>
   </trkpt>
   <trkpt lat="41.3533090" lon="-106.3117930">
    <ele>3344.8</ele>
    <time>2026-10-04T15:37:50Z</time>
   </trkpt>
   <trkpt lat="41.3533170" lon="-106.3117760">
    <ele>3344.7</ele>
    <time>2026-10-04T15:37:51Z</time>
   </trkpt>
   <trkpt lat="41.3533330" lon="-106.3117610">
    <ele>3344.7</ele>
    <time>2026-10-04T15:37:52Z</time>
   </trkpt>
   <trkpt lat="41.3533490" lon="-106.3117520">
    <ele>3344.6</ele>
    <time>2026-10-04T15:37:53Z</time>
   </trkpt>
   <trkpt lat="41.3533690" lon="-106.3117380">
    <ele>3344.6</ele>
    <time>2026-10-04T15:37:54Z</time>
   </trkpt>
   <trkpt lat="41.3533820" lon="-106.3117240">
    <ele>3344.5</ele>
    <time>2026-10-04T15:37:55Z</time>
   </trkpt>
   <trkpt lat="41.3533980" lon="-106.3117110">
    <ele>3344.4</ele>
    <time>2026-10-04T15:37:56Z</time>
   </trkpt>
   <trkpt lat="41.3534190" lon="-106.3117130">
    <ele>3344.4</ele>
    <time>2026-10-04T15:37:57Z</time>
   </trkpt>
   <trkpt lat="41.3534340" lon="-106.3117010">
    <ele>3344.3</ele>
    <time>2026-10-04T15:37:58Z</time>
   </trkpt>
   <trkpt lat="41.3534520" lon="-106.3117080">
    <ele>3344.2</ele>
    <time>2026-10-04T15:37:59Z</time>
   </trkpt>
   <trkpt lat="41.3534700" lon="-106.3117090">
    <ele>3344.2</ele>
    <time>2026-10-04T15:38:00Z</time>
   </trkpt>
   <trkpt lat="41.3534860" lon="-106.3117260">
    <ele>3344.1</ele>
    <time>2026-10-04T15:38:01Z</time>
   </trkpt>
   <trkpt lat="41.3535070" lon="-106.3117380">
    <ele>3344.0</ele>
    <time>2026-10-04T15:38:02Z</time>
   </trkpt>
   <trkpt lat="41.3535240" lon="-106.3117250">
    <ele>3343.9</ele>
    <time>2026-10-04T15:38:03Z</time>
   </trkpt>
   <trkpt lat="41.3535340" lon="-106.3116880">
    <ele>3343.9</ele>
    <time>2026-10-04T15:38:04Z</time>
   </trkpt>
   <trkpt lat="41.3535450" lon="-106.3116710">
    <ele>3343.8</ele>
    <time>2026-10-04T15:38:05Z</time>
   </trkpt>
   <trkpt lat="41.3535490" lon="-106.3116510">
    <ele>3343.8</ele>
    <time>2026-10-04T15:38:06Z</time>
   </trkpt>
   <trkpt lat="41.3535630" lon="-106.3116390">
    <ele>3343.7</ele>
    <time>2026-10-04T15:38:07Z</time>
   </trkpt>
   <trkpt lat="41.3535800" lon="-106.3116350">
    <ele>3343.7</ele>
    <time>2026-10-04T15:38:08Z</time>
   </trkpt>
   <trkpt lat="41.3535850" lon="-106.3116210">
    <ele>3343.7</ele>
    <time>2026-10-04T15:38:09Z</time>
   </trkpt>
   <trkpt lat="41.3535980" lon="-106.3116140">
    <ele>3343.6</ele>
    <time>2026-10-04T15:38:10Z</time>
   </trkpt>
   <trkpt lat="41.3536080" lon="-106.3116170">
    <ele>3343.6</ele>
    <time>2026-10-04T15:38:11Z</time>
   </trkpt>
   <trkpt lat="41.3536250" lon="-106.3116030">
    <ele>3343.6</ele>
    <time>2026-10-04T15:38:13Z</time>
   </trkpt>
   <trkpt lat="41.3536410" lon="-106.3115920">
    <ele>3343.5</ele>
    <time>2026-10-04T15:38:14Z</time>
   </trkpt>
   <trkpt lat="41.3536650" lon="-106.3115590">
    <ele>3343.5</ele>
    <time>2026-10-04T15:38:16Z</time>
   </trkpt>
   <trkpt lat="41.3536940" lon="-106.3115490">
    <ele>3343.5</ele>
    <time>2026-10-04T15:38:17Z</time>
   </trkpt>
   <trkpt lat="41.3537190" lon="-106.3115170">
    <ele>3343.5</ele>
    <time>2026-10-04T15:38:19Z</time>
   </trkpt>
   <trkpt lat="41.3537430" lon="-106.3115050">
    <ele>3343.5</ele>
    <time>2026-10-04T15:38:21Z</time>
   </trkpt>
   <trkpt lat="41.3537650" lon="-106.3115030">
    <ele>3343.5</ele>
    <time>2026-10-04T15:38:22Z</time>
   </trkpt>
   <trkpt lat="41.3538050" lon="-106.3114830">
    <ele>3343.6</ele>
    <time>2026-10-04T15:38:23Z</time>
   </trkpt>
   <trkpt lat="41.3538260" lon="-106.3114650">
    <ele>3343.6</ele>
    <time>2026-10-04T15:38:24Z</time>
   </trkpt>
   <trkpt lat="41.3538460" lon="-106.3114460">
    <ele>3343.7</ele>
    <time>2026-10-04T15:38:25Z</time>
   </trkpt>
   <trkpt lat="41.3538680" lon="-106.3114350">
    <ele>3343.7</ele>
    <time>2026-10-04T15:38:26Z</time>
   </trkpt>
   <trkpt lat="41.3538870" lon="-106.3114180">
    <ele>3343.8</ele>
    <time>2026-10-04T15:38:27Z</time>
   </trkpt>
   <trkpt lat="41.3539020" lon="-106.3114030">
    <ele>3343.8</ele>
    <time>2026-10-04T15:38:28Z</time>
   </trkpt>
   <trkpt lat="41.3539190" lon="-106.3113910">
    <ele>3343.8</ele>
    <time>2026-10-04T15:38:29Z</time>
   </trkpt>
   <trkpt lat="41.3539340" lon="-106.3113730">
    <ele>3343.9</ele>
    <time>2026-10-04T15:38:30Z</time>
   </trkpt>
   <trkpt lat="41.3539540" lon="-106.3113630">
    <ele>3343.9</ele>
    <time>2026-10-04T15:38:31Z</time>
   </trkpt>
   <trkpt lat="41.3539700" lon="-106.3113390">
    <ele>3343.9</ele>
    <time>2026-10-04T15:38:32Z</time>
   </trkpt>
   <trkpt lat="41.3539840" lon="-106.3113260">
    <ele>3344.0</ele>
    <time>2026-10-04T15:38:33Z</time>
   </trkpt>
   <trkpt lat="41.3539950" lon="-106.3113100">
    <ele>3344.0</ele>
    <time>2026-10-04T15:38:34Z</time>
   </trkpt>
   <trkpt lat="41.3540190" lon="-106.3112970">
    <ele>3344.0</ele>
    <time>2026-10-04T15:38:35Z</time>
   </trkpt>
   <trkpt lat="41.3540330" lon="-106.3112710">
    <ele>3344.1</ele>
    <time>2026-10-04T15:38:36Z</time>
   </trkpt>
   <trkpt lat="41.3540450" lon="-106.3112450">
    <ele>3344.1</ele>
    <time>2026-10-04T15:38:37Z</time>
   </trkpt>
   <trkpt lat="41.3540610" lon="-106.3112290">
    <ele>3344.2</ele>
    <time>2026-10-04T15:38:38Z</time>
   </trkpt>
   <trkpt lat="41.3540770" lon="-106.3112070">
    <ele>3344.2</ele>
    <time>2026-10-04T15:38:39Z</time>
   </trkpt>
   <trkpt lat="41.3540930" lon="-106.3111810">
    <ele>3344.2</ele>
    <time>2026-10-04T15:38:40Z</time>
   </trkpt>
   <trkpt lat="41.3541060" lon="-106.3111700">
    <ele>3344.2</ele>
    <time>2026-10-04T15:38:41Z</time>
   </trkpt>
   <trkpt lat="41.3541220" lon="-106.3111690">
    <ele>3344.2</ele>
    <time>2026-10-04T15:38:42Z</time>
   </trkpt>
   <trkpt lat="41.3541370" lon="-106.3111600">
    <ele>3344.2</ele>
    <time>2026-10-04T15:38:43Z</time>
   </trkpt>
   <trkpt lat="41.3541680" lon="-106.3111590">
    <ele>3344.2</ele>
    <time>2026-10-04T15:38:44Z</time>
   </trkpt>
   <trkpt lat="41.3541950" lon="-106.3111530">
    <ele>3344.2</ele>
    <time>2026-10-04T15:38:45Z</time>
   </trkpt>
   <trkpt lat="41.3542100" lon="-106.3111470">
    <ele>3344.2</ele>
    <time>2026-10-04T15:38:46Z</time>
   </trkpt>
   <trkpt lat="41.3542290" lon="-106.3111440">
    <ele>3344.3</ele>
    <time>2026-10-04T15:38:47Z</time>
   </trkpt>
   <trkpt lat="41.3542550" lon="-106.3111430">
    <ele>3344.3</ele>
    <time>2026-10-04T15:38:48Z</time>
   </trkpt>
   <trkpt lat="41.3542740" lon="-106.3111320">
    <ele>3344.4</ele>
    <time>2026-10-04T15:38:49Z</time>
   </trkpt>
   <trkpt lat="41.3542810" lon="-106.3111130">
    <ele>3344.4</ele>
    <time>2026-10-04T15:38:50Z</time>
   </trkpt>
   <trkpt lat="41.3542940" lon="-106.3111140">
    <ele>3344.5</ele>
    <time>2026-10-04T15:38:51Z</time>
   </trkpt>
   <trkpt lat="41.3543080" lon="-106.3111230">
    <ele>3344.5</ele>
    <time>2026-10-04T15:38:52Z</time>
   </trkpt>
   <trkpt lat="41.3543190" lon="-106.3111270">
    <ele>3344.5</ele>
    <time>2026-10-04T15:38:53Z</time>
   </trkpt>
   <trkpt lat="41.3543440" lon="-106.3111270">
    <ele>3344.6</ele>
    <time>2026-10-04T15:38:54Z</time>
   </trkpt>
   <trkpt lat="41.3543710" lon="-106.3111270">
    <ele>3344.7</ele>
    <time>2026-10-04T15:38:55Z</time>
   </trkpt>
   <trkpt lat="41.3543810" lon="-106.3111320">
    <ele>3344.8</ele>
    <time>2026-10-04T15:38:56Z</time>
   </trkpt>
   <trkpt lat="41.3543990" lon="-106.3111460">
    <ele>3344.8</ele>
    <time>2026-10-04T15:38:57Z</time>
   </trkpt>
   <trkpt lat="41.3544130" lon="-106.3111640">
    <ele>3344.9</ele>
    <time>2026-10-04T15:38:58Z</time>
   </trkpt>
   <trkpt lat="41.3544370" lon="-106.3111600">
    <ele>3345.0</ele>
    <time>2026-10-04T15:38:59Z</time>
   </trkpt>
   <trkpt lat="41.3544520" lon="-106.3111580">
    <ele>3345.1</ele>
    <time>2026-10-04T15:39:00Z</time>
   </trkpt>
   <trkpt lat="41.3544740" lon="-106.3111610">
    <ele>3345.2</ele>
    <time>2026-10-04T15:39:01Z</time>
   </trkpt>
   <trkpt lat="41.3544890" lon="-106.3111490">
    <ele>3345.2</ele>
    <time>2026-10-04T15:39:02Z</time>
   </trkpt>
   <trkpt lat="41.3545100" lon="-106.3111590">
    <ele>3345.3</ele>
    <time>2026-10-04T15:39:03Z</time>
   </trkpt>
   <trkpt lat="41.3545350" lon="-106.3111420">
    <ele>3345.5</ele>
    <time>2026-10-04T15:39:04Z</time>
   </trkpt>
   <trkpt lat="41.3545520" lon="-106.3111490">
    <ele>3345.5</ele>
    <time>2026-10-04T15:39:05Z</time>
   </trkpt>
   <trkpt lat="41.3545750" lon="-106.3111730">
    <ele>3345.7</ele>
    <time>2026-10-04T15:39:06Z</time>
   </trkpt>
   <trkpt lat="41.3545970" lon="-106.3111930">
    <ele>3345.7</ele>
    <time>2026-10-04T15:39:07Z</time>
   </trkpt>
   <trkpt lat="41.3546190" lon="-106.3111930">
    <ele>3345.8</ele>
    <time>2026-10-04T15:39:08Z</time>
   </trkpt>
   <trkpt lat="41.3546390" lon="-106.3111920">
    <ele>3345.9</ele>
    <time>2026-10-04T15:39:09Z</time>
   </trkpt>
   <trkpt lat="41.3546490" lon="-106.3112110">
    <ele>3345.9</ele>
    <time>2026-10-04T15:39:10Z</time>
   </trkpt>
   <trkpt lat="41.3546600" lon="-106.3112330">
    <ele>3345.9</ele>
    <time>2026-10-04T15:39:11Z</time>
   </trkpt>
   <trkpt lat="41.3546730" lon="-106.3112510">
    <ele>3346.0</ele>
    <time>2026-10-04T15:39:12Z</time>
   </trkpt>
   <trkpt lat="41.3546910" lon="-106.3112570">
    <ele>3346.0</ele>
    <time>2026-10-04T15:39:13Z</time>
   </trkpt>
   <trkpt lat="41.3547120" lon="-106.3112600">
    <ele>3346.0</ele>
    <time>2026-10-04T15:39:14Z</time>
   </trkpt>
   <trkpt lat="41.3547060" lon="-106.3112640">
    <ele>3346.1</ele>
    <time>2026-10-04T15:39:15Z</time>
   </trkpt>
   <trkpt lat="41.3546450" lon="-106.3110460">
    <ele>3346.6</ele>
    <time>2026-10-04T15:42:04Z</time>
   </trkpt>
   <trkpt lat="41.3546620" lon="-106.3112040">
    <ele>3347.3</ele>
    <time>2026-10-04T15:42:06Z</time>
   </trkpt>
   <trkpt lat="41.3546990" lon="-106.3112150">
    <ele>3347.6</ele>
    <time>2026-10-04T15:42:07Z</time>
   </trkpt>
   <trkpt lat="41.3547110" lon="-106.3112190">
    <ele>3347.7</ele>
    <time>2026-10-04T15:42:08Z</time>
   </trkpt>
   <trkpt lat="41.3547250" lon="-106.3112420">
    <ele>3347.9</ele>
    <time>2026-10-04T15:42:09Z</time>
   </trkpt>
   <trkpt lat="41.3547400" lon="-106.3112700">
    <ele>3348.1</ele>
    <time>2026-10-04T15:42:10Z</time>
   </trkpt>
   <trkpt lat="41.3547550" lon="-106.3112730">
    <ele>3348.2</ele>
    <time>2026-10-04T15:42:11Z</time>
   </trkpt>
   <trkpt lat="41.3547730" lon="-106.3112790">
    <ele>3348.4</ele>
    <time>2026-10-04T15:42:12Z</time>
   </trkpt>
   <trkpt lat="41.3547920" lon="-106.3113020">
    <ele>3348.6</ele>
    <time>2026-10-04T15:42:13Z</time>
   </trkpt>
   <trkpt lat="41.3548060" lon="-106.3113110">
    <ele>3348.7</ele>
    <time>2026-10-04T15:42:14Z</time>
   </trkpt>
   <trkpt lat="41.3548240" lon="-106.3113080">
    <ele>3348.8</ele>
    <time>2026-10-04T15:42:15Z</time>
   </trkpt>
   <trkpt lat="41.3548470" lon="-106.3113090">
    <ele>3349.0</ele>
    <time>2026-10-04T15:42:16Z</time>
   </trkpt>
   <trkpt lat="41.3548630" lon="-106.3113230">
    <ele>3349.1</ele>
    <time>2026-10-04T15:42:17Z</time>
   </trkpt>
   <trkpt lat="41.3548810" lon="-106.3113280">
    <ele>3349.2</ele>
    <time>2026-10-04T15:42:18Z</time>
   </trkpt>
   <trkpt lat="41.3549020" lon="-106.3113390">
    <ele>3349.4</ele>
    <time>2026-10-04T15:42:19Z</time>
   </trkpt>
   <trkpt lat="41.3549250" lon="-106.3113410">
    <ele>3349.5</ele>
    <time>2026-10-04T15:42:20Z</time>
   </trkpt>
   <trkpt lat="41.3549480" lon="-106.3113470">
    <ele>3349.6</ele>
    <time>2026-10-04T15:42:21Z</time>
   </trkpt>
   <trkpt lat="41.3549720" lon="-106.3113490">
    <ele>3349.8</ele>
    <time>2026-10-04T15:42:22Z</time>
   </trkpt>
   <trkpt lat="41.3549920" lon="-106.3113480">
    <ele>3349.9</ele>
    <time>2026-10-04T15:42:23Z</time>
   </trkpt>
   <trkpt lat="41.3550110" lon="-106.3113460">
    <ele>3350.0</ele>
    <time>2026-10-04T15:42:24Z</time>
   </trkpt>
   <trkpt lat="41.3550290" lon="-106.3113440">
    <ele>3350.1</ele>
    <time>2026-10-04T15:42:25Z</time>
   </trkpt>
   <trkpt lat="41.3550490" lon="-106.3113370">
    <ele>3350.2</ele>
    <time>2026-10-04T15:42:26Z</time>
   </trkpt>
   <trkpt lat="41.3550670" lon="-106.3113290">
    <ele>3350.3</ele>
    <time>2026-10-04T15:42:27Z</time>
   </trkpt>
   <trkpt lat="41.3550870" lon="-106.3113220">
    <ele>3350.4</ele>
    <time>2026-10-04T15:42:28Z</time>
   </trkpt>
   <trkpt lat="41.3551110" lon="-106.3113180">
    <ele>3350.5</ele>
    <time>2026-10-04T15:42:29Z</time>
   </trkpt>
   <trkpt lat="41.3551270" lon="-106.3113210">
    <ele>3350.6</ele>
    <time>2026-10-04T15:42:30Z</time>
   </trkpt>
   <trkpt lat="41.3551470" lon="-106.3113210">
    <ele>3350.7</ele>
    <time>2026-10-04T15:42:31Z</time>
   </trkpt>
   <trkpt lat="41.3551660" lon="-106.3113190">
    <ele>3350.9</ele>
    <time>2026-10-04T15:42:32Z</time>
   </trkpt>
   <trkpt lat="41.3551810" lon="-106.3113120">
    <ele>3351.0</ele>
    <time>2026-10-04T15:42:33Z</time>
   </trkpt>
   <trkpt lat="41.3551540" lon="-106.3112790">
    <ele>3351.2</ele>
    <time>2026-10-04T15:42:34Z</time>
   </trkpt>
   <trkpt lat="41.3551680" lon="-106.3112780">
    <ele>3351.3</ele>
    <time>2026-10-04T15:42:35Z</time>
   </trkpt>
   <trkpt lat="41.3551890" lon="-106.3112860">
    <ele>3351.4</ele>
    <time>2026-10-04T15:42:36Z</time>
   </trkpt>
   <trkpt lat="41.3552080" lon="-106.3112850">
    <ele>3351.6</ele>
    <time>2026-10-04T15:42:37Z</time>
   </trkpt>
   <trkpt lat="41.3552380" lon="-106.3112810">
    <ele>3351.8</ele>
    <time>2026-10-04T15:42:38Z</time>
   </trkpt>
   <trkpt lat="41.3552650" lon="-106.3112810">
    <ele>3352.0</ele>
    <time>2026-10-04T15:42:39Z</time>
   </trkpt>
   <trkpt lat="41.3552850" lon="-106.3112680">
    <ele>3352.1</ele>
    <time>2026-10-04T15:42:40Z</time>
   </trkpt>
   <trkpt lat="41.3553040" lon="-106.3112580">
    <ele>3352.3</ele>
    <time>2026-10-04T15:42:41Z</time>
   </trkpt>
   <trkpt lat="41.3553270" lon="-106.3112450">
    <ele>3352.4</ele>
    <time>2026-10-04T15:42:42Z</time>
   </trkpt>
   <trkpt lat="41.3553490" lon="-106.3112510">
    <ele>3352.6</ele>
    <time>2026-10-04T15:42:43Z</time>
   </trkpt>
   <trkpt lat="41.3553670" lon="-106.3112460">
    <ele>3352.7</ele>
    <time>2026-10-04T15:42:44Z</time>
   </trkpt>
   <trkpt lat="41.3553900" lon="-106.3112430">
    <ele>3352.9</ele>
    <time>2026-10-04T15:42:45Z</time>
   </trkpt>
   <trkpt lat="41.3554120" lon="-106.3112440">
    <ele>3353.1</ele>
    <time>2026-10-04T15:42:46Z</time>
   </trkpt>
   <trkpt lat="41.3554250" lon="-106.3112460">
    <ele>3353.2</ele>
    <time>2026-10-04T15:42:47Z</time>
   </trkpt>
   <trkpt lat="41.3554410" lon="-106.3112440">
    <ele>3353.3</ele>
    <time>2026-10-04T15:42:48Z</time>
   </trkpt>
   <trkpt lat="41.3554570" lon="-106.3112310">
    <ele>3353.5</ele>
    <time>2026-10-04T15:42:49Z</time>
   </trkpt>
   <trkpt lat="41.3554660" lon="-106.3112040">
    <ele>3353.6</ele>
    <time>2026-10-04T15:42:50Z</time>
   </trkpt>
   <trkpt lat="41.3554740" lon="-106.3111760">
    <ele>3353.8</ele>
    <time>2026-10-04T15:42:51Z</time>
   </trkpt>
   <trkpt lat="41.3554860" lon="-106.3111580">
    <ele>3354.0</ele>
    <time>2026-10-04T15:42:52Z</time>
   </trkpt>
   <trkpt lat="41.3554970" lon="-106.3111450">
    <ele>3354.1</ele>
    <time>2026-10-04T15:42:53Z</time>
   </trkpt>
   <trkpt lat="41.3555060" lon="-106.3111330">
    <ele>3354.2</ele>
    <time>2026-10-04T15:42:54Z</time>
   </trkpt>
   <trkpt lat="41.3555160" lon="-106.3111210">
    <ele>3354.3</ele>
    <time>2026-10-04T15:42:55Z</time>
   </trkpt>
   <trkpt lat="41.3555310" lon="-106.3111200">
    <ele>3354.4</ele>
    <time>2026-10-04T15:42:56Z</time>
   </trkpt>
   <trkpt lat="41.3555390" lon="-106.3111180">
    <ele>3354.5</ele>
    <time>2026-10-04T15:42:57Z</time>
   </trkpt>
   <trkpt lat="41.3555500" lon="-106.3111140">
    <ele>3354.6</ele>
    <time>2026-10-04T15:42:58Z</time>
   </trkpt>
   <trkpt lat="41.3555610" lon="-106.3111120">
    <ele>3354.7</ele>
    <time>2026-10-04T15:42:59Z</time>
   </trkpt>
   <trkpt lat="41.3555720" lon="-106.3111040">
    <ele>3354.9</ele>
    <time>2026-10-04T15:43:00Z</time>
   </trkpt>
   <trkpt lat="41.3555790" lon="-106.3110930">
    <ele>3355.0</ele>
    <time>2026-10-04T15:43:01Z</time>
   </trkpt>
   <trkpt lat="41.3555850" lon="-106.3110900">
    <ele>3355.0</ele>
    <time>2026-10-04T15:43:02Z</time>
   </trkpt>
   <trkpt lat="41.3555980" lon="-106.3110870">
    <ele>3355.2</ele>
    <time>2026-10-04T15:43:03Z</time>
   </trkpt>
   <trkpt lat="41.3556110" lon="-106.3110810">
    <ele>3355.3</ele>
    <time>2026-10-04T15:43:04Z</time>
   </trkpt>
   <trkpt lat="41.3556170" lon="-106.3110770">
    <ele>3355.4</ele>
    <time>2026-10-04T15:43:05Z</time>
   </trkpt>
   <trkpt lat="41.3556320" lon="-106.3110760">
    <ele>3355.5</ele>
    <time>2026-10-04T15:43:06Z</time>
   </trkpt>
   <trkpt lat="41.3556380" lon="-106.3110650">
    <ele>3355.7</ele>
    <time>2026-10-04T15:43:07Z</time>
   </trkpt>
   <trkpt lat="41.3556480" lon="-106.3110530">
    <ele>3355.8</ele>
    <time>2026-10-04T15:43:08Z</time>
   </trkpt>
   <trkpt lat="41.3556690" lon="-106.3110410">
    <ele>3356.1</ele>
    <time>2026-10-04T15:43:09Z</time>
   </trkpt>
   <trkpt lat="41.3556730" lon="-106.3110290">
    <ele>3356.2</ele>
    <time>2026-10-04T15:43:10Z</time>
   </trkpt>
   <trkpt lat="41.3556840" lon="-106.3110180">
    <ele>3356.3</ele>
    <time>2026-10-04T15:43:11Z</time>
   </trkpt>
   <trkpt lat="41.3556930" lon="-106.3110150">
    <ele>3356.4</ele>
    <time>2026-10-04T15:43:12Z</time>
   </trkpt>
   <trkpt lat="41.3557020" lon="-106.3110080">
    <ele>3356.5</ele>
    <time>2026-10-04T15:43:13Z</time>
   </trkpt>
   <trkpt lat="41.3557140" lon="-106.3110070">
    <ele>3356.7</ele>
    <time>2026-10-04T15:43:14Z</time>
   </trkpt>
   <trkpt lat="41.3557310" lon="-106.3110000">
    <ele>3356.9</ele>
    <time>2026-10-04T15:43:15Z</time>
   </trkpt>
   <trkpt lat="41.3557500" lon="-106.3109840">
    <ele>3357.1</ele>
    <time>2026-10-04T15:43:16Z</time>
   </trkpt>
   <trkpt lat="41.3557500" lon="-106.3109610">
    <ele>3357.3</ele>
    <time>2026-10-04T15:43:17Z</time>
   </trkpt>
   <trkpt lat="41.3557580" lon="-106.3109470">
    <ele>3357.4</ele>
    <time>2026-10-04T15:43:18Z</time>
   </trkpt>
   <trkpt lat="41.3557660" lon="-106.3109330">
    <ele>3357.6</ele>
    <time>2026-10-04T15:43:19Z</time>
   </trkpt>
   <trkpt lat="41.3557760" lon="-106.3109260">
    <ele>3357.7</ele>
    <time>2026-10-04T15:43:20Z</time>
   </trkpt>
   <trkpt lat="41.3557960" lon="-106.3109170">
    <ele>3357.9</ele>
    <time>2026-10-04T15:43:21Z</time>
   </trkpt>
   <trkpt lat="41.3558030" lon="-106.3108990">
    <ele>3358.1</ele>
    <time>2026-10-04T15:43:22Z</time>
   </trkpt>
   <trkpt lat="41.3558050" lon="-106.3108880">
    <ele>3358.1</ele>
    <time>2026-10-04T15:43:23Z</time>
   </trkpt>
   <trkpt lat="41.3558050" lon="-106.3108740">
    <ele>3358.2</ele>
    <time>2026-10-04T15:43:24Z</time>
   </trkpt>
   <trkpt lat="41.3558140" lon="-106.3108580">
    <ele>3358.4</ele>
    <time>2026-10-04T15:43:25Z</time>
   </trkpt>
   <trkpt lat="41.3558210" lon="-106.3108430">
    <ele>3358.5</ele>
    <time>2026-10-04T15:43:26Z</time>
   </trkpt>
   <trkpt lat="41.3558230" lon="-106.3108370">
    <ele>3358.6</ele>
    <time>2026-10-04T15:43:27Z</time>
   </trkpt>
   <trkpt lat="41.3558200" lon="-106.3108190">
    <ele>3358.7</ele>
    <time>2026-10-04T15:43:28Z</time>
   </trkpt>
   <trkpt lat="41.3558250" lon="-106.3108000">
    <ele>3358.8</ele>
    <time>2026-10-04T15:43:29Z</time>
   </trkpt>
   <trkpt lat="41.3558340" lon="-106.3107900">
    <ele>3358.9</ele>
    <time>2026-10-04T15:43:30Z</time>
   </trkpt>
   <trkpt lat="41.3558480" lon="-106.3107850">
    <ele>3359.1</ele>
    <time>2026-10-04T15:43:31Z</time>
   </trkpt>
   <trkpt lat="41.3558540" lon="-106.3107800">
    <ele>3359.1</ele>
    <time>2026-10-04T15:43:32Z</time>
   </trkpt>
   <trkpt lat="41.3558590" lon="-106.3107650">
    <ele>3359.2</ele>
    <time>2026-10-04T15:43:33Z</time>
   </trkpt>
   <trkpt lat="41.3558690" lon="-106.3107470">
    <ele>3359.4</ele>
    <time>2026-10-04T15:43:34Z</time>
   </trkpt>
   <trkpt lat="41.3558850" lon="-106.3107380">
    <ele>3359.5</ele>
    <time>2026-10-04T15:43:35Z</time>
   </trkpt>
   <trkpt lat="41.3558960" lon="-106.3107280">
    <ele>3359.7</ele>
    <time>2026-10-04T15:43:36Z</time>
   </trkpt>
   <trkpt lat="41.3559050" lon="-106.3107190">
    <ele>3359.7</ele>
    <time>2026-10-04T15:43:37Z</time>
   </trkpt>
   <trkpt lat="41.3559100" lon="-106.3107160">
    <ele>3359.8</ele>
    <time>2026-10-04T15:43:38Z</time>
   </trkpt>
   <trkpt lat="41.3559280" lon="-106.3107090">
    <ele>3359.9</ele>
    <time>2026-10-04T15:43:39Z</time>
   </trkpt>
   <trkpt lat="41.3559410" lon="-106.3107060">
    <ele>3360.1</ele>
    <time>2026-10-04T15:43:40Z</time>
   </trkpt>
   <trkpt lat="41.3559530" lon="-106.3106870">
    <ele>3360.2</ele>
    <time>2026-10-04T15:43:41Z</time>
   </trkpt>
   <trkpt lat="41.3559550" lon="-106.3106760">
    <ele>3360.3</ele>
    <time>2026-10-04T15:43:42Z</time>
   </trkpt>
   <trkpt lat="41.3559590" lon="-106.3106500">
    <ele>3360.4</ele>
    <time>2026-10-04T15:43:43Z</time>
   </trkpt>
   <trkpt lat="41.3559750" lon="-106.3106310">
    <ele>3360.6</ele>
    <time>2026-10-04T15:43:44Z</time>
   </trkpt>
   <trkpt lat="41.3559890" lon="-106.3106230">
    <ele>3360.8</ele>
    <time>2026-10-04T15:43:45Z</time>
   </trkpt>
   <trkpt lat="41.3560080" lon="-106.3106160">
    <ele>3360.9</ele>
    <time>2026-10-04T15:43:46Z</time>
   </trkpt>
   <trkpt lat="41.3560150" lon="-106.3106070">
    <ele>3361.0</ele>
    <time>2026-10-04T15:43:47Z</time>
   </trkpt>
   <trkpt lat="41.3560120" lon="-106.3105880">
    <ele>3361.1</ele>
    <time>2026-10-04T15:43:48Z</time>
   </trkpt>
   <trkpt lat="41.3560230" lon="-106.3105820">
    <ele>3361.2</ele>
    <time>2026-10-04T15:43:49Z</time>
   </trkpt>
   <trkpt lat="41.3560300" lon="-106.3105770">
    <ele>3361.3</ele>
    <time>2026-10-04T15:43:50Z</time>
   </trkpt>
   <trkpt lat="41.3560440" lon="-106.3105710">
    <ele>3361.5</ele>
    <time>2026-10-04T15:43:51Z</time>
   </trkpt>
   <trkpt lat="41.3560570" lon="-106.3105750">
    <ele>3361.6</ele>
    <time>2026-10-04T15:43:52Z</time>
   </trkpt>
   <trkpt lat="41.3560610" lon="-106.3105620">
    <ele>3361.7</ele>
    <time>2026-10-04T15:43:53Z</time>
   </trkpt>
   <trkpt lat="41.3560680" lon="-106.3105500">
    <ele>3361.8</ele>
    <time>2026-10-04T15:43:54Z</time>
   </trkpt>
   <trkpt lat="41.3560770" lon="-106.3105240">
    <ele>3362.0</ele>
    <time>2026-10-04T15:43:55Z</time>
   </trkpt>
   <trkpt lat="41.3560890" lon="-106.3105100">
    <ele>3362.2</ele>
    <time>2026-10-04T15:43:56Z</time>
   </trkpt>
   <trkpt lat="41.3561040" lon="-106.3104990">
    <ele>3362.4</ele>
    <time>2026-10-04T15:43:57Z</time>
   </trkpt>
   <trkpt lat="41.3560970" lon="-106.3104940">
    <ele>3362.5</ele>
    <time>2026-10-04T15:43:58Z</time>
   </trkpt>
   <trkpt lat="41.3561070" lon="-106.3104700">
    <ele>3362.7</ele>
    <time>2026-10-04T15:43:59Z</time>
   </trkpt>
   <trkpt lat="41.3561210" lon="-106.3104590">
    <ele>3362.9</ele>
    <time>2026-10-04T15:44:00Z</time>
   </trkpt>
   <trkpt lat="41.3561270" lon="-106.3104510">
    <ele>3363.0</ele>
    <time>2026-10-04T15:44:01Z</time>
   </trkpt>
   <trkpt lat="41.3561350" lon="-106.3104530">
    <ele>3363.1</ele>
    <time>2026-10-04T15:44:02Z</time>
   </trkpt>
   <trkpt lat="41.3561390" lon="-106.3104520">
    <ele>3363.2</ele>
    <time>2026-10-04T15:44:03Z</time>
   </trkpt>
   <trkpt lat="41.3561500" lon="-106.3104330">
    <ele>3363.4</ele>
    <time>2026-10-04T15:44:04Z</time>
   </trkpt>
   <trkpt lat="41.3561690" lon="-106.3104140">
    <ele>3363.7</ele>
    <time>2026-10-04T15:44:05Z</time>
   </trkpt>
   <trkpt lat="41.3561700" lon="-106.3103940">
    <ele>3363.8</ele>
    <time>2026-10-04T15:44:06Z</time>
   </trkpt>
   <trkpt lat="41.3561700" lon="-106.3103830">
    <ele>3363.9</ele>
    <time>2026-10-04T15:44:07Z</time>
   </trkpt>
   <trkpt lat="41.3561750" lon="-106.3103660">
    <ele>3364.1</ele>
    <time>2026-10-04T15:44:08Z</time>
   </trkpt>
   <trkpt lat="41.3561760" lon="-106.3103420">
    <ele>3364.3</ele>
    <time>2026-10-04T15:44:09Z</time>
   </trkpt>
   <trkpt lat="41.3561810" lon="-106.3103330">
    <ele>3364.4</ele>
    <time>2026-10-04T15:44:10Z</time>
   </trkpt>
   <trkpt lat="41.3561890" lon="-106.3103300">
    <ele>3364.5</ele>
    <time>2026-10-04T15:44:11Z</time>
   </trkpt>
   <trkpt lat="41.3562060" lon="-106.3103170">
    <ele>3364.7</ele>
    <time>2026-10-04T15:44:12Z</time>
   </trkpt>
   <trkpt lat="41.3562040" lon="-106.3103140">
    <ele>3364.8</ele>
    <time>2026-10-04T15:44:13Z</time>
   </trkpt>
   <trkpt lat="41.3562070" lon="-106.3103050">
    <ele>3364.9</ele>
    <time>2026-10-04T15:44:14Z</time>
   </trkpt>
   <trkpt lat="41.3562120" lon="-106.3102890">
    <ele>3365.0</ele>
    <time>2026-10-04T15:44:15Z</time>
   </trkpt>
   <trkpt lat="41.3562100" lon="-106.3102800">
    <ele>3365.1</ele>
    <time>2026-10-04T15:44:16Z</time>
   </trkpt>
   <trkpt lat="41.3562180" lon="-106.3102710">
    <ele>3365.2</ele>
    <time>2026-10-04T15:44:17Z</time>
   </trkpt>
   <trkpt lat="41.3562390" lon="-106.3102520">
    <ele>3365.5</ele>
    <time>2026-10-04T15:44:18Z</time>
   </trkpt>
   <trkpt lat="41.3562610" lon="-106.3102380">
    <ele>3365.8</ele>
    <time>2026-10-04T15:44:19Z</time>
   </trkpt>
   <trkpt lat="41.3562770" lon="-106.3102260">
    <ele>3366.0</ele>
    <time>2026-10-04T15:44:20Z</time>
   </trkpt>
   <trkpt lat="41.3562750" lon="-106.3102090">
    <ele>3366.1</ele>
    <time>2026-10-04T15:44:21Z</time>
   </trkpt>
   <trkpt lat="41.3562830" lon="-106.3101950">
    <ele>3366.2</ele>
    <time>2026-10-04T15:44:22Z</time>
   </trkpt>
   <trkpt lat="41.3562910" lon="-106.3101800">
    <ele>3366.4</ele>
    <time>2026-10-04T15:44:23Z</time>
   </trkpt>
   <trkpt lat="41.3563070" lon="-106.3101690">
    <ele>3366.6</ele>
    <time>2026-10-04T15:44:24Z</time>
   </trkpt>
   <trkpt lat="41.3563140" lon="-106.3101470">
    <ele>3366.7</ele>
    <time>2026-10-04T15:44:25Z</time>
   </trkpt>
   <trkpt lat="41.3563270" lon="-106.3101330">
    <ele>3366.9</ele>
    <time>2026-10-04T15:44:26Z</time>
   </trkpt>
   <trkpt lat="41.3563400" lon="-106.3101240">
    <ele>3367.0</ele>
    <time>2026-10-04T15:44:27Z</time>
   </trkpt>
   <trkpt lat="41.3563510" lon="-106.3101120">
    <ele>3367.1</ele>
    <time>2026-10-04T15:44:28Z</time>
   </trkpt>
   <trkpt lat="41.3563630" lon="-106.3101050">
    <ele>3367.2</ele>
    <time>2026-10-04T15:44:29Z</time>
   </trkpt>
   <trkpt lat="41.3563720" lon="-106.3100950">
    <ele>3367.3</ele>
    <time>2026-10-04T15:44:30Z</time>
   </trkpt>
   <trkpt lat="41.3563880" lon="-106.3100870">
    <ele>3367.4</ele>
    <time>2026-10-04T15:44:31Z</time>
   </trkpt>
   <trkpt lat="41.3564030" lon="-106.3100810">
    <ele>3367.5</ele>
    <time>2026-10-04T15:44:32Z</time>
   </trkpt>
   <trkpt lat="41.3564120" lon="-106.3100690">
    <ele>3367.6</ele>
    <time>2026-10-04T15:44:33Z</time>
   </trkpt>
   <trkpt lat="41.3564250" lon="-106.3100660">
    <ele>3367.7</ele>
    <time>2026-10-04T15:44:34Z</time>
   </trkpt>
   <trkpt lat="41.3564330" lon="-106.3100590">
    <ele>3367.8</ele>
    <time>2026-10-04T15:44:35Z</time>
   </trkpt>
   <trkpt lat="41.3564370" lon="-106.3100550">
    <ele>3367.8</ele>
    <time>2026-10-04T15:44:36Z</time>
   </trkpt>
   <trkpt lat="41.3564430" lon="-106.3100530">
    <ele>3367.8</ele>
    <time>2026-10-04T15:44:37Z</time>
   </trkpt>
   <trkpt lat="41.3564460" lon="-106.3100570">
    <ele>3367.9</ele>
    <time>2026-10-04T15:44:38Z</time>
   </trkpt>
   <trkpt lat="41.3564490" lon="-106.3100500">
    <ele>3367.9</ele>
    <time>2026-10-04T15:44:39Z</time>
   </trkpt>
   <trkpt lat="41.3564570" lon="-106.3100430">
    <ele>3367.9</ele>
    <time>2026-10-04T15:44:40Z</time>
   </trkpt>
   <trkpt lat="41.3564600" lon="-106.3100290">
    <ele>3368.0</ele>
    <time>2026-10-04T15:44:41Z</time>
   </trkpt>
   <trkpt lat="41.3564750" lon="-106.3100220">
    <ele>3368.1</ele>
    <time>2026-10-04T15:44:42Z</time>
   </trkpt>
   <trkpt lat="41.3564820" lon="-106.3100170">
    <ele>3368.1</ele>
    <time>2026-10-04T15:44:43Z</time>
   </trkpt>
   <trkpt lat="41.3564890" lon="-106.3100110">
    <ele>3368.2</ele>
    <time>2026-10-04T15:44:44Z</time>
   </trkpt>
   <trkpt lat="41.3565020" lon="-106.3100020">
    <ele>3368.3</ele>
    <time>2026-10-04T15:44:45Z</time>
   </trkpt>
   <trkpt lat="41.3565110" lon="-106.3099950">
    <ele>3368.3</ele>
    <time>2026-10-04T15:44:46Z</time>
   </trkpt>
   <trkpt lat="41.3565260" lon="-106.3099880">
    <ele>3368.4</ele>
    <time>2026-10-04T15:44:47Z</time>
   </trkpt>
   <trkpt lat="41.3565250" lon="-106.3099770">
    <ele>3368.5</ele>
    <time>2026-10-04T15:44:48Z</time>
   </trkpt>
   <trkpt lat="41.3565350" lon="-106.3099670">
    <ele>3368.5</ele>
    <time>2026-10-04T15:44:49Z</time>
   </trkpt>
   <trkpt lat="41.3565410" lon="-106.3099540">
    <ele>3368.6</ele>
    <time>2026-10-04T15:44:50Z</time>
   </trkpt>
   <trkpt lat="41.3565450" lon="-106.3099430">
    <ele>3368.7</ele>
    <time>2026-10-04T15:44:51Z</time>
   </trkpt>
   <trkpt lat="41.3565540" lon="-106.3099410">
    <ele>3368.7</ele>
    <time>2026-10-04T15:44:52Z</time>
   </trkpt>
   <trkpt lat="41.3565640" lon="-106.3099390">
    <ele>3368.8</ele>
    <time>2026-10-04T15:44:53Z</time>
   </trkpt>
   <trkpt lat="41.3565710" lon="-106.3099300">
    <ele>3368.9</ele>
    <time>2026-10-04T15:44:54Z</time>
   </trkpt>
   <trkpt lat="41.3565870" lon="-106.3099260">
    <ele>3369.0</ele>
    <time>2026-10-04T15:44:55Z</time>
   </trkpt>
   <trkpt lat="41.3565940" lon="-106.3099230">
    <ele>3369.0</ele>
    <time>2026-10-04T15:44:56Z</time>
   </trkpt>
   <trkpt lat="41.3566020" lon="-106.3099240">
    <ele>3369.1</ele>
    <time>2026-10-04T15:44:57Z</time>
   </trkpt>
   <trkpt lat="41.3566180" lon="-106.3099310">
    <ele>3369.2</ele>
    <time>2026-10-04T15:44:58Z</time>
   </trkpt>
   <trkpt lat="41.3566340" lon="-106.3099280">
    <ele>3369.3</ele>
    <time>2026-10-04T15:44:59Z</time>
   </trkpt>
   <trkpt lat="41.3566450" lon="-106.3099170">
    <ele>3369.5</ele>
    <time>2026-10-04T15:45:00Z</time>
   </trkpt>
   <trkpt lat="41.3566670" lon="-106.3099190">
    <ele>3369.6</ele>
    <time>2026-10-04T15:45:01Z</time>
   </trkpt>
   <trkpt lat="41.3566820" lon="-106.3099210">
    <ele>3369.7</ele>
    <time>2026-10-04T15:45:02Z</time>
   </trkpt>
   <trkpt lat="41.3566960" lon="-106.3099210">
    <ele>3369.9</ele>
    <time>2026-10-04T15:45:03Z</time>
   </trkpt>
   <trkpt lat="41.3567070" lon="-106.3099230">
    <ele>3369.9</ele>
    <time>2026-10-04T15:45:04Z</time>
   </trkpt>
   <trkpt lat="41.3567240" lon="-106.3099180">
    <ele>3370.1</ele>
    <time>2026-10-04T15:45:05Z</time>
   </trkpt>
   <trkpt lat="41.3567350" lon="-106.3099140">
    <ele>3370.2</ele>
    <time>2026-10-04T15:45:06Z</time>
   </trkpt>
   <trkpt lat="41.3567490" lon="-106.3099040">
    <ele>3370.3</ele>
    <time>2026-10-04T15:45:07Z</time>
   </trkpt>
   <trkpt lat="41.3567590" lon="-106.3098970">
    <ele>3370.4</ele>
    <time>2026-10-04T15:45:08Z</time>
   </trkpt>
   <trkpt lat="41.3567750" lon="-106.3098920">
    <ele>3370.5</ele>
    <time>2026-10-04T15:45:09Z</time>
   </trkpt>
   <trkpt lat="41.3567870" lon="-106.3098950">
    <ele>3370.6</ele>
    <time>2026-10-04T15:45:10Z</time>
   </trkpt>
   <trkpt lat="41.3567970" lon="-106.3098950">
    <ele>3370.6</ele>
    <time>2026-10-04T15:45:11Z</time>
   </trkpt>
   <trkpt lat="41.3568080" lon="-106.3098790">
    <ele>3370.7</ele>
    <time>2026-10-04T15:45:12Z</time>
   </trkpt>
   <trkpt lat="41.3568250" lon="-106.3098790">
    <ele>3370.8</ele>
    <time>2026-10-04T15:45:13Z</time>
   </trkpt>
   <trkpt lat="41.3568380" lon="-106.3098770">
    <ele>3370.9</ele>
    <time>2026-10-04T15:45:14Z</time>
   </trkpt>
   <trkpt lat="41.3568490" lon="-106.3098770">
    <ele>3370.9</ele>
    <time>2026-10-04T15:45:15Z</time>
   </trkpt>
   <trkpt lat="41.3568590" lon="-106.3098690">
    <ele>3371.0</ele>
    <time>2026-10-04T15:45:16Z</time>
   </trkpt>
   <trkpt lat="41.3568710" lon="-106.3098670">
    <ele>3371.0</ele>
    <time>2026-10-04T15:45:17Z</time>
   </trkpt>
   <trkpt lat="41.3568710" lon="-106.3098640">
    <ele>3371.0</ele>
    <time>2026-10-04T15:45:18Z</time>
   </trkpt>
   <trkpt lat="41.3568780" lon="-106.3098530">
    <ele>3371.1</ele>
    <time>2026-10-04T15:45:19Z</time>
   </trkpt>
   <trkpt lat="41.3568880" lon="-106.3098510">
    <ele>3371.1</ele>
    <time>2026-10-04T15:45:20Z</time>
   </trkpt>
   <trkpt lat="41.3568980" lon="-106.3098460">
    <ele>3371.1</ele>
    <time>2026-10-04T15:45:21Z</time>
   </trkpt>
   <trkpt lat="41.3569160" lon="-106.3098320">
    <ele>3371.2</ele>
    <time>2026-10-04T15:45:22Z</time>
   </trkpt>
   <trkpt lat="41.3569260" lon="-106.3098340">
    <ele>3371.2</ele>
    <time>2026-10-04T15:45:23Z</time>
   </trkpt>
   <trkpt lat="41.3569340" lon="-106.3098210">
    <ele>3371.3</ele>
    <time>2026-10-04T15:45:24Z</time>
   </trkpt>
   <trkpt lat="41.3569520" lon="-106.3098140">
    <ele>3371.3</ele>
    <time>2026-10-04T15:45:25Z</time>
   </trkpt>
   <trkpt lat="41.3569590" lon="-106.3098060">
    <ele>3371.4</ele>
    <time>2026-10-04T15:45:26Z</time>
   </trkpt>
   <trkpt lat="41.3569750" lon="-106.3097990">
    <ele>3371.4</ele>
    <time>2026-10-04T15:45:27Z</time>
   </trkpt>
   <trkpt lat="41.3569910" lon="-106.3097910">
    <ele>3371.4</ele>
    <time>2026-10-04T15:45:28Z</time>
   </trkpt>
   <trkpt lat="41.3570090" lon="-106.3097800">
    <ele>3371.5</ele>
    <time>2026-10-04T15:45:29Z</time>
   </trkpt>
   <trkpt lat="41.3570160" lon="-106.3097830">
    <ele>3371.5</ele>
    <time>2026-10-04T15:45:30Z</time>
   </trkpt>
   <trkpt lat="41.3570330" lon="-106.3097850">
    <ele>3371.6</ele>
    <time>2026-10-04T15:45:31Z</time>
   </trkpt>
   <trkpt lat="41.3570540" lon="-106.3097980">
    <ele>3371.6</ele>
    <time>2026-10-04T15:45:32Z</time>
   </trkpt>
   <trkpt lat="41.3570610" lon="-106.3097960">
    <ele>3371.6</ele>
    <time>2026-10-04T15:45:33Z</time>
   </trkpt>
   <trkpt lat="41.3570760" lon="-106.3097900">
    <ele>3371.6</ele>
    <time>2026-10-04T15:45:34Z</time>
   </trkpt>
   <trkpt lat="41.3570920" lon="-106.3097950">
    <ele>3371.7</ele>
    <time>2026-10-04T15:45:35Z</time>
   </trkpt>
   <trkpt lat="41.3571000" lon="-106.3097850">
    <ele>3371.7</ele>
    <time>2026-10-04T15:45:36Z</time>
   </trkpt>
   <trkpt lat="41.3571180" lon="-106.3097880">
    <ele>3371.7</ele>
    <time>2026-10-04T15:45:37Z</time>
   </trkpt>
   <trkpt lat="41.3571270" lon="-106.3097730">
    <ele>3371.7</ele>
    <time>2026-10-04T15:45:38Z</time>
   </trkpt>
   <trkpt lat="41.3571460" lon="-106.3097770">
    <ele>3371.7</ele>
    <time>2026-10-04T15:45:39Z</time>
   </trkpt>
   <trkpt lat="41.3571590" lon="-106.3097790">
    <ele>3371.7</ele>
    <time>2026-10-04T15:45:40Z</time>
   </trkpt>
   <trkpt lat="41.3571730" lon="-106.3097740">
    <ele>3371.7</ele>
    <time>2026-10-04T15:45:41Z</time>
   </trkpt>
   <trkpt lat="41.3571860" lon="-106.3097690">
    <ele>3371.7</ele>
    <time>2026-10-04T15:45:42Z</time>
   </trkpt>
   <trkpt lat="41.3571970" lon="-106.3097650">
    <ele>3371.7</ele>
    <time>2026-10-04T15:45:43Z</time>
   </trkpt>
   <trkpt lat="41.3572180" lon="-106.3097650">
    <ele>3371.7</ele>
    <time>2026-10-04T15:45:44Z</time>
   </trkpt>
   <trkpt lat="41.3572300" lon="-106.3097600">
    <ele>3371.7</ele>
    <time>2026-10-04T15:45:45Z</time>
   </trkpt>
   <trkpt lat="41.3572430" lon="-106.3097540">
    <ele>3371.7</ele>
    <time>2026-10-04T15:45:46Z</time>
   </trkpt>
   <trkpt lat="41.3572620" lon="-106.3097490">
    <ele>3371.7</ele>
    <time>2026-10-04T15:45:47Z</time>
   </trkpt>
   <trkpt lat="41.3572750" lon="-106.3097510">
    <ele>3371.7</ele>
    <time>2026-10-04T15:45:48Z</time>
   </trkpt>
   <trkpt lat="41.3572930" lon="-106.3097540">
    <ele>3371.8</ele>
    <time>2026-10-04T15:45:49Z</time>
   </trkpt>
   <trkpt lat="41.3573150" lon="-106.3097550">
    <ele>3371.8</ele>
    <time>2026-10-04T15:45:50Z</time>
   </trkpt>
   <trkpt lat="41.3573340" lon="-106.3097600">
    <ele>3371.8</ele>
    <time>2026-10-04T15:45:51Z</time>
   </trkpt>
   <trkpt lat="41.3573530" lon="-106.3097650">
    <ele>3371.8</ele>
    <time>2026-10-04T15:45:52Z</time>
   </trkpt>
   <trkpt lat="41.3573730" lon="-106.3097510">
    <ele>3371.9</ele>
    <time>2026-10-04T15:45:53Z</time>
   </trkpt>
   <trkpt lat="41.3573970" lon="-106.3097510">
    <ele>3372.0</ele>
    <time>2026-10-04T15:45:54Z</time>
   </trkpt>
   <trkpt lat="41.3574160" lon="-106.3097590">
    <ele>3372.1</ele>
    <time>2026-10-04T15:45:55Z</time>
   </trkpt>
   <trkpt lat="41.3574340" lon="-106.3097730">
    <ele>3372.2</ele>
    <time>2026-10-04T15:45:56Z</time>
   </trkpt>
   <trkpt lat="41.3574500" lon="-106.3097630">
    <ele>3372.3</ele>
    <time>2026-10-04T15:45:57Z</time>
   </trkpt>
   <trkpt lat="41.3574690" lon="-106.3097590">
    <ele>3372.4</ele>
    <time>2026-10-04T15:45:58Z</time>
   </trkpt>
   <trkpt lat="41.3574810" lon="-106.3097470">
    <ele>3372.5</ele>
    <time>2026-10-04T15:45:59Z</time>
   </trkpt>
   <trkpt lat="41.3574890" lon="-106.3097510">
    <ele>3372.5</ele>
    <time>2026-10-04T15:46:00Z</time>
   </trkpt>
   <trkpt lat="41.3575170" lon="-106.3097570">
    <ele>3372.7</ele>
    <time>2026-10-04T15:46:01Z</time>
   </trkpt>
   <trkpt lat="41.3575340" lon="-106.3097490">
    <ele>3372.8</ele>
    <time>2026-10-04T15:46:02Z</time>
   </trkpt>
   <trkpt lat="41.3575440" lon="-106.3097420">
    <ele>3372.9</ele>
    <time>2026-10-04T15:46:03Z</time>
   </trkpt>
   <trkpt lat="41.3575560" lon="-106.3097230">
    <ele>3373.1</ele>
    <time>2026-10-04T15:46:04Z</time>
   </trkpt>
   <trkpt lat="41.3575650" lon="-106.3097120">
    <ele>3373.1</ele>
    <time>2026-10-04T15:46:05Z</time>
   </trkpt>
   <trkpt lat="41.3575760" lon="-106.3096910">
    <ele>3373.3</ele>
    <time>2026-10-04T15:46:06Z</time>
   </trkpt>
   <trkpt lat="41.3575880" lon="-106.3096810">
    <ele>3373.4</ele>
    <time>2026-10-04T15:46:07Z</time>
   </trkpt>
   <trkpt lat="41.3575910" lon="-106.3096640">
    <ele>3373.6</ele>
    <time>2026-10-04T15:46:08Z</time>
   </trkpt>
   <trkpt lat="41.3575930" lon="-106.3096520">
    <ele>3373.6</ele>
    <time>2026-10-04T15:46:09Z</time>
   </trkpt>
   <trkpt lat="41.3576110" lon="-106.3096550">
    <ele>3373.8</ele>
    <time>2026-10-04T15:46:10Z</time>
   </trkpt>
   <trkpt lat="41.3576240" lon="-106.3096450">
    <ele>3374.0</ele>
    <time>2026-10-04T15:46:11Z</time>
   </trkpt>
   <trkpt lat="41.3576350" lon="-106.3096260">
    <ele>3374.2</ele>
    <time>2026-10-04T15:46:12Z</time>
   </trkpt>
   <trkpt lat="41.3576430" lon="-106.3096110">
    <ele>3374.3</ele>
    <time>2026-10-04T15:46:13Z</time>
   </trkpt>
   <trkpt lat="41.3576580" lon="-106.3096100">
    <ele>3374.5</ele>
    <time>2026-10-04T15:46:14Z</time>
   </trkpt>
   <trkpt lat="41.3576750" lon="-106.3096070">
    <ele>3374.8</ele>
    <time>2026-10-04T15:46:15Z</time>
   </trkpt>
   <trkpt lat="41.3576840" lon="-106.3095920">
    <ele>3375.0</ele>
    <time>2026-10-04T15:46:16Z</time>
   </trkpt>
   <trkpt lat="41.3576940" lon="-106.3095830">
    <ele>3375.1</ele>
    <time>2026-10-04T15:46:17Z</time>
   </trkpt>
   <trkpt lat="41.3577080" lon="-106.3095790">
    <ele>3375.3</ele>
    <time>2026-10-04T15:46:18Z</time>
   </trkpt>
   <trkpt lat="41.3577170" lon="-106.3095650">
    <ele>3375.5</ele>
    <time>2026-10-04T15:46:19Z</time>
   </trkpt>
   <trkpt lat="41.3577220" lon="-106.3095480">
    <ele>3375.7</ele>
    <time>2026-10-04T15:46:20Z</time>
   </trkpt>
   <trkpt lat="41.3577330" lon="-106.3095410">
    <ele>3375.9</ele>
    <time>2026-10-04T15:46:21Z</time>
   </trkpt>
   <trkpt lat="41.3577450" lon="-106.3095320">
    <ele>3376.1</ele>
    <time>2026-10-04T15:46:22Z</time>
   </trkpt>
   <trkpt lat="41.3577500" lon="-106.3095140">
    <ele>3376.3</ele>
    <time>2026-10-04T15:46:23Z</time>
   </trkpt>
   <trkpt lat="41.3577580" lon="-106.3095010">
    <ele>3376.5</ele>
    <time>2026-10-04T15:46:24Z</time>
   </trkpt>
   <trkpt lat="41.3577670" lon="-106.3094900">
    <ele>3376.7</ele>
    <time>2026-10-04T15:46:25Z</time>
   </trkpt>
   <trkpt lat="41.3577770" lon="-106.3094850">
    <ele>3376.8</ele>
    <time>2026-10-04T15:46:26Z</time>
   </trkpt>
   <trkpt lat="41.3577930" lon="-106.3094840">
    <ele>3377.1</ele>
    <time>2026-10-04T15:46:27Z</time>
   </trkpt>
   <trkpt lat="41.3578040" lon="-106.3094810">
    <ele>3377.2</ele>
    <time>2026-10-04T15:46:28Z</time>
   </trkpt>
   <trkpt lat="41.3578110" lon="-106.3094800">
    <ele>3377.3</ele>
    <time>2026-10-04T15:46:29Z</time>
   </trkpt>
   <trkpt lat="41.3578160" lon="-106.3094700">
    <ele>3377.4</ele>
    <time>2026-10-04T15:46:30Z</time>
   </trkpt>
   <trkpt lat="41.3578260" lon="-106.3094670">
    <ele>3377.5</ele>
    <time>2026-10-04T15:46:31Z</time>
   </trkpt>
   <trkpt lat="41.3578260" lon="-106.3094490">
    <ele>3377.7</ele>
    <time>2026-10-04T15:46:32Z</time>
   </trkpt>
   <trkpt lat="41.3578260" lon="-106.3094270">
    <ele>3377.9</ele>
    <time>2026-10-04T15:46:33Z</time>
   </trkpt>
   <trkpt lat="41.3578190" lon="-106.3094150">
    <ele>3378.0</ele>
    <time>2026-10-04T15:46:34Z</time>
   </trkpt>
   <trkpt lat="41.3578180" lon="-106.3093980">
    <ele>3378.2</ele>
    <time>2026-10-04T15:46:35Z</time>
   </trkpt>
   <trkpt lat="41.3578200" lon="-106.3093810">
    <ele>3378.3</ele>
    <time>2026-10-04T15:46:36Z</time>
   </trkpt>
   <trkpt lat="41.3578290" lon="-106.3093520">
    <ele>3378.5</ele>
    <time>2026-10-04T15:46:37Z</time>
   </trkpt>
   <trkpt lat="41.3578370" lon="-106.3093470">
    <ele>3378.6</ele>
    <time>2026-10-04T15:46:38Z</time>
   </trkpt>
   <trkpt lat="41.3578380" lon="-106.3093280">
    <ele>3378.7</ele>
    <time>2026-10-04T15:46:39Z</time>
   </trkpt>
   <trkpt lat="41.3578430" lon="-106.3093200">
    <ele>3378.8</ele>
    <time>2026-10-04T15:46:40Z</time>
   </trkpt>
   <trkpt lat="41.3578430" lon="-106.3093090">
    <ele>3378.9</ele>
    <time>2026-10-04T15:46:41Z</time>
   </trkpt>
   <trkpt lat="41.3578530" lon="-106.3093070">
    <ele>3378.9</ele>
    <time>2026-10-04T15:46:42Z</time>
   </trkpt>
   <trkpt lat="41.3578660" lon="-106.3093010">
    <ele>3379.0</ele>
    <time>2026-10-04T15:46:43Z</time>
   </trkpt>
   <trkpt lat="41.3578820" lon="-106.3092920">
    <ele>3379.1</ele>
    <time>2026-10-04T15:46:44Z</time>
   </trkpt>
   <trkpt lat="41.3578960" lon="-106.3092890">
    <ele>3379.2</ele>
    <time>2026-10-04T15:46:45Z</time>
   </trkpt>
   <trkpt lat="41.3579040" lon="-106.3092810">
    <ele>3379.3</ele>
    <time>2026-10-04T15:46:46Z</time>
   </trkpt>
   <trkpt lat="41.3579110" lon="-106.3092680">
    <ele>3379.3</ele>
    <time>2026-10-04T15:46:47Z</time>
   </trkpt>
   <trkpt lat="41.3579180" lon="-106.3092540">
    <ele>3379.4</ele>
    <time>2026-10-04T15:46:48Z</time>
   </trkpt>
   <trkpt lat="41.3579220" lon="-106.3092430">
    <ele>3379.4</ele>
    <time>2026-10-04T15:46:49Z</time>
   </trkpt>
   <trkpt lat="41.3579300" lon="-106.3092350">
    <ele>3379.5</ele>
    <time>2026-10-04T15:46:50Z</time>
   </trkpt>
   <trkpt lat="41.3579430" lon="-106.3092200">
    <ele>3379.5</ele>
    <time>2026-10-04T15:46:51Z</time>
   </trkpt>
   <trkpt lat="41.3579460" lon="-106.3092160">
    <ele>3379.5</ele>
    <time>2026-10-04T15:46:52Z</time>
   </trkpt>
   <trkpt lat="41.3579730" lon="-106.3091920">
    <ele>3379.6</ele>
    <time>2026-10-04T15:46:53Z</time>
   </trkpt>
   <trkpt lat="41.3579840" lon="-106.3091830">
    <ele>3379.6</ele>
    <time>2026-10-04T15:46:54Z</time>
   </trkpt>
   <trkpt lat="41.3579990" lon="-106.3091670">
    <ele>3379.7</ele>
    <time>2026-10-04T15:46:55Z</time>
   </trkpt>
   <trkpt lat="41.3580150" lon="-106.3091720">
    <ele>3379.7</ele>
    <time>2026-10-04T15:46:56Z</time>
   </trkpt>
   <trkpt lat="41.3580150" lon="-106.3091820">
    <ele>3379.7</ele>
    <time>2026-10-04T15:46:57Z</time>
   </trkpt>
   <trkpt lat="41.3580200" lon="-106.3091770">
    <ele>3379.7</ele>
    <time>2026-10-04T15:46:58Z</time>
   </trkpt>
   <trkpt lat="41.3580170" lon="-106.3091680">
    <ele>3379.7</ele>
    <time>2026-10-04T15:46:59Z</time>
   </trkpt>
   <trkpt lat="41.3580310" lon="-106.3091530">
    <ele>3379.7</ele>
    <time>2026-10-04T15:47:00Z</time>
   </trkpt>
   <trkpt lat="41.3580330" lon="-106.3091510">
    <ele>3379.7</ele>
    <time>2026-10-04T15:47:01Z</time>
   </trkpt>
   <trkpt lat="41.3580200" lon="-106.3091350">
    <ele>3379.7</ele>
    <time>2026-10-04T15:47:02Z</time>
   </trkpt>
   <trkpt lat="41.3580260" lon="-106.3091220">
    <ele>3379.7</ele>
    <time>2026-10-04T15:47:03Z</time>
   </trkpt>
   <trkpt lat="41.3580330" lon="-106.3091130">
    <ele>3379.7</ele>
    <time>2026-10-04T15:47:04Z</time>
   </trkpt>
   <trkpt lat="41.3580380" lon="-106.3090980">
    <ele>3379.7</ele>
    <time>2026-10-04T15:47:05Z</time>
   </trkpt>
   <trkpt lat="41.3580450" lon="-106.3090830">
    <ele>3379.8</ele>
    <time>2026-10-04T15:47:06Z</time>
   </trkpt>
   <trkpt lat="41.3580570" lon="-106.3090570">
    <ele>3379.8</ele>
    <time>2026-10-04T15:47:07Z</time>
   </trkpt>
   <trkpt lat="41.3580650" lon="-106.3090500">
    <ele>3379.8</ele>
    <time>2026-10-04T15:47:08Z</time>
   </trkpt>
   <trkpt lat="41.3580790" lon="-106.3090440">
    <ele>3379.8</ele>
    <time>2026-10-04T15:47:09Z</time>
   </trkpt>
   <trkpt lat="41.3580940" lon="-106.3090300">
    <ele>3379.8</ele>
    <time>2026-10-04T15:47:10Z</time>
   </trkpt>
   <trkpt lat="41.3581070" lon="-106.3090230">
    <ele>3379.8</ele>
    <time>2026-10-04T15:47:11Z</time>
   </trkpt>
   <trkpt lat="41.3581210" lon="-106.3090280">
    <ele>3379.8</ele>
    <time>2026-10-04T15:47:12Z</time>
   </trkpt>
   <trkpt lat="41.3581340" lon="-106.3090210">
    <ele>3379.8</ele>
    <time>2026-10-04T15:47:13Z</time>
   </trkpt>
   <trkpt lat="41.3581400" lon="-106.3090100">
    <ele>3379.8</ele>
    <time>2026-10-04T15:47:14Z</time>
   </trkpt>
   <trkpt lat="41.3581470" lon="-106.3089850">
    <ele>3379.8</ele>
    <time>2026-10-04T15:47:15Z</time>
   </trkpt>
   <trkpt lat="41.3581600" lon="-106.3089770">
    <ele>3379.8</ele>
    <time>2026-10-04T15:47:16Z</time>
   </trkpt>
   <trkpt lat="41.3581700" lon="-106.3089630">
    <ele>3379.8</ele>
    <time>2026-10-04T15:47:17Z</time>
   </trkpt>
   <trkpt lat="41.3581820" lon="-106.3089520">
    <ele>3379.8</ele>
    <time>2026-10-04T15:47:18Z</time>
   </trkpt>
   <trkpt lat="41.3581980" lon="-106.3089460">
    <ele>3379.8</ele>
    <time>2026-10-04T15:47:19Z</time>
   </trkpt>
   <trkpt lat="41.3582110" lon="-106.3089290">
    <ele>3379.8</ele>
    <time>2026-10-04T15:47:20Z</time>
   </trkpt>
   <trkpt lat="41.3582260" lon="-106.3089180">
    <ele>3379.8</ele>
    <time>2026-10-04T15:47:21Z</time>
   </trkpt>
   <trkpt lat="41.3582410" lon="-106.3089110">
    <ele>3379.7</ele>
    <time>2026-10-04T15:47:22Z</time>
   </trkpt>
   <trkpt lat="41.3582560" lon="-106.3089060">
    <ele>3379.7</ele>
    <time>2026-10-04T15:47:23Z</time>
   </trkpt>
   <trkpt lat="41.3582790" lon="-106.3089200">
    <ele>3380.6</ele>
    <time>2026-10-04T15:47:24Z</time>
   </trkpt>
   <trkpt lat="41.3582990" lon="-106.3089220">
    <ele>3381.4</ele>
    <time>2026-10-04T15:47:25Z</time>
   </trkpt>
   <trkpt lat="41.3583060" lon="-106.3089210">
    <ele>3381.4</ele>
    <time>2026-10-04T15:47:26Z</time>
   </trkpt>
   <trkpt lat="41.3583170" lon="-106.3089270">
    <ele>3381.3</ele>
    <time>2026-10-04T15:47:27Z</time>
   </trkpt>
   <trkpt lat="41.3583210" lon="-106.3089150">
    <ele>3381.3</ele>
    <time>2026-10-04T15:47:28Z</time>
   </trkpt>
   <trkpt lat="41.3583210" lon="-106.3089440">
    <ele>3381.3</ele>
    <time>2026-10-04T15:49:36Z</time>
   </trkpt>
   <trkpt lat="41.3586870" lon="-106.3090820">
    <ele>3395.1</ele>
    <time>2026-10-04T15:51:37Z</time>
   </trkpt>
   <trkpt lat="41.3598560" lon="-106.3100950">
    <ele>3452.1</ele>
    <time>2026-10-04T15:57:29Z</time>
   </trkpt>
   <trkpt lat="41.3604330" lon="-106.3102130">
    <ele>3475.3</ele>
    <time>2026-10-04T15:59:53Z</time>
   </trkpt>
   <trkpt lat="41.3604130" lon="-106.3102420">
    <ele>3475.9</ele>
    <time>2026-10-04T15:59:57Z</time>
   </trkpt>
   <trkpt lat="41.3604040" lon="-106.3102530">
    <ele>3475.9</ele>
    <time>2026-10-04T15:59:58Z</time>
   </trkpt>
   <trkpt lat="41.3603940" lon="-106.3102680">
    <ele>3475.9</ele>
    <time>2026-10-04T15:59:59Z</time>
   </trkpt>
   <trkpt lat="41.3603910" lon="-106.3102830">
    <ele>3476.8</ele>
    <time>2026-10-04T16:00:00Z</time>
   </trkpt>
   <trkpt lat="41.3603840" lon="-106.3102980">
    <ele>3476.8</ele>
    <time>2026-10-04T16:00:01Z</time>
   </trkpt>
   <trkpt lat="41.3603750" lon="-106.3103220">
    <ele>3477.3</ele>
    <time>2026-10-04T16:00:02Z</time>
   </trkpt>
   <trkpt lat="41.3603630" lon="-106.3103580">
    <ele>3477.2</ele>
    <time>2026-10-04T16:00:03Z</time>
   </trkpt>
   <trkpt lat="41.3603230" lon="-106.3103690">
    <ele>3477.7</ele>
    <time>2026-10-04T16:00:04Z</time>
   </trkpt>
   <trkpt lat="41.3603120" lon="-106.3103840">
    <ele>3476.8</ele>
    <time>2026-10-04T16:00:05Z</time>
   </trkpt>
   <trkpt lat="41.3603030" lon="-106.3104060">
    <ele>3477.7</ele>
    <time>2026-10-04T16:00:06Z</time>
   </trkpt>
   <trkpt lat="41.3602890" lon="-106.3104310">
    <ele>3477.7</ele>
    <time>2026-10-04T16:00:07Z</time>
   </trkpt>
   <trkpt lat="41.3602750" lon="-106.3104590">
    <ele>3477.7</ele>
    <time>2026-10-04T16:00:08Z</time>
   </trkpt>
   <trkpt lat="41.3602680" lon="-106.3104910">
    <ele>3477.7</ele>
    <time>2026-10-04T16:00:09Z</time>
   </trkpt>
   <trkpt lat="41.3602610" lon="-106.3105070">
    <ele>3478.5</ele>
    <time>2026-10-04T16:00:10Z</time>
   </trkpt>
   <trkpt lat="41.3602470" lon="-106.3105290">
    <ele>3477.5</ele>
    <time>2026-10-04T16:00:11Z</time>
   </trkpt>
   <trkpt lat="41.3602480" lon="-106.3105450">
    <ele>3478.3</ele>
    <time>2026-10-04T16:00:12Z</time>
   </trkpt>
   <trkpt lat="41.3602420" lon="-106.3105560">
    <ele>3478.3</ele>
    <time>2026-10-04T16:00:13Z</time>
   </trkpt>
   <trkpt lat="41.3602440" lon="-106.3105730">
    <ele>3478.2</ele>
    <time>2026-10-04T16:00:14Z</time>
   </trkpt>
   <trkpt lat="41.3602340" lon="-106.3105860">
    <ele>3479.0</ele>
    <time>2026-10-04T16:00:15Z</time>
   </trkpt>
   <trkpt lat="41.3602270" lon="-106.3105950">
    <ele>3479.0</ele>
    <time>2026-10-04T16:00:16Z</time>
   </trkpt>
   <trkpt lat="41.3602180" lon="-106.3106110">
    <ele>3477.9</ele>
    <time>2026-10-04T16:00:17Z</time>
   </trkpt>
   <trkpt lat="41.3602120" lon="-106.3106250">
    <ele>3478.7</ele>
    <time>2026-10-04T16:00:18Z</time>
   </trkpt>
   <trkpt lat="41.3602170" lon="-106.3106450">
    <ele>3478.6</ele>
    <time>2026-10-04T16:00:19Z</time>
   </trkpt>
   <trkpt lat="41.3602090" lon="-106.3106590">
    <ele>3478.6</ele>
    <time>2026-10-04T16:00:20Z</time>
   </trkpt>
   <trkpt lat="41.3601950" lon="-106.3106750">
    <ele>3479.4</ele>
    <time>2026-10-04T16:00:21Z</time>
   </trkpt>
   <trkpt lat="41.3602000" lon="-106.3106860">
    <ele>3479.3</ele>
    <time>2026-10-04T16:00:22Z</time>
   </trkpt>
   <trkpt lat="41.3602040" lon="-106.3107020">
    <ele>3479.3</ele>
    <time>2026-10-04T16:00:23Z</time>
   </trkpt>
   <trkpt lat="41.3602060" lon="-106.3107130">
    <ele>3480.1</ele>
    <time>2026-10-04T16:00:24Z</time>
   </trkpt>
   <trkpt lat="41.3601990" lon="-106.3107170">
    <ele>3480.0</ele>
    <time>2026-10-04T16:00:25Z</time>
   </trkpt>
   <trkpt lat="41.3602020" lon="-106.3107230">
    <ele>3480.0</ele>
    <time>2026-10-04T16:00:26Z</time>
   </trkpt>
   <trkpt lat="41.3601870" lon="-106.3107470">
    <ele>3478.6</ele>
    <time>2026-10-04T16:00:27Z</time>
   </trkpt>
   <trkpt lat="41.3601820" lon="-106.3107510">
    <ele>3479.3</ele>
    <time>2026-10-04T16:00:28Z</time>
   </trkpt>
   <trkpt lat="41.3601720" lon="-106.3107650">
    <ele>3479.3</ele>
    <time>2026-10-04T16:00:29Z</time>
   </trkpt>
   <trkpt lat="41.3601700" lon="-106.3107760">
    <ele>3479.2</ele>
    <time>2026-10-04T16:00:30Z</time>
   </trkpt>
   <trkpt lat="41.3601630" lon="-106.3107880">
    <ele>3479.2</ele>
    <time>2026-10-04T16:00:31Z</time>
   </trkpt>
   <trkpt lat="41.3601570" lon="-106.3107940">
    <ele>3478.5</ele>
    <time>2026-10-04T16:00:32Z</time>
   </trkpt>
   <trkpt lat="41.3601610" lon="-106.3108080">
    <ele>3479.8</ele>
    <time>2026-10-04T16:00:33Z</time>
   </trkpt>
   <trkpt lat="41.3601610" lon="-106.3108280">
    <ele>3479.7</ele>
    <time>2026-10-04T16:00:34Z</time>
   </trkpt>
   <trkpt lat="41.3601540" lon="-106.3108320">
    <ele>3478.4</ele>
    <time>2026-10-04T16:00:35Z</time>
   </trkpt>
   <trkpt lat="41.3601500" lon="-106.3108490">
    <ele>3479.0</ele>
    <time>2026-10-04T16:00:36Z</time>
   </trkpt>
   <trkpt lat="41.3601450" lon="-106.3108550">
    <ele>3478.9</ele>
    <time>2026-10-04T16:00:37Z</time>
   </trkpt>
   <trkpt lat="41.3601390" lon="-106.3108790">
    <ele>3479.5</ele>
    <time>2026-10-04T16:00:38Z</time>
   </trkpt>
   <trkpt lat="41.3601330" lon="-106.3108860">
    <ele>3479.5</ele>
    <time>2026-10-04T16:00:39Z</time>
   </trkpt>
   <trkpt lat="41.3601430" lon="-106.3109030">
    <ele>3479.4</ele>
    <time>2026-10-04T16:00:40Z</time>
   </trkpt>
   <trkpt lat="41.3601480" lon="-106.3108970">
    <ele>3479.4</ele>
    <time>2026-10-04T16:00:41Z</time>
   </trkpt>
   <trkpt lat="41.3601420" lon="-106.3108920">
    <ele>3479.4</ele>
    <time>2026-10-04T16:00:42Z</time>
   </trkpt>
   <trkpt lat="41.3601480" lon="-106.3109040">
    <ele>3479.3</ele>
    <time>2026-10-04T16:00:43Z</time>
   </trkpt>
   <trkpt lat="41.3601470" lon="-106.3109200">
    <ele>3479.3</ele>
    <time>2026-10-04T16:00:44Z</time>
   </trkpt>
   <trkpt lat="41.3601390" lon="-106.3109280">
    <ele>3479.9</ele>
    <time>2026-10-04T16:00:45Z</time>
   </trkpt>
   <trkpt lat="41.3601470" lon="-106.3109330">
    <ele>3479.8</ele>
    <time>2026-10-04T16:00:47Z</time>
   </trkpt>
   <trkpt lat="41.3601490" lon="-106.3109430">
    <ele>3479.8</ele>
    <time>2026-10-04T16:00:48Z</time>
   </trkpt>
   <trkpt lat="41.3601460" lon="-106.3109540">
    <ele>3479.8</ele>
    <time>2026-10-04T16:00:49Z</time>
   </trkpt>
   <trkpt lat="41.3601430" lon="-106.3109560">
    <ele>3479.7</ele>
    <time>2026-10-04T16:00:50Z</time>
   </trkpt>
   <trkpt lat="41.3604850" lon="-106.3122820">
    <ele>3536.9</ele>
    <time>2026-10-04T16:07:04Z</time>
   </trkpt>
   <trkpt lat="41.3607260" lon="-106.3139290">
    <ele>3589.6</ele>
    <time>2026-10-04T16:12:41Z</time>
   </trkpt>
   <trkpt lat="41.3607310" lon="-106.3139500">
    <ele>3589.6</ele>
    <time>2026-10-04T16:12:42Z</time>
   </trkpt>
   <trkpt lat="41.3607350" lon="-106.3139740">
    <ele>3589.6</ele>
    <time>2026-10-04T16:12:43Z</time>
   </trkpt>
   <trkpt lat="41.3607340" lon="-106.3139820">
    <ele>3589.6</ele>
    <time>2026-10-04T16:12:44Z</time>
   </trkpt>
   <trkpt lat="41.3607390" lon="-106.3139990">
    <ele>3589.6</ele>
    <time>2026-10-04T16:12:45Z</time>
   </trkpt>
   <trkpt lat="41.3607440" lon="-106.3140290">
    <ele>3589.6</ele>
    <time>2026-10-04T16:12:46Z</time>
   </trkpt>
   <trkpt lat="41.3607390" lon="-106.3140340">
    <ele>3589.6</ele>
    <time>2026-10-04T16:12:47Z</time>
   </trkpt>
   <trkpt lat="41.3607370" lon="-106.3140550">
    <ele>3589.6</ele>
    <time>2026-10-04T16:12:48Z</time>
   </trkpt>
   <trkpt lat="41.3607230" lon="-106.3140660">
    <ele>3589.6</ele>
    <time>2026-10-04T16:12:49Z</time>
   </trkpt>
   <trkpt lat="41.3607150" lon="-106.3140850">
    <ele>3589.6</ele>
    <time>2026-10-04T16:12:50Z</time>
   </trkpt>
   <trkpt lat="41.3607200" lon="-106.3141140">
    <ele>3589.6</ele>
    <time>2026-10-04T16:12:51Z</time>
   </trkpt>
   <trkpt lat="41.3607200" lon="-106.3141320">
    <ele>3589.6</ele>
    <time>2026-10-04T16:12:52Z</time>
   </trkpt>
   <trkpt lat="41.3607240" lon="-106.3141430">
    <ele>3589.6</ele>
    <time>2026-10-04T16:12:53Z</time>
   </trkpt>
   <trkpt lat="41.3607140" lon="-106.3141740">
    <ele>3589.7</ele>
    <time>2026-10-04T16:12:54Z</time>
   </trkpt>
   <trkpt lat="41.3607120" lon="-106.3141900">
    <ele>3589.7</ele>
    <time>2026-10-04T16:12:55Z</time>
   </trkpt>
   <trkpt lat="41.3607120" lon="-106.3142070">
    <ele>3589.7</ele>
    <time>2026-10-04T16:12:56Z</time>
   </trkpt>
   <trkpt lat="41.3607020" lon="-106.3142160">
    <ele>3589.8</ele>
    <time>2026-10-04T16:12:57Z</time>
   </trkpt>
   <trkpt lat="41.3606980" lon="-106.3142380">
    <ele>3589.8</ele>
    <time>2026-10-04T16:12:58Z</time>
   </trkpt>
   <trkpt lat="41.3606880" lon="-106.3142600">
    <ele>3589.9</ele>
    <time>2026-10-04T16:12:59Z</time>
   </trkpt>
   <trkpt lat="41.3606970" lon="-106.3142700">
    <ele>3590.0</ele>
    <time>2026-10-04T16:13:00Z</time>
   </trkpt>
   <trkpt lat="41.3606940" lon="-106.3142910">
    <ele>3590.0</ele>
    <time>2026-10-04T16:13:01Z</time>
   </trkpt>
   <trkpt lat="41.3606840" lon="-106.3143130">
    <ele>3590.1</ele>
    <time>2026-10-04T16:13:02Z</time>
   </trkpt>
   <trkpt lat="41.3606800" lon="-106.3143330">
    <ele>3590.2</ele>
    <time>2026-10-04T16:13:03Z</time>
   </trkpt>
   <trkpt lat="41.3606790" lon="-106.3143590">
    <ele>3590.3</ele>
    <time>2026-10-04T16:13:04Z</time>
   </trkpt>
   <trkpt lat="41.3606690" lon="-106.3143830">
    <ele>3590.3</ele>
    <time>2026-10-04T16:13:05Z</time>
   </trkpt>
   <trkpt lat="41.3606730" lon="-106.3144000">
    <ele>3590.4</ele>
    <time>2026-10-04T16:13:06Z</time>
   </trkpt>
   <trkpt lat="41.3606720" lon="-106.3144140">
    <ele>3590.4</ele>
    <time>2026-10-04T16:13:07Z</time>
   </trkpt>
   <trkpt lat="41.3606680" lon="-106.3144270">
    <ele>3590.5</ele>
    <time>2026-10-04T16:13:08Z</time>
   </trkpt>
   <trkpt lat="41.3606690" lon="-106.3144440">
    <ele>3590.5</ele>
    <time>2026-10-04T16:13:09Z</time>
   </trkpt>
   <trkpt lat="41.3606690" lon="-106.3144560">
    <ele>3590.5</ele>
    <time>2026-10-04T16:13:10Z</time>
   </trkpt>
   <trkpt lat="41.3606630" lon="-106.3144640">
    <ele>3590.5</ele>
    <time>2026-10-04T16:13:11Z</time>
   </trkpt>
   <trkpt lat="41.3606580" lon="-106.3144710">
    <ele>3590.6</ele>
    <time>2026-10-04T16:13:12Z</time>
   </trkpt>
   <trkpt lat="41.3606490" lon="-106.3145010">
    <ele>3590.6</ele>
    <time>2026-10-04T16:13:13Z</time>
   </trkpt>
   <trkpt lat="41.3606360" lon="-106.3145130">
    <ele>3590.7</ele>
    <time>2026-10-04T16:13:14Z</time>
   </trkpt>
   <trkpt lat="41.3606290" lon="-106.3145240">
    <ele>3590.7</ele>
    <time>2026-10-04T16:13:15Z</time>
   </trkpt>
   <trkpt lat="41.3606230" lon="-106.3145340">
    <ele>3590.7</ele>
    <time>2026-10-04T16:13:16Z</time>
   </trkpt>
   <trkpt lat="41.3606050" lon="-106.3145430">
    <ele>3590.8</ele>
    <time>2026-10-04T16:13:17Z</time>
   </trkpt>
   <trkpt lat="41.3605980" lon="-106.3145570">
    <ele>3590.8</ele>
    <time>2026-10-04T16:13:18Z</time>
   </trkpt>
   <trkpt lat="41.3605950" lon="-106.3145710">
    <ele>3590.8</ele>
    <time>2026-10-04T16:13:19Z</time>
   </trkpt>
   <trkpt lat="41.3605770" lon="-106.3145880">
    <ele>3590.9</ele>
    <time>2026-10-04T16:13:20Z</time>
   </trkpt>
   <trkpt lat="41.3605650" lon="-106.3146010">
    <ele>3591.0</ele>
    <time>2026-10-04T16:13:21Z</time>
   </trkpt>
   <trkpt lat="41.3605640" lon="-106.3146210">
    <ele>3591.0</ele>
    <time>2026-10-04T16:13:22Z</time>
   </trkpt>
   <trkpt lat="41.3605630" lon="-106.3146390">
    <ele>3591.1</ele>
    <time>2026-10-04T16:13:23Z</time>
   </trkpt>
   <trkpt lat="41.3605540" lon="-106.3146590">
    <ele>3591.2</ele>
    <time>2026-10-04T16:13:24Z</time>
   </trkpt>
   <trkpt lat="41.3605630" lon="-106.3146840">
    <ele>3591.7</ele>
    <time>2026-10-04T16:13:25Z</time>
   </trkpt>
   <trkpt lat="41.3605650" lon="-106.3147040">
    <ele>3592.1</ele>
    <time>2026-10-04T16:13:26Z</time>
   </trkpt>
   <trkpt lat="41.3605680" lon="-106.3147210">
    <ele>3592.4</ele>
    <time>2026-10-04T16:13:27Z</time>
   </trkpt>
   <trkpt lat="41.3605730" lon="-106.3147350">
    <ele>3592.6</ele>
    <time>2026-10-04T16:13:28Z</time>
   </trkpt>
   <trkpt lat="41.3605800" lon="-106.3147460">
    <ele>3592.9</ele>
    <time>2026-10-04T16:13:29Z</time>
   </trkpt>
   <trkpt lat="41.3605920" lon="-106.3147640">
    <ele>3593.3</ele>
    <time>2026-10-04T16:13:30Z</time>
   </trkpt>
   <trkpt lat="41.3605840" lon="-106.3156970">
    <ele>3606.3</ele>
    <time>2026-10-04T16:16:41Z</time>
   </trkpt>
   <trkpt lat="41.3604310" lon="-106.3155960">
    <ele>3609.2</ele>
    <time>2026-10-04T16:16:48Z</time>
   </trkpt>
   <trkpt lat="41.3604290" lon="-106.3156000">
    <ele>3609.2</ele>
    <time>2026-10-04T16:16:49Z</time>
   </trkpt>
   <trkpt lat="41.3604320" lon="-106.3156180">
    <ele>3609.5</ele>
    <time>2026-10-04T16:16:50Z</time>
   </trkpt>
   <trkpt lat="41.3604300" lon="-106.3156310">
    <ele>3609.7</ele>
    <time>2026-10-04T16:16:51Z</time>
   </trkpt>
   <trkpt lat="41.3604310" lon="-106.3156460">
    <ele>3609.9</ele>
    <time>2026-10-04T16:16:52Z</time>
   </trkpt>
   <trkpt lat="41.3604300" lon="-106.3156580">
    <ele>3610.1</ele>
    <time>2026-10-04T16:16:53Z</time>
   </trkpt>
   <trkpt lat="41.3604330" lon="-106.3156740">
    <ele>3610.4</ele>
    <time>2026-10-04T16:16:54Z</time>
   </trkpt>
   <trkpt lat="41.3604330" lon="-106.3156780">
    <ele>3610.5</ele>
    <time>2026-10-04T16:16:55Z</time>
   </trkpt>
   <trkpt lat="41.3604320" lon="-106.3156990">
    <ele>3610.8</ele>
    <time>2026-10-04T16:16:56Z</time>
   </trkpt>
   <trkpt lat="41.3604310" lon="-106.3157040">
    <ele>3610.9</ele>
    <time>2026-10-04T16:16:57Z</time>
   </trkpt>
   <trkpt lat="41.3604330" lon="-106.3157190">
    <ele>3611.1</ele>
    <time>2026-10-04T16:16:58Z</time>
   </trkpt>
   <trkpt lat="41.3604330" lon="-106.3157210">
    <ele>3611.2</ele>
    <time>2026-10-04T16:16:59Z</time>
   </trkpt>
   <trkpt lat="41.3604330" lon="-106.3157260">
    <ele>3611.3</ele>
    <time>2026-10-04T16:17:00Z</time>
   </trkpt>
   <trkpt lat="41.3604250" lon="-106.3157480">
    <ele>3611.7</ele>
    <time>2026-10-04T16:17:01Z</time>
   </trkpt>
   <trkpt lat="41.3604230" lon="-106.3157550">
    <ele>3611.8</ele>
    <time>2026-10-04T16:17:02Z</time>
   </trkpt>
   <trkpt lat="41.3604190" lon="-106.3157630">
    <ele>3611.9</ele>
    <time>2026-10-04T16:17:03Z</time>
   </trkpt>
   <trkpt lat="41.3604170" lon="-106.3157710">
    <ele>3612.1</ele>
    <time>2026-10-04T16:17:04Z</time>
   </trkpt>
   <trkpt lat="41.3604160" lon="-106.3157830">
    <ele>3612.3</ele>
    <time>2026-10-04T16:17:05Z</time>
   </trkpt>
   <trkpt lat="41.3604160" lon="-106.3157910">
    <ele>3612.4</ele>
    <time>2026-10-04T16:17:06Z</time>
   </trkpt>
   <trkpt lat="41.3604140" lon="-106.3158010">
    <ele>3612.6</ele>
    <time>2026-10-04T16:17:07Z</time>
   </trkpt>
   <trkpt lat="41.3604140" lon="-106.3158060">
    <ele>3612.7</ele>
    <time>2026-10-04T16:17:08Z</time>
   </trkpt>
   <trkpt lat="41.3604110" lon="-106.3158150">
    <ele>3612.9</ele>
    <time>2026-10-04T16:17:09Z</time>
   </trkpt>
   <trkpt lat="41.3604110" lon="-106.3158280">
    <ele>3613.1</ele>
    <time>2026-10-04T16:17:10Z</time>
   </trkpt>
   <trkpt lat="41.3604100" lon="-106.3158390">
    <ele>3613.3</ele>
    <time>2026-10-04T16:17:11Z</time>
   </trkpt>
   <trkpt lat="41.3604100" lon="-106.3158500">
    <ele>3613.5</ele>
    <time>2026-10-04T16:17:12Z</time>
   </trkpt>
   <trkpt lat="41.3604100" lon="-106.3158040">
    <ele>3614.3</ele>
    <time>2026-10-04T16:17:13Z</time>
   </trkpt>
   <trkpt lat="41.3604130" lon="-106.3158140">
    <ele>3614.5</ele>
    <time>2026-10-04T16:17:14Z</time>
   </trkpt>
   <trkpt lat="41.3604220" lon="-106.3157970">
    <ele>3614.9</ele>
    <time>2026-10-04T16:17:15Z</time>
   </trkpt>
   <trkpt lat="41.3604290" lon="-106.3158050">
    <ele>3615.2</ele>
    <time>2026-10-04T16:17:16Z</time>
   </trkpt>
   <trkpt lat="41.3604470" lon="-106.3157990">
    <ele>3615.7</ele>
    <time>2026-10-04T16:17:17Z</time>
   </trkpt>
   <trkpt lat="41.3604740" lon="-106.3158000">
    <ele>3616.4</ele>
    <time>2026-10-04T16:17:18Z</time>
   </trkpt>
   <trkpt lat="41.3604780" lon="-106.3157900">
    <ele>3616.7</ele>
    <time>2026-10-04T16:17:19Z</time>
   </trkpt>
   <trkpt lat="41.3604740" lon="-106.3157700">
    <ele>3617.1</ele>
    <time>2026-10-04T16:17:20Z</time>
   </trkpt>
   <trkpt lat="41.3604770" lon="-106.3157650">
    <ele>3617.2</ele>
    <time>2026-10-04T16:17:21Z</time>
   </trkpt>
   <trkpt lat="41.3604890" lon="-106.3157600">
    <ele>3617.6</ele>
    <time>2026-10-04T16:17:22Z</time>
   </trkpt>
   <trkpt lat="41.3604940" lon="-106.3157570">
    <ele>3617.7</ele>
    <time>2026-10-04T16:17:23Z</time>
   </trkpt>
   <trkpt lat="41.3605060" lon="-106.3157510">
    <ele>3618.1</ele>
    <time>2026-10-04T16:17:24Z</time>
   </trkpt>
   <trkpt lat="41.3605190" lon="-106.3157440">
    <ele>3618.5</ele>
    <time>2026-10-04T16:17:25Z</time>
   </trkpt>
   <trkpt lat="41.3605270" lon="-106.3157330">
    <ele>3618.8</ele>
    <time>2026-10-04T16:17:26Z</time>
   </trkpt>
   <trkpt lat="41.3605240" lon="-106.3157250">
    <ele>3619.0</ele>
    <time>2026-10-04T16:17:27Z</time>
   </trkpt>
   <trkpt lat="41.3605260" lon="-106.3157090">
    <ele>3619.3</ele>
    <time>2026-10-04T16:17:28Z</time>
   </trkpt>
   <trkpt lat="41.3605300" lon="-106.3157020">
    <ele>3619.5</ele>
    <time>2026-10-04T16:17:29Z</time>
   </trkpt>
   <trkpt lat="41.3605400" lon="-106.3156970">
    <ele>3619.8</ele>
    <time>2026-10-04T16:17:30Z</time>
   </trkpt>
   <trkpt lat="41.3605440" lon="-106.3156970">
    <ele>3619.9</ele>
    <time>2026-10-04T16:17:31Z</time>
   </trkpt>
   <trkpt lat="41.3605420" lon="-106.3157030">
    <ele>3620.1</ele>
    <time>2026-10-04T16:17:32Z</time>
   </trkpt>
   <trkpt lat="41.3605530" lon="-106.3157090">
    <ele>3620.4</ele>
    <time>2026-10-04T16:17:33Z</time>
   </trkpt>
   <trkpt lat="41.3605670" lon="-106.3157090">
    <ele>3620.8</ele>
    <time>2026-10-04T16:17:34Z</time>
   </trkpt>
   <trkpt lat="41.3605880" lon="-106.3157010">
    <ele>3621.3</ele>
    <time>2026-10-04T16:17:35Z</time>
   </trkpt>
   <trkpt lat="41.3605840" lon="-106.3157060">
    <ele>3621.5</ele>
    <time>2026-10-04T16:17:36Z</time>
   </trkpt>
   <trkpt lat="41.3605950" lon="-106.3156860">
    <ele>3622.0</ele>
    <time>2026-10-04T16:17:37Z</time>
   </trkpt>
   <trkpt lat="41.3606090" lon="-106.3156790">
    <ele>3622.3</ele>
    <time>2026-10-04T16:17:38Z</time>
   </trkpt>
   <trkpt lat="41.3606120" lon="-106.3156690">
    <ele>3622.5</ele>
    <time>2026-10-04T16:17:39Z</time>
   </trkpt>
   <trkpt lat="41.3606140" lon="-106.3156710">
    <ele>3622.6</ele>
    <time>2026-10-04T16:17:40Z</time>
   </trkpt>
   <trkpt lat="41.3606370" lon="-106.3156690">
    <ele>3623.2</ele>
    <time>2026-10-04T16:17:41Z</time>
   </trkpt>
   <trkpt lat="41.3606340" lon="-106.3156600">
    <ele>3623.3</ele>
    <time>2026-10-04T16:17:42Z</time>
   </trkpt>
   <trkpt lat="41.3606310" lon="-106.3156480">
    <ele>3623.6</ele>
    <time>2026-10-04T16:17:43Z</time>
   </trkpt>
   <trkpt lat="41.3606350" lon="-106.3156320">
    <ele>3623.9</ele>
    <time>2026-10-04T16:17:44Z</time>
   </trkpt>
   <trkpt lat="41.3606350" lon="-106.3156340">
    <ele>3623.9</ele>
    <time>2026-10-04T16:17:45Z</time>
   </trkpt>
   <trkpt lat="41.3606400" lon="-106.3156260">
    <ele>3624.1</ele>
    <time>2026-10-04T16:17:46Z</time>
   </trkpt>
   <trkpt lat="41.3606480" lon="-106.3156140">
    <ele>3624.4</ele>
    <time>2026-10-04T16:17:47Z</time>
   </trkpt>
   <trkpt lat="41.3606450" lon="-106.3156100">
    <ele>3624.5</ele>
    <time>2026-10-04T16:17:48Z</time>
   </trkpt>
   <trkpt lat="41.3606390" lon="-106.3156080">
    <ele>3624.6</ele>
    <time>2026-10-04T16:17:49Z</time>
   </trkpt>
   <trkpt lat="41.3606530" lon="-106.3155990">
    <ele>3625.0</ele>
    <time>2026-10-04T16:17:50Z</time>
   </trkpt>
   <trkpt lat="41.3606670" lon="-106.3155990">
    <ele>3625.3</ele>
    <time>2026-10-04T16:17:51Z</time>
   </trkpt>
   <trkpt lat="41.3606730" lon="-106.3155970">
    <ele>3625.5</ele>
    <time>2026-10-04T16:17:52Z</time>
   </trkpt>
   <trkpt lat="41.3606790" lon="-106.3155990">
    <ele>3625.6</ele>
    <time>2026-10-04T16:17:53Z</time>
   </trkpt>
   <trkpt lat="41.3606760" lon="-106.3156010">
    <ele>3625.7</ele>
    <time>2026-10-04T16:17:54Z</time>
   </trkpt>
   <trkpt lat="41.3606780" lon="-106.3155990">
    <ele>3625.8</ele>
    <time>2026-10-04T16:17:55Z</time>
   </trkpt>
   <trkpt lat="41.3606990" lon="-106.3156020">
    <ele>3626.3</ele>
    <time>2026-10-04T16:17:56Z</time>
   </trkpt>
   <trkpt lat="41.3607040" lon="-106.3156090">
    <ele>3626.5</ele>
    <time>2026-10-04T16:17:57Z</time>
   </trkpt>
   <trkpt lat="41.3607090" lon="-106.3156270">
    <ele>3626.8</ele>
    <time>2026-10-04T16:17:58Z</time>
   </trkpt>
   <trkpt lat="41.3607170" lon="-106.3156260">
    <ele>3627.0</ele>
    <time>2026-10-04T16:17:59Z</time>
   </trkpt>
   <trkpt lat="41.3607170" lon="-106.3156210">
    <ele>3627.1</ele>
    <time>2026-10-04T16:18:00Z</time>
   </trkpt>
   <trkpt lat="41.3607210" lon="-106.3156230">
    <ele>3627.2</ele>
    <time>2026-10-04T16:18:01Z</time>
   </trkpt>
   <trkpt lat="41.3607170" lon="-106.3156290">
    <ele>3627.4</ele>
    <time>2026-10-04T16:18:02Z</time>
   </trkpt>
   <trkpt lat="41.3607270" lon="-106.3156370">
    <ele>3627.6</ele>
    <time>2026-10-04T16:18:03Z</time>
   </trkpt>
   <trkpt lat="41.3607280" lon="-106.3156470">
    <ele>3627.8</ele>
    <time>2026-10-04T16:18:04Z</time>
   </trkpt>
   <trkpt lat="41.3607290" lon="-106.3156790">
    <ele>3628.4</ele>
    <time>2026-10-04T16:18:05Z</time>
   </trkpt>
   <trkpt lat="41.3607270" lon="-106.3156930">
    <ele>3628.6</ele>
    <time>2026-10-04T16:18:06Z</time>
   </trkpt>
   <trkpt lat="41.3607250" lon="-106.3157160">
    <ele>3629.0</ele>
    <time>2026-10-04T16:18:07Z</time>
   </trkpt>
   <trkpt lat="41.3607200" lon="-106.3157260">
    <ele>3629.2</ele>
    <time>2026-10-04T16:18:08Z</time>
   </trkpt>
   <trkpt lat="41.3607150" lon="-106.3157500">
    <ele>3629.6</ele>
    <time>2026-10-04T16:18:09Z</time>
   </trkpt>
   <trkpt lat="41.3607150" lon="-106.3157500">
    <ele>3629.6</ele>
    <time>2026-10-04T16:18:10Z</time>
   </trkpt>
   <trkpt lat="41.3607100" lon="-106.3157660">
    <ele>3629.9</ele>
    <time>2026-10-04T16:18:11Z</time>
   </trkpt>
   <trkpt lat="41.3607080" lon="-106.3157820">
    <ele>3630.2</ele>
    <time>2026-10-04T16:18:12Z</time>
   </trkpt>
   <trkpt lat="41.3607180" lon="-106.3157900">
    <ele>3630.4</ele>
    <time>2026-10-04T16:18:13Z</time>
   </trkpt>
   <trkpt lat="41.3607210" lon="-106.3157950">
    <ele>3630.5</ele>
    <time>2026-10-04T16:18:14Z</time>
   </trkpt>
   <trkpt lat="41.3607260" lon="-106.3158160">
    <ele>3630.8</ele>
    <time>2026-10-04T16:18:15Z</time>
   </trkpt>
   <trkpt lat="41.3607280" lon="-106.3158250">
    <ele>3630.9</ele>
    <time>2026-10-04T16:18:16Z</time>
   </trkpt>
   <trkpt lat="41.3607340" lon="-106.3158420">
    <ele>3631.2</ele>
    <time>2026-10-04T16:18:17Z</time>
   </trkpt>
   <trkpt lat="41.3607410" lon="-106.3158410">
    <ele>3631.3</ele>
    <time>2026-10-04T16:18:18Z</time>
   </trkpt>
   <trkpt lat="41.3607430" lon="-106.3158460">
    <ele>3631.4</ele>
    <time>2026-10-04T16:18:19Z</time>
   </trkpt>
   <trkpt lat="41.3607500" lon="-106.3158550">
    <ele>3631.6</ele>
    <time>2026-10-04T16:18:20Z</time>
   </trkpt>
   <trkpt lat="41.3607560" lon="-106.3158670">
    <ele>3631.8</ele>
    <time>2026-10-04T16:18:21Z</time>
   </trkpt>
   <trkpt lat="41.3607550" lon="-106.3158840">
    <ele>3632.0</ele>
    <time>2026-10-04T16:18:22Z</time>
   </trkpt>
   <trkpt lat="41.3607510" lon="-106.3158840">
    <ele>3632.1</ele>
    <time>2026-10-04T16:18:23Z</time>
   </trkpt>
   <trkpt lat="41.3607520" lon="-106.3158940">
    <ele>3632.2</ele>
    <time>2026-10-04T16:18:24Z</time>
   </trkpt>
   <trkpt lat="41.3607500" lon="-106.3159190">
    <ele>3632.5</ele>
    <time>2026-10-04T16:18:25Z</time>
   </trkpt>
   <trkpt lat="41.3607460" lon="-106.3159330">
    <ele>3632.7</ele>
    <time>2026-10-04T16:18:26Z</time>
   </trkpt>
   <trkpt lat="41.3607460" lon="-106.3159380">
    <ele>3632.8</ele>
    <time>2026-10-04T16:18:27Z</time>
   </trkpt>
   <trkpt lat="41.3607470" lon="-106.3159460">
    <ele>3632.9</ele>
    <time>2026-10-04T16:18:28Z</time>
   </trkpt>
   <trkpt lat="41.3607510" lon="-106.3159660">
    <ele>3633.2</ele>
    <time>2026-10-04T16:18:29Z</time>
   </trkpt>
   <trkpt lat="41.3607470" lon="-106.3159710">
    <ele>3633.3</ele>
    <time>2026-10-04T16:18:30Z</time>
   </trkpt>
   <trkpt lat="41.3607500" lon="-106.3159760">
    <ele>3633.3</ele>
    <time>2026-10-04T16:18:31Z</time>
   </trkpt>
   <trkpt lat="41.3607560" lon="-106.3159700">
    <ele>3633.5</ele>
    <time>2026-10-04T16:18:32Z</time>
   </trkpt>
   <trkpt lat="41.3607710" lon="-106.3159730">
    <ele>3633.7</ele>
    <time>2026-10-04T16:18:33Z</time>
   </trkpt>
   <trkpt lat="41.3607780" lon="-106.3159800">
    <ele>3633.9</ele>
    <time>2026-10-04T16:18:34Z</time>
   </trkpt>
   <trkpt lat="41.3607790" lon="-106.3159780">
    <ele>3633.9</ele>
    <time>2026-10-04T16:18:35Z</time>
   </trkpt>
   <trkpt lat="41.3607840" lon="-106.3159890">
    <ele>3634.1</ele>
    <time>2026-10-04T16:18:36Z</time>
   </trkpt>
   <trkpt lat="41.3607840" lon="-106.3160050">
    <ele>3634.3</ele>
    <time>2026-10-04T16:18:37Z</time>
   </trkpt>
   <trkpt lat="41.3607790" lon="-106.3159990">
    <ele>3634.4</ele>
    <time>2026-10-04T16:18:38Z</time>
   </trkpt>
   <trkpt lat="41.3607780" lon="-106.3160190">
    <ele>3634.6</ele>
    <time>2026-10-04T16:18:39Z</time>
   </trkpt>
   <trkpt lat="41.3607000" lon="-106.3161320">
    <ele>3636.7</ele>
    <time>2026-10-04T16:18:55Z</time>
   </trkpt>
   <trkpt lat="41.3606830" lon="-106.3161460">
    <ele>3637.1</ele>
    <time>2026-10-04T16:18:56Z</time>
   </trkpt>
   <trkpt lat="41.3606750" lon="-106.3161560">
    <ele>3637.3</ele>
    <time>2026-10-04T16:18:57Z</time>
   </trkpt>
   <trkpt lat="41.3606700" lon="-106.3161560">
    <ele>3637.4</ele>
    <time>2026-10-04T16:18:58Z</time>
   </trkpt>
   <trkpt lat="41.3605760" lon="-106.3165350">
    <ele>3644.2</ele>
    <time>2026-10-04T16:19:51Z</time>
   </trkpt>
   <trkpt lat="41.3605790" lon="-106.3165340">
    <ele>3644.3</ele>
    <time>2026-10-04T16:19:52Z</time>
   </trkpt>
   <trkpt lat="41.3605620" lon="-106.3165490">
    <ele>3644.7</ele>
    <time>2026-10-04T16:19:53Z</time>
   </trkpt>
   <trkpt lat="41.3605610" lon="-106.3165440">
    <ele>3644.8</ele>
    <time>2026-10-04T16:19:54Z</time>
   </trkpt>
   <trkpt lat="41.3603610" lon="-106.3173900">
    <ele>3657.6</ele>
    <time>2026-10-04T16:23:22Z</time>
   </trkpt>
   <trkpt lat="41.3603610" lon="-106.3173870">
    <ele>3657.6</ele>
    <time>2026-10-04T16:23:23Z</time>
   </trkpt>
   <trkpt lat="41.3603610" lon="-106.3173840">
    <ele>3657.6</ele>
    <time>2026-10-04T16:23:24Z</time>
   </trkpt>
   <trkpt lat="41.3603330" lon="-106.3174700">
    <ele>3658.1</ele>
    <time>2026-10-04T16:23:43Z</time>
   </trkpt>
   <trkpt lat="41.3603330" lon="-106.3174710">
    <ele>3658.1</ele>
    <time>2026-10-04T16:23:44Z</time>
   </trkpt>
   <trkpt lat="41.3603350" lon="-106.3174760">
    <ele>3658.2</ele>
    <time>2026-10-04T16:23:45Z</time>
   </trkpt>
   <trkpt lat="41.3603360" lon="-106.3174740">
    <ele>3658.2</ele>
    <time>2026-10-04T16:23:46Z</time>
   </trkpt>
   <trkpt lat="41.3603330" lon="-106.3174930">
    <ele>3658.3</ele>
    <time>2026-10-04T16:23:47Z</time>
   </trkpt>
   <trkpt lat="41.3603330" lon="-106.3175100">
    <ele>3658.4</ele>
    <time>2026-10-04T16:23:48Z</time>
   </trkpt>
   <trkpt lat="41.3603380" lon="-106.3175130">
    <ele>3658.4</ele>
    <time>2026-10-04T16:23:49Z</time>
   </trkpt>
   <trkpt lat="41.3603270" lon="-106.3175150">
    <ele>3658.5</ele>
    <time>2026-10-04T16:23:50Z</time>
   </trkpt>
   <trkpt lat="41.3603150" lon="-106.3175350">
    <ele>3658.6</ele>
    <time>2026-10-04T16:23:51Z</time>
   </trkpt>
   <trkpt lat="41.3603150" lon="-106.3175350">
    <ele>3658.6</ele>
    <time>2026-10-04T16:23:52Z</time>
   </trkpt>
   <trkpt lat="41.3603150" lon="-106.3175350">
    <ele>3658.6</ele>
    <time>2026-10-04T16:23:53Z</time>
   </trkpt>
   <trkpt lat="41.3602440" lon="-106.3178190">
    <ele>3658.6</ele>
    <time>2026-10-04T16:46:50Z</time>
   </trkpt>
   <trkpt lat="41.3602440" lon="-106.3178190">
    <ele>3658.6</ele>
    <time>2026-10-04T16:46:51Z</time>
   </trkpt>
   <trkpt lat="41.3602440" lon="-106.3178200">
    <ele>3658.6</ele>
    <time>2026-10-04T16:46:52Z</time>
   </trkpt>
   <trkpt lat="41.3602440" lon="-106.3178200">
    <ele>3658.6</ele>
    <time>2026-10-04T16:46:53Z</time>
   </trkpt>
   <trkpt lat="41.3602440" lon="-106.3178200">
    <ele>3658.6</ele>
    <time>2026-10-04T16:46:54Z</time>
   </trkpt>
   <trkpt lat="41.3602430" lon="-106.3178200">
    <ele>3658.6</ele>
    <time>2026-10-04T16:46:55Z</time>
   </trkpt>
   <trkpt lat="41.3602430" lon="-106.3178200">
    <ele>3658.6</ele>
    <time>2026-10-04T16:46:56Z</time>
   </trkpt>
   <trkpt lat="41.3602430" lon="-106.3178210">
    <ele>3658.6</ele>
    <time>2026-10-04T16:46:57Z</time>
   </trkpt>
   <trkpt lat="41.3602430" lon="-106.3178210">
    <ele>3658.6</ele>
    <time>2026-10-04T16:46:58Z</time>
   </trkpt>
   <trkpt lat="41.3602430" lon="-106.3178210">
    <ele>3658.6</ele>
    <time>2026-10-04T16:46:59Z</time>
   </trkpt>
   <trkpt lat="41.3602430" lon="-106.3178210">
    <ele>3658.6</ele>
    <time>2026-10-04T16:47:00Z</time>
   </trkpt>
   <trkpt lat="41.3602430" lon="-106.3178210">
    <ele>3658.6</ele>
    <time>2026-10-04T16:47:01Z</time>
   </trkpt>
   <trkpt lat="41.3602430" lon="-106.3178220">
    <ele>3658.6</ele>
    <time>2026-10-04T16:47:02Z</time>
   </trkpt>
   <trkpt lat="41.3602430" lon="-106.3178220">
    <ele>3658.6</ele>
    <time>2026-10-04T16:47:03Z</time>
   </trkpt>
   <trkpt lat="41.3602430" lon="-106.3178220">
    <ele>3658.6</ele>
    <time>2026-10-04T16:47:04Z</time>
   </trkpt>
   <trkpt lat="41.3602260" lon="-106.3178370">
    <ele>3658.5</ele>
    <time>2026-10-04T16:47:05Z</time>
   </trkpt>
   <trkpt lat="41.3602140" lon="-106.3178600">
    <ele>3658.4</ele>
    <time>2026-10-04T16:47:06Z</time>
   </trkpt>
   <trkpt lat="41.3602010" lon="-106.3178850">
    <ele>3658.3</ele>
    <time>2026-10-04T16:47:07Z</time>
   </trkpt>
   <trkpt lat="41.3601900" lon="-106.3179170">
    <ele>3658.2</ele>
    <time>2026-10-04T16:47:08Z</time>
   </trkpt>
   <trkpt lat="41.3601870" lon="-106.3179300">
    <ele>3658.1</ele>
    <time>2026-10-04T16:47:09Z</time>
   </trkpt>
   <trkpt lat="41.3601780" lon="-106.3179460">
    <ele>3658.0</ele>
    <time>2026-10-04T16:47:10Z</time>
   </trkpt>
   <trkpt lat="41.3601780" lon="-106.3179630">
    <ele>3657.9</ele>
    <time>2026-10-04T16:47:11Z</time>
   </trkpt>
   <trkpt lat="41.3601780" lon="-106.3179940">
    <ele>3657.8</ele>
    <time>2026-10-04T16:47:12Z</time>
   </trkpt>
   <trkpt lat="41.3601740" lon="-106.3180130">
    <ele>3657.6</ele>
    <time>2026-10-04T16:47:13Z</time>
   </trkpt>
   <trkpt lat="41.3601700" lon="-106.3180300">
    <ele>3657.5</ele>
    <time>2026-10-04T16:47:14Z</time>
   </trkpt>
   <trkpt lat="41.3601720" lon="-106.3180540">
    <ele>3657.4</ele>
    <time>2026-10-04T16:47:15Z</time>
   </trkpt>
   <trkpt lat="41.3601670" lon="-106.3180680">
    <ele>3657.3</ele>
    <time>2026-10-04T16:47:16Z</time>
   </trkpt>
   <trkpt lat="41.3601630" lon="-106.3180780">
    <ele>3657.2</ele>
    <time>2026-10-04T16:47:17Z</time>
   </trkpt>
   <trkpt lat="41.3601570" lon="-106.3180820">
    <ele>3657.1</ele>
    <time>2026-10-04T16:47:18Z</time>
   </trkpt>
   <trkpt lat="41.3601510" lon="-106.3181000">
    <ele>3656.9</ele>
    <time>2026-10-04T16:47:19Z</time>
   </trkpt>
   <trkpt lat="41.3601400" lon="-106.3181080">
    <ele>3656.8</ele>
    <time>2026-10-04T16:47:20Z</time>
   </trkpt>
   <trkpt lat="41.3601270" lon="-106.3181200">
    <ele>3656.6</ele>
    <time>2026-10-04T16:47:21Z</time>
   </trkpt>
   <trkpt lat="41.3601190" lon="-106.3181550">
    <ele>3656.3</ele>
    <time>2026-10-04T16:47:22Z</time>
   </trkpt>
   <trkpt lat="41.3601040" lon="-106.3181530">
    <ele>3656.1</ele>
    <time>2026-10-04T16:47:23Z</time>
   </trkpt>
   <trkpt lat="41.3599180" lon="-106.3183880">
    <ele>3652.3</ele>
    <time>2026-10-04T16:47:50Z</time>
   </trkpt>
   <trkpt lat="41.3599080" lon="-106.3184040">
    <ele>3652.0</ele>
    <time>2026-10-04T16:47:51Z</time>
   </trkpt>
   <trkpt lat="41.3598890" lon="-106.3184160">
    <ele>3651.6</ele>
    <time>2026-10-04T16:47:52Z</time>
   </trkpt>
   <trkpt lat="41.3598840" lon="-106.3184260">
    <ele>3651.5</ele>
    <time>2026-10-04T16:47:53Z</time>
   </trkpt>
   <trkpt lat="41.3598760" lon="-106.3184350">
    <ele>3651.2</ele>
    <time>2026-10-04T16:47:54Z</time>
   </trkpt>
   <trkpt lat="41.3598750" lon="-106.3184630">
    <ele>3650.8</ele>
    <time>2026-10-04T16:47:55Z</time>
   </trkpt>
   <trkpt lat="41.3598680" lon="-106.3184820">
    <ele>3650.5</ele>
    <time>2026-10-04T16:47:56Z</time>
   </trkpt>
   <trkpt lat="41.3598570" lon="-106.3185130">
    <ele>3650.0</ele>
    <time>2026-10-04T16:47:57Z</time>
   </trkpt>
   <trkpt lat="41.3598530" lon="-106.3185330">
    <ele>3649.7</ele>
    <time>2026-10-04T16:47:58Z</time>
   </trkpt>
   <trkpt lat="41.3598520" lon="-106.3185480">
    <ele>3649.4</ele>
    <time>2026-10-04T16:47:59Z</time>
   </trkpt>
   <trkpt lat="41.3598430" lon="-106.3185640">
    <ele>3649.1</ele>
    <time>2026-10-04T16:48:00Z</time>
   </trkpt>
   <trkpt lat="41.3598400" lon="-106.3185770">
    <ele>3648.9</ele>
    <time>2026-10-04T16:48:01Z</time>
   </trkpt>
   <trkpt lat="41.3598420" lon="-106.3185930">
    <ele>3648.6</ele>
    <time>2026-10-04T16:48:02Z</time>
   </trkpt>
   <trkpt lat="41.3598230" lon="-106.3186000">
    <ele>3648.2</ele>
    <time>2026-10-04T16:48:03Z</time>
   </trkpt>
   <trkpt lat="41.3598230" lon="-106.3186060">
    <ele>3648.1</ele>
    <time>2026-10-04T16:48:04Z</time>
   </trkpt>
   <trkpt lat="41.3598120" lon="-106.3186240">
    <ele>3647.7</ele>
    <time>2026-10-04T16:48:05Z</time>
   </trkpt>
   <trkpt lat="41.3598060" lon="-106.3186440">
    <ele>3647.4</ele>
    <time>2026-10-04T16:48:06Z</time>
   </trkpt>
   <trkpt lat="41.3597930" lon="-106.3186550">
    <ele>3647.0</ele>
    <time>2026-10-04T16:48:07Z</time>
   </trkpt>
   <trkpt lat="41.3597830" lon="-106.3186550">
    <ele>3646.8</ele>
    <time>2026-10-04T16:48:08Z</time>
   </trkpt>
   <trkpt lat="41.3597810" lon="-106.3186920">
    <ele>3646.2</ele>
    <time>2026-10-04T16:48:09Z</time>
   </trkpt>
   <trkpt lat="41.3597820" lon="-106.3187160">
    <ele>3645.8</ele>
    <time>2026-10-04T16:48:10Z</time>
   </trkpt>
   <trkpt lat="41.3597910" lon="-106.3187210">
    <ele>3645.6</ele>
    <time>2026-10-04T16:48:11Z</time>
   </trkpt>
   <trkpt lat="41.3597800" lon="-106.3187370">
    <ele>3645.3</ele>
    <time>2026-10-04T16:48:12Z</time>
   </trkpt>
   <trkpt lat="41.3597720" lon="-106.3187460">
    <ele>3645.0</ele>
    <time>2026-10-04T16:48:13Z</time>
   </trkpt>
   <trkpt lat="41.3597620" lon="-106.3187530">
    <ele>3644.8</ele>
    <time>2026-10-04T16:48:14Z</time>
   </trkpt>
   <trkpt lat="41.3597460" lon="-106.3187340">
    <ele>3644.4</ele>
    <time>2026-10-04T16:48:15Z</time>
   </trkpt>
   <trkpt lat="41.3597340" lon="-106.3187320">
    <ele>3644.1</ele>
    <time>2026-10-04T16:48:16Z</time>
   </trkpt>
   <trkpt lat="41.3597220" lon="-106.3187150">
    <ele>3643.7</ele>
    <time>2026-10-04T16:48:17Z</time>
   </trkpt>
   <trkpt lat="41.3597060" lon="-106.3186880">
    <ele>3643.2</ele>
    <time>2026-10-04T16:48:18Z</time>
   </trkpt>
   <trkpt lat="41.3596900" lon="-106.3186730">
    <ele>3642.8</ele>
    <time>2026-10-04T16:48:19Z</time>
   </trkpt>
   <trkpt lat="41.3596760" lon="-106.3186630">
    <ele>3642.5</ele>
    <time>2026-10-04T16:48:20Z</time>
   </trkpt>
   <trkpt lat="41.3596490" lon="-106.3186820">
    <ele>3641.9</ele>
    <time>2026-10-04T16:48:21Z</time>
   </trkpt>
   <trkpt lat="41.3596280" lon="-106.3186940">
    <ele>3641.4</ele>
    <time>2026-10-04T16:48:22Z</time>
   </trkpt>
   <trkpt lat="41.3596150" lon="-106.3186920">
    <ele>3641.2</ele>
    <time>2026-10-04T16:48:23Z</time>
   </trkpt>
   <trkpt lat="41.3596040" lon="-106.3187050">
    <ele>3640.9</ele>
    <time>2026-10-04T16:48:24Z</time>
   </trkpt>
   <trkpt lat="41.3595930" lon="-106.3187270">
    <ele>3640.6</ele>
    <time>2026-10-04T16:48:25Z</time>
   </trkpt>
   <trkpt lat="41.3595840" lon="-106.3187450">
    <ele>3640.3</ele>
    <time>2026-10-04T16:48:26Z</time>
   </trkpt>
   <trkpt lat="41.3595780" lon="-106.3187700">
    <ele>3640.0</ele>
    <time>2026-10-04T16:48:27Z</time>
   </trkpt>
   <trkpt lat="41.3595640" lon="-106.3187950">
    <ele>3639.7</ele>
    <time>2026-10-04T16:48:28Z</time>
   </trkpt>
   <trkpt lat="41.3595540" lon="-106.3188140">
    <ele>3639.4</ele>
    <time>2026-10-04T16:48:29Z</time>
   </trkpt>
   <trkpt lat="41.3595330" lon="-106.3188320">
    <ele>3639.2</ele>
    <time>2026-10-04T16:48:30Z</time>
   </trkpt>
   <trkpt lat="41.3595200" lon="-106.3188560">
    <ele>3638.9</ele>
    <time>2026-10-04T16:48:31Z</time>
   </trkpt>
   <trkpt lat="41.3595010" lon="-106.3188860">
    <ele>3638.7</ele>
    <time>2026-10-04T16:48:32Z</time>
   </trkpt>
   <trkpt lat="41.3594760" lon="-106.3189090">
    <ele>3638.4</ele>
    <time>2026-10-04T16:48:33Z</time>
   </trkpt>
   <trkpt lat="41.3594550" lon="-106.3189350">
    <ele>3638.2</ele>
    <time>2026-10-04T16:48:34Z</time>
   </trkpt>
   <trkpt lat="41.3594350" lon="-106.3189590">
    <ele>3638.0</ele>
    <time>2026-10-04T16:48:35Z</time>
   </trkpt>
   <trkpt lat="41.3594190" lon="-106.3189840">
    <ele>3637.9</ele>
    <time>2026-10-04T16:48:36Z</time>
   </trkpt>
   <trkpt lat="41.3594160" lon="-106.3190190">
    <ele>3637.7</ele>
    <time>2026-10-04T16:48:37Z</time>
   </trkpt>
   <trkpt lat="41.3594070" lon="-106.3190500">
    <ele>3637.5</ele>
    <time>2026-10-04T16:48:38Z</time>
   </trkpt>
   <trkpt lat="41.3594080" lon="-106.3190830">
    <ele>3637.3</ele>
    <time>2026-10-04T16:48:39Z</time>
   </trkpt>
   <trkpt lat="41.3594100" lon="-106.3191190">
    <ele>3637.1</ele>
    <time>2026-10-04T16:48:40Z</time>
   </trkpt>
   <trkpt lat="41.3594100" lon="-106.3191550">
    <ele>3636.9</ele>
    <time>2026-10-04T16:48:41Z</time>
   </trkpt>
   <trkpt lat="41.3594010" lon="-106.3191890">
    <ele>3636.7</ele>
    <time>2026-10-04T16:48:42Z</time>
   </trkpt>
   <trkpt lat="41.3593850" lon="-106.3192140">
    <ele>3636.5</ele>
    <time>2026-10-04T16:48:43Z</time>
   </trkpt>
   <trkpt lat="41.3593810" lon="-106.3192500">
    <ele>3636.3</ele>
    <time>2026-10-04T16:48:44Z</time>
   </trkpt>
   <trkpt lat="41.3593910" lon="-106.3192870">
    <ele>3636.1</ele>
    <time>2026-10-04T16:48:45Z</time>
   </trkpt>
   <trkpt lat="41.3594000" lon="-106.3193240">
    <ele>3635.9</ele>
    <time>2026-10-04T16:48:46Z</time>
   </trkpt>
   <trkpt lat="41.3594070" lon="-106.3193570">
    <ele>3635.8</ele>
    <time>2026-10-04T16:48:47Z</time>
   </trkpt>
   <trkpt lat="41.3594240" lon="-106.3193820">
    <ele>3635.6</ele>
    <time>2026-10-04T16:48:48Z</time>
   </trkpt>
   <trkpt lat="41.3594260" lon="-106.3194130">
    <ele>3635.5</ele>
    <time>2026-10-04T16:48:49Z</time>
   </trkpt>
   <trkpt lat="41.3594100" lon="-106.3194470">
    <ele>3635.3</ele>
    <time>2026-10-04T16:48:50Z</time>
   </trkpt>
   <trkpt lat="41.3594020" lon="-106.3194740">
    <ele>3635.2</ele>
    <time>2026-10-04T16:48:51Z</time>
   </trkpt>
   <trkpt lat="41.3593970" lon="-106.3195040">
    <ele>3635.0</ele>
    <time>2026-10-04T16:48:52Z</time>
   </trkpt>
   <trkpt lat="41.3593880" lon="-106.3195400">
    <ele>3634.8</ele>
    <time>2026-10-04T16:48:53Z</time>
   </trkpt>
   <trkpt lat="41.3593810" lon="-106.3195690">
    <ele>3634.7</ele>
    <time>2026-10-04T16:48:54Z</time>
   </trkpt>
   <trkpt lat="41.3593740" lon="-106.3195990">
    <ele>3634.6</ele>
    <time>2026-10-04T16:48:55Z</time>
   </trkpt>
   <trkpt lat="41.3593660" lon="-106.3196340">
    <ele>3634.4</ele>
    <time>2026-10-04T16:48:56Z</time>
   </trkpt>
   <trkpt lat="41.3593550" lon="-106.3196680">
    <ele>3634.3</ele>
    <time>2026-10-04T16:48:57Z</time>
   </trkpt>
   <trkpt lat="41.3593440" lon="-106.3197000">
    <ele>3634.2</ele>
    <time>2026-10-04T16:48:58Z</time>
   </trkpt>
   <trkpt lat="41.3593390" lon="-106.3197300">
    <ele>3634.1</ele>
    <time>2026-10-04T16:48:59Z</time>
   </trkpt>
   <trkpt lat="41.3593410" lon="-106.3197660">
    <ele>3633.9</ele>
    <time>2026-10-04T16:49:00Z</time>
   </trkpt>
   <trkpt lat="41.3593350" lon="-106.3197970">
    <ele>3633.9</ele>
    <time>2026-10-04T16:49:01Z</time>
   </trkpt>
   <trkpt lat="41.3593250" lon="-106.3198180">
    <ele>3633.8</ele>
    <time>2026-10-04T16:49:02Z</time>
   </trkpt>
   <trkpt lat="41.3593070" lon="-106.3198410">
    <ele>3633.7</ele>
    <time>2026-10-04T16:49:03Z</time>
   </trkpt>
   <trkpt lat="41.3592880" lon="-106.3198600">
    <ele>3633.7</ele>
    <time>2026-10-04T16:49:04Z</time>
   </trkpt>
   <trkpt lat="41.3592690" lon="-106.3198750">
    <ele>3633.6</ele>
    <time>2026-10-04T16:49:05Z</time>
   </trkpt>
   <trkpt lat="41.3592540" lon="-106.3199050">
    <ele>3633.6</ele>
    <time>2026-10-04T16:49:06Z</time>
   </trkpt>
   <trkpt lat="41.3592330" lon="-106.3199320">
    <ele>3633.5</ele>
    <time>2026-10-04T16:49:07Z</time>
   </trkpt>
   <trkpt lat="41.3592100" lon="-106.3199360">
    <ele>3633.5</ele>
    <time>2026-10-04T16:49:08Z</time>
   </trkpt>
   <trkpt lat="41.3591930" lon="-106.3199560">
    <ele>3633.5</ele>
    <time>2026-10-04T16:49:09Z</time>
   </trkpt>
   <trkpt lat="41.3591870" lon="-106.3199930">
    <ele>3633.6</ele>
    <time>2026-10-04T16:49:10Z</time>
   </trkpt>
   <trkpt lat="41.3591840" lon="-106.3200270">
    <ele>3633.6</ele>
    <time>2026-10-04T16:49:11Z</time>
   </trkpt>
   <trkpt lat="41.3591610" lon="-106.3200470">
    <ele>3633.7</ele>
    <time>2026-10-04T16:49:12Z</time>
   </trkpt>
   <trkpt lat="41.3591370" lon="-106.3200710">
    <ele>3633.8</ele>
    <time>2026-10-04T16:49:13Z</time>
   </trkpt>
   <trkpt lat="41.3591200" lon="-106.3200730">
    <ele>3633.9</ele>
    <time>2026-10-04T16:49:14Z</time>
   </trkpt>
   <trkpt lat="41.3590990" lon="-106.3200620">
    <ele>3634.0</ele>
    <time>2026-10-04T16:49:15Z</time>
   </trkpt>
   <trkpt lat="41.3590790" lon="-106.3200550">
    <ele>3634.1</ele>
    <time>2026-10-04T16:49:16Z</time>
   </trkpt>
   <trkpt lat="41.3590690" lon="-106.3200490">
    <ele>3634.1</ele>
    <time>2026-10-04T16:49:17Z</time>
   </trkpt>
   <trkpt lat="41.3590560" lon="-106.3200670">
    <ele>3634.3</ele>
    <time>2026-10-04T16:49:18Z</time>
   </trkpt>
   <trkpt lat="41.3590350" lon="-106.3200980">
    <ele>3634.5</ele>
    <time>2026-10-04T16:49:19Z</time>
   </trkpt>
   <trkpt lat="41.3590160" lon="-106.3201200">
    <ele>3634.7</ele>
    <time>2026-10-04T16:49:20Z</time>
   </trkpt>
   <trkpt lat="41.3589920" lon="-106.3201220">
    <ele>3634.9</ele>
    <time>2026-10-04T16:49:21Z</time>
   </trkpt>
   <trkpt lat="41.3589740" lon="-106.3201160">
    <ele>3635.0</ele>
    <time>2026-10-04T16:49:22Z</time>
   </trkpt>
   <trkpt lat="41.3589570" lon="-106.3201320">
    <ele>3635.2</ele>
    <time>2026-10-04T16:49:23Z</time>
   </trkpt>
   <trkpt lat="41.3589350" lon="-106.3201470">
    <ele>3635.5</ele>
    <time>2026-10-04T16:49:24Z</time>
   </trkpt>
   <trkpt lat="41.3589080" lon="-106.3201450">
    <ele>3635.7</ele>
    <time>2026-10-04T16:49:25Z</time>
   </trkpt>
   <trkpt lat="41.3588950" lon="-106.3201420">
    <ele>3635.8</ele>
    <time>2026-10-04T16:49:26Z</time>
   </trkpt>
   <trkpt lat="41.3588840" lon="-106.3201670">
    <ele>3636.1</ele>
    <time>2026-10-04T16:49:27Z</time>
   </trkpt>
   <trkpt lat="41.3588810" lon="-106.3202090">
    <ele>3636.4</ele>
    <time>2026-10-04T16:49:28Z</time>
   </trkpt>
   <trkpt lat="41.3588870" lon="-106.3202400">
    <ele>3636.6</ele>
    <time>2026-10-04T16:49:29Z</time>
   </trkpt>
   <trkpt lat="41.3588980" lon="-106.3202690">
    <ele>3636.8</ele>
    <time>2026-10-04T16:49:30Z</time>
   </trkpt>
   <trkpt lat="41.3588830" lon="-106.3202920">
    <ele>3637.0</ele>
    <time>2026-10-04T16:49:31Z</time>
   </trkpt>
   <trkpt lat="41.3588680" lon="-106.3203130">
    <ele>3637.1</ele>
    <time>2026-10-04T16:49:32Z</time>
   </trkpt>
   <trkpt lat="41.3588580" lon="-106.3203390">
    <ele>3637.3</ele>
    <time>2026-10-04T16:49:33Z</time>
   </trkpt>
   <trkpt lat="41.3588470" lon="-106.3203510">
    <ele>3637.4</ele>
    <time>2026-10-04T16:49:34Z</time>
   </trkpt>
   <trkpt lat="41.3588440" lon="-106.3203730">
    <ele>3637.5</ele>
    <time>2026-10-04T16:49:35Z</time>
   </trkpt>
   <trkpt lat="41.3588420" lon="-106.3204020">
    <ele>3637.6</ele>
    <time>2026-10-04T16:49:36Z</time>
   </trkpt>
   <trkpt lat="41.3588260" lon="-106.3204140">
    <ele>3637.7</ele>
    <time>2026-10-04T16:49:37Z</time>
   </trkpt>
   <trkpt lat="41.3588200" lon="-106.3204390">
    <ele>3637.8</ele>
    <time>2026-10-04T16:49:38Z</time>
   </trkpt>
   <trkpt lat="41.3588210" lon="-106.3204600">
    <ele>3637.8</ele>
    <time>2026-10-04T16:49:39Z</time>
   </trkpt>
   <trkpt lat="41.3588210" lon="-106.3204870">
    <ele>3637.9</ele>
    <time>2026-10-04T16:49:40Z</time>
   </trkpt>
   <trkpt lat="41.3588400" lon="-106.3205060">
    <ele>3638.0</ele>
    <time>2026-10-04T16:49:41Z</time>
   </trkpt>
   <trkpt lat="41.3588560" lon="-106.3205250">
    <ele>3638.0</ele>
    <time>2026-10-04T16:49:42Z</time>
   </trkpt>
   <trkpt lat="41.3588660" lon="-106.3205450">
    <ele>3638.0</ele>
    <time>2026-10-04T16:49:43Z</time>
   </trkpt>
   <trkpt lat="41.3588580" lon="-106.3205570">
    <ele>3638.0</ele>
    <time>2026-10-04T16:49:44Z</time>
   </trkpt>
   <trkpt lat="41.3588600" lon="-106.3205770">
    <ele>3638.0</ele>
    <time>2026-10-04T16:49:45Z</time>
   </trkpt>
   <trkpt lat="41.3588650" lon="-106.3205940">
    <ele>3638.0</ele>
    <time>2026-10-04T16:49:46Z</time>
   </trkpt>
   <trkpt lat="41.3588690" lon="-106.3206150">
    <ele>3637.9</ele>
    <time>2026-10-04T16:49:47Z</time>
   </trkpt>
   <trkpt lat="41.3588820" lon="-106.3206360">
    <ele>3637.8</ele>
    <time>2026-10-04T16:49:48Z</time>
   </trkpt>
   <trkpt lat="41.3588820" lon="-106.3206610">
    <ele>3637.8</ele>
    <time>2026-10-04T16:49:49Z</time>
   </trkpt>
   <trkpt lat="41.3588680" lon="-106.3206770">
    <ele>3637.7</ele>
    <time>2026-10-04T16:49:50Z</time>
   </trkpt>
   <trkpt lat="41.3588550" lon="-106.3206910">
    <ele>3637.6</ele>
    <time>2026-10-04T16:49:51Z</time>
   </trkpt>
   <trkpt lat="41.3588470" lon="-106.3207060">
    <ele>3637.5</ele>
    <time>2026-10-04T16:49:52Z</time>
   </trkpt>
   <trkpt lat="41.3588410" lon="-106.3207250">
    <ele>3637.4</ele>
    <time>2026-10-04T16:49:53Z</time>
   </trkpt>
   <trkpt lat="41.3588330" lon="-106.3207460">
    <ele>3637.3</ele>
    <time>2026-10-04T16:49:54Z</time>
   </trkpt>
   <trkpt lat="41.3588230" lon="-106.3207660">
    <ele>3637.2</ele>
    <time>2026-10-04T16:49:55Z</time>
   </trkpt>
   <trkpt lat="41.3588150" lon="-106.3207890">
    <ele>3637.1</ele>
    <time>2026-10-04T16:49:56Z</time>
   </trkpt>
   <trkpt lat="41.3588060" lon="-106.3208100">
    <ele>3637.0</ele>
    <time>2026-10-04T16:49:57Z</time>
   </trkpt>
   <trkpt lat="41.3587920" lon="-106.3208320">
    <ele>3636.9</ele>
    <time>2026-10-04T16:49:58Z</time>
   </trkpt>
   <trkpt lat="41.3587900" lon="-106.3208580">
    <ele>3636.7</ele>
    <time>2026-10-04T16:49:59Z</time>
   </trkpt>
   <trkpt lat="41.3587850" lon="-106.3208850">
    <ele>3636.6</ele>
    <time>2026-10-04T16:50:00Z</time>
   </trkpt>
   <trkpt lat="41.3587620" lon="-106.3209090">
    <ele>3636.4</ele>
    <time>2026-10-04T16:50:01Z</time>
   </trkpt>
   <trkpt lat="41.3587570" lon="-106.3209290">
    <ele>3636.3</ele>
    <time>2026-10-04T16:50:02Z</time>
   </trkpt>
   <trkpt lat="41.3587520" lon="-106.3209510">
    <ele>3636.2</ele>
    <time>2026-10-04T16:50:03Z</time>
   </trkpt>
   <trkpt lat="41.3587520" lon="-106.3209850">
    <ele>3636.1</ele>
    <time>2026-10-04T16:50:04Z</time>
   </trkpt>
   <trkpt lat="41.3587450" lon="-106.3210140">
    <ele>3636.0</ele>
    <time>2026-10-04T16:50:05Z</time>
   </trkpt>
   <trkpt lat="41.3587280" lon="-106.3210380">
    <ele>3635.8</ele>
    <time>2026-10-04T16:50:06Z</time>
   </trkpt>
   <trkpt lat="41.3587240" lon="-106.3210600">
    <ele>3635.7</ele>
    <time>2026-10-04T16:50:07Z</time>
   </trkpt>
   <trkpt lat="41.3587080" lon="-106.3210820">
    <ele>3635.6</ele>
    <time>2026-10-04T16:50:08Z</time>
   </trkpt>
   <trkpt lat="41.3586810" lon="-106.3210990">
    <ele>3635.4</ele>
    <time>2026-10-04T16:50:09Z</time>
   </trkpt>
   <trkpt lat="41.3586760" lon="-106.3211150">
    <ele>3635.4</ele>
    <time>2026-10-04T16:50:10Z</time>
   </trkpt>
   <trkpt lat="41.3586660" lon="-106.3211300">
    <ele>3635.3</ele>
    <time>2026-10-04T16:50:11Z</time>
   </trkpt>
   <trkpt lat="41.3586590" lon="-106.3211580">
    <ele>3635.1</ele>
    <time>2026-10-04T16:50:12Z</time>
   </trkpt>
   <trkpt lat="41.3586560" lon="-106.3211740">
    <ele>3635.1</ele>
    <time>2026-10-04T16:50:13Z</time>
   </trkpt>
   <trkpt lat="41.3586560" lon="-106.3211970">
    <ele>3635.0</ele>
    <time>2026-10-04T16:50:14Z</time>
   </trkpt>
   <trkpt lat="41.3586430" lon="-106.3212160">
    <ele>3634.9</ele>
    <time>2026-10-04T16:50:15Z</time>
   </trkpt>
   <trkpt lat="41.3586320" lon="-106.3212380">
    <ele>3634.8</ele>
    <time>2026-10-04T16:50:16Z</time>
   </trkpt>
   <trkpt lat="41.3586190" lon="-106.3212500">
    <ele>3634.7</ele>
    <time>2026-10-04T16:50:17Z</time>
   </trkpt>
   <trkpt lat="41.3586050" lon="-106.3212580">
    <ele>3634.6</ele>
    <time>2026-10-04T16:50:18Z</time>
   </trkpt>
   <trkpt lat="41.3585860" lon="-106.3212660">
    <ele>3634.5</ele>
    <time>2026-10-04T16:50:19Z</time>
   </trkpt>
   <trkpt lat="41.3585760" lon="-106.3212850">
    <ele>3634.4</ele>
    <time>2026-10-04T16:50:20Z</time>
   </trkpt>
   <trkpt lat="41.3585640" lon="-106.3213070">
    <ele>3634.3</ele>
    <time>2026-10-04T16:50:21Z</time>
   </trkpt>
   <trkpt lat="41.3585560" lon="-106.3213260">
    <ele>3634.2</ele>
    <time>2026-10-04T16:50:22Z</time>
   </trkpt>
   <trkpt lat="41.3585460" lon="-106.3213510">
    <ele>3634.0</ele>
    <time>2026-10-04T16:50:23Z</time>
   </trkpt>
   <trkpt lat="41.3585420" lon="-106.3213730">
    <ele>3633.9</ele>
    <time>2026-10-04T16:50:24Z</time>
   </trkpt>
   <trkpt lat="41.3585310" lon="-106.3213840">
    <ele>3633.8</ele>
    <time>2026-10-04T16:50:25Z</time>
   </trkpt>
   <trkpt lat="41.3585170" lon="-106.3214060">
    <ele>3633.7</ele>
    <time>2026-10-04T16:50:26Z</time>
   </trkpt>
   <trkpt lat="41.3585070" lon="-106.3214270">
    <ele>3633.5</ele>
    <time>2026-10-04T16:50:27Z</time>
   </trkpt>
   <trkpt lat="41.3585030" lon="-106.3214470">
    <ele>3633.4</ele>
    <time>2026-10-04T16:50:28Z</time>
   </trkpt>
   <trkpt lat="41.3585010" lon="-106.3214730">
    <ele>3633.3</ele>
    <time>2026-10-04T16:50:29Z</time>
   </trkpt>
   <trkpt lat="41.3584860" lon="-106.3214950">
    <ele>3633.1</ele>
    <time>2026-10-04T16:50:30Z</time>
   </trkpt>
   <trkpt lat="41.3584700" lon="-106.3215070">
    <ele>3632.9</ele>
    <time>2026-10-04T16:50:31Z</time>
   </trkpt>
   <trkpt lat="41.3584520" lon="-106.3215240">
    <ele>3632.7</ele>
    <time>2026-10-04T16:50:32Z</time>
   </trkpt>
   <trkpt lat="41.3584440" lon="-106.3215440">
    <ele>3632.6</ele>
    <time>2026-10-04T16:50:33Z</time>
   </trkpt>
   <trkpt lat="41.3584500" lon="-106.3215640">
    <ele>3632.4</ele>
    <time>2026-10-04T16:50:34Z</time>
   </trkpt>
   <trkpt lat="41.3584710" lon="-106.3215780">
    <ele>3632.2</ele>
    <time>2026-10-04T16:50:35Z</time>
   </trkpt>
   <trkpt lat="41.3584930" lon="-106.3215910">
    <ele>3632.0</ele>
    <time>2026-10-04T16:50:36Z</time>
   </trkpt>
   <trkpt lat="41.3585080" lon="-106.3216120">
    <ele>3631.8</ele>
    <time>2026-10-04T16:50:37Z</time>
   </trkpt>
   <trkpt lat="41.3585130" lon="-106.3216400">
    <ele>3631.6</ele>
    <time>2026-10-04T16:50:38Z</time>
   </trkpt>
   <trkpt lat="41.3585340" lon="-106.3216550">
    <ele>3631.3</ele>
    <time>2026-10-04T16:50:39Z</time>
   </trkpt>
   <trkpt lat="41.3585310" lon="-106.3216950">
    <ele>3631.0</ele>
    <time>2026-10-04T16:50:40Z</time>
   </trkpt>
   <trkpt lat="41.3585280" lon="-106.3217190">
    <ele>3630.8</ele>
    <time>2026-10-04T16:50:41Z</time>
   </trkpt>
   <trkpt lat="41.3585290" lon="-106.3217440">
    <ele>3630.6</ele>
    <time>2026-10-04T16:50:42Z</time>
   </trkpt>
   <trkpt lat="41.3585300" lon="-106.3217640">
    <ele>3630.5</ele>
    <time>2026-10-04T16:50:43Z</time>
   </trkpt>
   <trkpt lat="41.3585200" lon="-106.3217890">
    <ele>3630.3</ele>
    <time>2026-10-04T16:50:44Z</time>
   </trkpt>
   <trkpt lat="41.3585230" lon="-106.3218140">
    <ele>3630.1</ele>
    <time>2026-10-04T16:50:45Z</time>
   </trkpt>
   <trkpt lat="41.3585260" lon="-106.3218270">
    <ele>3630.0</ele>
    <time>2026-10-04T16:50:46Z</time>
   </trkpt>
   <trkpt lat="41.3585390" lon="-106.3218440">
    <ele>3629.8</ele>
    <time>2026-10-04T16:50:47Z</time>
   </trkpt>
   <trkpt lat="41.3585550" lon="-106.3218600">
    <ele>3629.6</ele>
    <time>2026-10-04T16:50:48Z</time>
   </trkpt>
   <trkpt lat="41.3585560" lon="-106.3218860">
    <ele>3629.4</ele>
    <time>2026-10-04T16:50:50Z</time>
   </trkpt>
   <trkpt lat="41.3585420" lon="-106.3219170">
    <ele>3629.2</ele>
    <time>2026-10-04T16:50:51Z</time>
   </trkpt>
   <trkpt lat="41.3585240" lon="-106.3219400">
    <ele>3629.0</ele>
    <time>2026-10-04T16:50:52Z</time>
   </trkpt>
   <trkpt lat="41.3585090" lon="-106.3219610">
    <ele>3628.8</ele>
    <time>2026-10-04T16:50:53Z</time>
   </trkpt>
   <trkpt lat="41.3585010" lon="-106.3219910">
    <ele>3628.7</ele>
    <time>2026-10-04T16:50:54Z</time>
   </trkpt>
   <trkpt lat="41.3584960" lon="-106.3220200">
    <ele>3628.5</ele>
    <time>2026-10-04T16:50:55Z</time>
   </trkpt>
   <trkpt lat="41.3584780" lon="-106.3220510">
    <ele>3628.4</ele>
    <time>2026-10-04T16:50:56Z</time>
   </trkpt>
   <trkpt lat="41.3584810" lon="-106.3220710">
    <ele>3628.3</ele>
    <time>2026-10-04T16:50:57Z</time>
   </trkpt>
   <trkpt lat="41.3584700" lon="-106.3220850">
    <ele>3628.2</ele>
    <time>2026-10-04T16:50:58Z</time>
   </trkpt>
   <trkpt lat="41.3584490" lon="-106.3221020">
    <ele>3628.1</ele>
    <time>2026-10-04T16:50:59Z</time>
   </trkpt>
   <trkpt lat="41.3584110" lon="-106.3221210">
    <ele>3628.0</ele>
    <time>2026-10-04T16:51:00Z</time>
   </trkpt>
   <trkpt lat="41.3583910" lon="-106.3221300">
    <ele>3628.0</ele>
    <time>2026-10-04T16:51:02Z</time>
   </trkpt>
   <trkpt lat="41.3583730" lon="-106.3221380">
    <ele>3627.9</ele>
    <time>2026-10-04T16:51:03Z</time>
   </trkpt>
   <trkpt lat="41.3583380" lon="-106.3221500">
    <ele>3627.9</ele>
    <time>2026-10-04T16:51:04Z</time>
   </trkpt>
   <trkpt lat="41.3583170" lon="-106.3221520">
    <ele>3627.9</ele>
    <time>2026-10-04T16:51:05Z</time>
   </trkpt>
   <trkpt lat="41.3583000" lon="-106.3221700">
    <ele>3627.9</ele>
    <time>2026-10-04T16:51:06Z</time>
   </trkpt>
   <trkpt lat="41.3582810" lon="-106.3221840">
    <ele>3628.0</ele>
    <time>2026-10-04T16:51:07Z</time>
   </trkpt>
   <trkpt lat="41.3582570" lon="-106.3221920">
    <ele>3628.0</ele>
    <time>2026-10-04T16:51:08Z</time>
   </trkpt>
   <trkpt lat="41.3582360" lon="-106.3222010">
    <ele>3628.0</ele>
    <time>2026-10-04T16:51:09Z</time>
   </trkpt>
   <trkpt lat="41.3582180" lon="-106.3221990">
    <ele>3628.1</ele>
    <time>2026-10-04T16:51:10Z</time>
   </trkpt>
   <trkpt lat="41.3581990" lon="-106.3221970">
    <ele>3628.1</ele>
    <time>2026-10-04T16:51:11Z</time>
   </trkpt>
   <trkpt lat="41.3581770" lon="-106.3222000">
    <ele>3628.1</ele>
    <time>2026-10-04T16:51:12Z</time>
   </trkpt>
   <trkpt lat="41.3581570" lon="-106.3222050">
    <ele>3628.2</ele>
    <time>2026-10-04T16:51:13Z</time>
   </trkpt>
   <trkpt lat="41.3581370" lon="-106.3222170">
    <ele>3628.2</ele>
    <time>2026-10-04T16:51:14Z</time>
   </trkpt>
   <trkpt lat="41.3581210" lon="-106.3222250">
    <ele>3628.3</ele>
    <time>2026-10-04T16:51:15Z</time>
   </trkpt>
   <trkpt lat="41.3581010" lon="-106.3222270">
    <ele>3628.3</ele>
    <time>2026-10-04T16:51:16Z</time>
   </trkpt>
   <trkpt lat="41.3580820" lon="-106.3222400">
    <ele>3628.4</ele>
    <time>2026-10-04T16:51:17Z</time>
   </trkpt>
   <trkpt lat="41.3580600" lon="-106.3222440">
    <ele>3628.4</ele>
    <time>2026-10-04T16:51:18Z</time>
   </trkpt>
   <trkpt lat="41.3580370" lon="-106.3222530">
    <ele>3628.5</ele>
    <time>2026-10-04T16:51:19Z</time>
   </trkpt>
   <trkpt lat="41.3580180" lon="-106.3222620">
    <ele>3628.5</ele>
    <time>2026-10-04T16:51:20Z</time>
   </trkpt>
   <trkpt lat="41.3580000" lon="-106.3222750">
    <ele>3628.6</ele>
    <time>2026-10-04T16:51:21Z</time>
   </trkpt>
   <trkpt lat="41.3579840" lon="-106.3222940">
    <ele>3628.7</ele>
    <time>2026-10-04T16:51:22Z</time>
   </trkpt>
   <trkpt lat="41.3579650" lon="-106.3223030">
    <ele>3628.7</ele>
    <time>2026-10-04T16:51:23Z</time>
   </trkpt>
   <trkpt lat="41.3579480" lon="-106.3223180">
    <ele>3628.8</ele>
    <time>2026-10-04T16:51:24Z</time>
   </trkpt>
   <trkpt lat="41.3579220" lon="-106.3223240">
    <ele>3628.9</ele>
    <time>2026-10-04T16:51:25Z</time>
   </trkpt>
   <trkpt lat="41.3579000" lon="-106.3223270">
    <ele>3629.0</ele>
    <time>2026-10-04T16:51:26Z</time>
   </trkpt>
   <trkpt lat="41.3578830" lon="-106.3223160">
    <ele>3629.0</ele>
    <time>2026-10-04T16:51:27Z</time>
   </trkpt>
   <trkpt lat="41.3578630" lon="-106.3223000">
    <ele>3629.1</ele>
    <time>2026-10-04T16:51:28Z</time>
   </trkpt>
   <trkpt lat="41.3578380" lon="-106.3222960">
    <ele>3629.2</ele>
    <time>2026-10-04T16:51:29Z</time>
   </trkpt>
   <trkpt lat="41.3578160" lon="-106.3222520">
    <ele>3629.3</ele>
    <time>2026-10-04T16:51:30Z</time>
   </trkpt>
   <trkpt lat="41.3578070" lon="-106.3222320">
    <ele>3629.4</ele>
    <time>2026-10-04T16:51:31Z</time>
   </trkpt>
   <trkpt lat="41.3577930" lon="-106.3222300">
    <ele>3629.4</ele>
    <time>2026-10-04T16:51:32Z</time>
   </trkpt>
   <trkpt lat="41.3577780" lon="-106.3222200">
    <ele>3629.5</ele>
    <time>2026-10-04T16:51:33Z</time>
   </trkpt>
   <trkpt lat="41.3577600" lon="-106.3222220">
    <ele>3629.6</ele>
    <time>2026-10-04T16:51:34Z</time>
   </trkpt>
   <trkpt lat="41.3577380" lon="-106.3222510">
    <ele>3629.7</ele>
    <time>2026-10-04T16:51:35Z</time>
   </trkpt>
   <trkpt lat="41.3577260" lon="-106.3222710">
    <ele>3629.8</ele>
    <time>2026-10-04T16:51:36Z</time>
   </trkpt>
   <trkpt lat="41.3577060" lon="-106.3222720">
    <ele>3629.9</ele>
    <time>2026-10-04T16:51:37Z</time>
   </trkpt>
   <trkpt lat="41.3576870" lon="-106.3222670">
    <ele>3630.0</ele>
    <time>2026-10-04T16:51:38Z</time>
   </trkpt>
   <trkpt lat="41.3576650" lon="-106.3222670">
    <ele>3630.1</ele>
    <time>2026-10-04T16:51:39Z</time>
   </trkpt>
   <trkpt lat="41.3576500" lon="-106.3222810">
    <ele>3630.2</ele>
    <time>2026-10-04T16:51:40Z</time>
   </trkpt>
   <trkpt lat="41.3576330" lon="-106.3222910">
    <ele>3630.3</ele>
    <time>2026-10-04T16:51:41Z</time>
   </trkpt>
   <trkpt lat="41.3576250" lon="-106.3223100">
    <ele>3630.4</ele>
    <time>2026-10-04T16:51:42Z</time>
   </trkpt>
   <trkpt lat="41.3576050" lon="-106.3223240">
    <ele>3630.5</ele>
    <time>2026-10-04T16:51:43Z</time>
   </trkpt>
   <trkpt lat="41.3575930" lon="-106.3223390">
    <ele>3630.6</ele>
    <time>2026-10-04T16:51:44Z</time>
   </trkpt>
   <trkpt lat="41.3575780" lon="-106.3223490">
    <ele>3630.6</ele>
    <time>2026-10-04T16:51:45Z</time>
   </trkpt>
   <trkpt lat="41.3575610" lon="-106.3223670">
    <ele>3630.7</ele>
    <time>2026-10-04T16:51:46Z</time>
   </trkpt>
   <trkpt lat="41.3575460" lon="-106.3223820">
    <ele>3630.8</ele>
    <time>2026-10-04T16:51:47Z</time>
   </trkpt>
   <trkpt lat="41.3575300" lon="-106.3224010">
    <ele>3630.9</ele>
    <time>2026-10-04T16:51:48Z</time>
   </trkpt>
   <trkpt lat="41.3575110" lon="-106.3224180">
    <ele>3631.0</ele>
    <time>2026-10-04T16:51:49Z</time>
   </trkpt>
   <trkpt lat="41.3574920" lon="-106.3224330">
    <ele>3631.1</ele>
    <time>2026-10-04T16:51:50Z</time>
   </trkpt>
   <trkpt lat="41.3574840" lon="-106.3224490">
    <ele>3631.2</ele>
    <time>2026-10-04T16:51:51Z</time>
   </trkpt>
   <trkpt lat="41.3574720" lon="-106.3224710">
    <ele>3631.3</ele>
    <time>2026-10-04T16:51:52Z</time>
   </trkpt>
   <trkpt lat="41.3574590" lon="-106.3224880">
    <ele>3631.3</ele>
    <time>2026-10-04T16:51:53Z</time>
   </trkpt>
   <trkpt lat="41.3574420" lon="-106.3225070">
    <ele>3631.4</ele>
    <time>2026-10-04T16:51:54Z</time>
   </trkpt>
   <trkpt lat="41.3574300" lon="-106.3225280">
    <ele>3631.4</ele>
    <time>2026-10-04T16:51:55Z</time>
   </trkpt>
   <trkpt lat="41.3574190" lon="-106.3225540">
    <ele>3631.5</ele>
    <time>2026-10-04T16:51:56Z</time>
   </trkpt>
   <trkpt lat="41.3574030" lon="-106.3225710">
    <ele>3631.6</ele>
    <time>2026-10-04T16:51:57Z</time>
   </trkpt>
   <trkpt lat="41.3573870" lon="-106.3225810">
    <ele>3631.6</ele>
    <time>2026-10-04T16:51:58Z</time>
   </trkpt>
   <trkpt lat="41.3573810" lon="-106.3226040">
    <ele>3631.7</ele>
    <time>2026-10-04T16:51:59Z</time>
   </trkpt>
   <trkpt lat="41.3573590" lon="-106.3226130">
    <ele>3631.7</ele>
    <time>2026-10-04T16:52:00Z</time>
   </trkpt>
   <trkpt lat="41.3573380" lon="-106.3226240">
    <ele>3631.7</ele>
    <time>2026-10-04T16:52:01Z</time>
   </trkpt>
   <trkpt lat="41.3573350" lon="-106.3226510">
    <ele>3631.8</ele>
    <time>2026-10-04T16:52:02Z</time>
   </trkpt>
   <trkpt lat="41.3573340" lon="-106.3226810">
    <ele>3631.8</ele>
    <time>2026-10-04T16:52:03Z</time>
   </trkpt>
   <trkpt lat="41.3573380" lon="-106.3227100">
    <ele>3631.8</ele>
    <time>2026-10-04T16:52:04Z</time>
   </trkpt>
   <trkpt lat="41.3573300" lon="-106.3227360">
    <ele>3631.8</ele>
    <time>2026-10-04T16:52:05Z</time>
   </trkpt>
   <trkpt lat="41.3573220" lon="-106.3227510">
    <ele>3631.8</ele>
    <time>2026-10-04T16:52:06Z</time>
   </trkpt>
   <trkpt lat="41.3573140" lon="-106.3227760">
    <ele>3631.8</ele>
    <time>2026-10-04T16:52:07Z</time>
   </trkpt>
   <trkpt lat="41.3572990" lon="-106.3227900">
    <ele>3631.8</ele>
    <time>2026-10-04T16:52:08Z</time>
   </trkpt>
   <trkpt lat="41.3572890" lon="-106.3228100">
    <ele>3631.8</ele>
    <time>2026-10-04T16:52:09Z</time>
   </trkpt>
   <trkpt lat="41.3572960" lon="-106.3228300">
    <ele>3631.8</ele>
    <time>2026-10-04T16:52:10Z</time>
   </trkpt>
   <trkpt lat="41.3572920" lon="-106.3228500">
    <ele>3631.8</ele>
    <time>2026-10-04T16:52:11Z</time>
   </trkpt>
   <trkpt lat="41.3572820" lon="-106.3228730">
    <ele>3631.7</ele>
    <time>2026-10-04T16:52:12Z</time>
   </trkpt>
   <trkpt lat="41.3572750" lon="-106.3229020">
    <ele>3631.7</ele>
    <time>2026-10-04T16:52:13Z</time>
   </trkpt>
   <trkpt lat="41.3572670" lon="-106.3229230">
    <ele>3631.6</ele>
    <time>2026-10-04T16:52:14Z</time>
   </trkpt>
   <trkpt lat="41.3572570" lon="-106.3229310">
    <ele>3631.6</ele>
    <time>2026-10-04T16:52:15Z</time>
   </trkpt>
   <trkpt lat="41.3572440" lon="-106.3229500">
    <ele>3631.5</ele>
    <time>2026-10-04T16:52:16Z</time>
   </trkpt>
   <trkpt lat="41.3572430" lon="-106.3229720">
    <ele>3631.4</ele>
    <time>2026-10-04T16:52:17Z</time>
   </trkpt>
   <trkpt lat="41.3572380" lon="-106.3229820">
    <ele>3631.4</ele>
    <time>2026-10-04T16:52:18Z</time>
   </trkpt>
   <trkpt lat="41.3572390" lon="-106.3229830">
    <ele>3631.4</ele>
    <time>2026-10-04T16:52:19Z</time>
   </trkpt>
   <trkpt lat="41.3572660" lon="-106.3229910">
    <ele>3631.2</ele>
    <time>2026-10-04T16:52:20Z</time>
   </trkpt>
   <trkpt lat="41.3572660" lon="-106.3229910">
    <ele>3631.2</ele>
    <time>2026-10-04T16:53:44Z</time>
   </trkpt>
   <trkpt lat="41.3572660" lon="-106.3229910">
    <ele>3631.2</ele>
    <time>2026-10-04T16:53:45Z</time>
   </trkpt>
   <trkpt lat="41.3572660" lon="-106.3229910">
    <ele>3631.2</ele>
    <time>2026-10-04T16:53:46Z</time>
   </trkpt>
   <trkpt lat="41.3573970" lon="-106.3230820">
    <ele>3629.5</ele>
    <time>2026-10-04T16:53:47Z</time>
   </trkpt>
   <trkpt lat="41.3573660" lon="-106.3231690">
    <ele>3628.3</ele>
    <time>2026-10-04T16:53:59Z</time>
   </trkpt>
   <trkpt lat="41.3573700" lon="-106.3231860">
    <ele>3628.1</ele>
    <time>2026-10-04T16:54:00Z</time>
   </trkpt>
   <trkpt lat="41.3573780" lon="-106.3232100">
    <ele>3627.8</ele>
    <time>2026-10-04T16:54:01Z</time>
   </trkpt>
   <trkpt lat="41.3573870" lon="-106.3232300">
    <ele>3627.5</ele>
    <time>2026-10-04T16:54:02Z</time>
   </trkpt>
   <trkpt lat="41.3573990" lon="-106.3232580">
    <ele>3627.1</ele>
    <time>2026-10-04T16:54:03Z</time>
   </trkpt>
   <trkpt lat="41.3574090" lon="-106.3232850">
    <ele>3626.7</ele>
    <time>2026-10-04T16:54:04Z</time>
   </trkpt>
   <trkpt lat="41.3574220" lon="-106.3233150">
    <ele>3626.3</ele>
    <time>2026-10-04T16:54:05Z</time>
   </trkpt>
   <trkpt lat="41.3574360" lon="-106.3233480">
    <ele>3625.8</ele>
    <time>2026-10-04T16:54:06Z</time>
   </trkpt>
   <trkpt lat="41.3574440" lon="-106.3233620">
    <ele>3625.6</ele>
    <time>2026-10-04T16:54:07Z</time>
   </trkpt>
   <trkpt lat="41.3574550" lon="-106.3233860">
    <ele>3625.3</ele>
    <time>2026-10-04T16:54:08Z</time>
   </trkpt>
   <trkpt lat="41.3574630" lon="-106.3234080">
    <ele>3625.0</ele>
    <time>2026-10-04T16:54:09Z</time>
   </trkpt>
   <trkpt lat="41.3574670" lon="-106.3234350">
    <ele>3624.7</ele>
    <time>2026-10-04T16:54:10Z</time>
   </trkpt>
   <trkpt lat="41.3574640" lon="-106.3234670">
    <ele>3624.4</ele>
    <time>2026-10-04T16:54:11Z</time>
   </trkpt>
   <trkpt lat="41.3574520" lon="-106.3235060">
    <ele>3623.9</ele>
    <time>2026-10-04T16:54:12Z</time>
   </trkpt>
   <trkpt lat="41.3574340" lon="-106.3235300">
    <ele>3623.6</ele>
    <time>2026-10-04T16:54:13Z</time>
   </trkpt>
   <trkpt lat="41.3574100" lon="-106.3235480">
    <ele>3623.3</ele>
    <time>2026-10-04T16:54:14Z</time>
   </trkpt>
   <trkpt lat="41.3573840" lon="-106.3235630">
    <ele>3623.0</ele>
    <time>2026-10-04T16:54:15Z</time>
   </trkpt>
   <trkpt lat="41.3573520" lon="-106.3235900">
    <ele>3622.6</ele>
    <time>2026-10-04T16:54:16Z</time>
   </trkpt>
   <trkpt lat="41.3573390" lon="-106.3236050">
    <ele>3622.4</ele>
    <time>2026-10-04T16:54:17Z</time>
   </trkpt>
   <trkpt lat="41.3573250" lon="-106.3236350">
    <ele>3622.2</ele>
    <time>2026-10-04T16:54:18Z</time>
   </trkpt>
   <trkpt lat="41.3573160" lon="-106.3236630">
    <ele>3622.0</ele>
    <time>2026-10-04T16:54:19Z</time>
   </trkpt>
   <trkpt lat="41.3572880" lon="-106.3236750">
    <ele>3621.8</ele>
    <time>2026-10-04T16:54:20Z</time>
   </trkpt>
   <trkpt lat="41.3572670" lon="-106.3236830">
    <ele>3621.6</ele>
    <time>2026-10-04T16:54:21Z</time>
   </trkpt>
   <trkpt lat="41.3572440" lon="-106.3236690">
    <ele>3621.5</ele>
    <time>2026-10-04T16:54:22Z</time>
   </trkpt>
   <trkpt lat="41.3572250" lon="-106.3236530">
    <ele>3621.4</ele>
    <time>2026-10-04T16:54:23Z</time>
   </trkpt>
   <trkpt lat="41.3572000" lon="-106.3236410">
    <ele>3621.3</ele>
    <time>2026-10-04T16:54:24Z</time>
   </trkpt>
   <trkpt lat="41.3571840" lon="-106.3236340">
    <ele>3621.2</ele>
    <time>2026-10-04T16:54:25Z</time>
   </trkpt>
   <trkpt lat="41.3571670" lon="-106.3236550">
    <ele>3621.1</ele>
    <time>2026-10-04T16:54:26Z</time>
   </trkpt>
   <trkpt lat="41.3571510" lon="-106.3236770">
    <ele>3621.1</ele>
    <time>2026-10-04T16:54:27Z</time>
   </trkpt>
   <trkpt lat="41.3571220" lon="-106.3236990">
    <ele>3621.0</ele>
    <time>2026-10-04T16:54:28Z</time>
   </trkpt>
   <trkpt lat="41.3570970" lon="-106.3236990">
    <ele>3620.9</ele>
    <time>2026-10-04T16:54:29Z</time>
   </trkpt>
   <trkpt lat="41.3570670" lon="-106.3237190">
    <ele>3620.7</ele>
    <time>2026-10-04T16:54:30Z</time>
   </trkpt>
   <trkpt lat="41.3570530" lon="-106.3237380">
    <ele>3620.6</ele>
    <time>2026-10-04T16:54:31Z</time>
   </trkpt>
   <trkpt lat="41.3570380" lon="-106.3237510">
    <ele>3620.5</ele>
    <time>2026-10-04T16:54:32Z</time>
   </trkpt>
   <trkpt lat="41.3570120" lon="-106.3237580">
    <ele>3620.4</ele>
    <time>2026-10-04T16:54:33Z</time>
   </trkpt>
   <trkpt lat="41.3569880" lon="-106.3237520">
    <ele>3620.2</ele>
    <time>2026-10-04T16:54:34Z</time>
   </trkpt>
   <trkpt lat="41.3569620" lon="-106.3237540">
    <ele>3620.1</ele>
    <time>2026-10-04T16:54:35Z</time>
   </trkpt>
   <trkpt lat="41.3569440" lon="-106.3237410">
    <ele>3619.9</ele>
    <time>2026-10-04T16:54:36Z</time>
   </trkpt>
   <trkpt lat="41.3569220" lon="-106.3237520">
    <ele>3619.7</ele>
    <time>2026-10-04T16:54:37Z</time>
   </trkpt>
   <trkpt lat="41.3568970" lon="-106.3237530">
    <ele>3619.6</ele>
    <time>2026-10-04T16:54:38Z</time>
   </trkpt>
   <trkpt lat="41.3568820" lon="-106.3237620">
    <ele>3619.4</ele>
    <time>2026-10-04T16:54:39Z</time>
   </trkpt>
   <trkpt lat="41.3568710" lon="-106.3237860">
    <ele>3619.2</ele>
    <time>2026-10-04T16:54:40Z</time>
   </trkpt>
   <trkpt lat="41.3568570" lon="-106.3238120">
    <ele>3619.0</ele>
    <time>2026-10-04T16:54:41Z</time>
   </trkpt>
   <trkpt lat="41.3568330" lon="-106.3238080">
    <ele>3618.7</ele>
    <time>2026-10-04T16:54:42Z</time>
   </trkpt>
   <trkpt lat="41.3568170" lon="-106.3238080">
    <ele>3618.6</ele>
    <time>2026-10-04T16:54:43Z</time>
   </trkpt>
   <trkpt lat="41.3567950" lon="-106.3238100">
    <ele>3618.3</ele>
    <time>2026-10-04T16:54:44Z</time>
   </trkpt>
   <trkpt lat="41.3567770" lon="-106.3238060">
    <ele>3618.1</ele>
    <time>2026-10-04T16:54:45Z</time>
   </trkpt>
   <trkpt lat="41.3567580" lon="-106.3238290">
    <ele>3617.8</ele>
    <time>2026-10-04T16:54:46Z</time>
   </trkpt>
   <trkpt lat="41.3567460" lon="-106.3238430">
    <ele>3617.5</ele>
    <time>2026-10-04T16:54:47Z</time>
   </trkpt>
   <trkpt lat="41.3567300" lon="-106.3238530">
    <ele>3617.3</ele>
    <time>2026-10-04T16:54:48Z</time>
   </trkpt>
   <trkpt lat="41.3567090" lon="-106.3238720">
    <ele>3616.9</ele>
    <time>2026-10-04T16:54:49Z</time>
   </trkpt>
   <trkpt lat="41.3567010" lon="-106.3238840">
    <ele>3616.8</ele>
    <time>2026-10-04T16:54:50Z</time>
   </trkpt>
   <trkpt lat="41.3566890" lon="-106.3238990">
    <ele>3616.5</ele>
    <time>2026-10-04T16:54:51Z</time>
   </trkpt>
   <trkpt lat="41.3567000" lon="-106.3239230">
    <ele>3616.2</ele>
    <time>2026-10-04T16:54:52Z</time>
   </trkpt>
   <trkpt lat="41.3566860" lon="-106.3239370">
    <ele>3616.0</ele>
    <time>2026-10-04T16:54:53Z</time>
   </trkpt>
   <trkpt lat="41.3566460" lon="-106.3239540">
    <ele>3615.4</ele>
    <time>2026-10-04T16:54:54Z</time>
   </trkpt>
   <trkpt lat="41.3566280" lon="-106.3239730">
    <ele>3615.0</ele>
    <time>2026-10-04T16:54:55Z</time>
   </trkpt>
   <trkpt lat="41.3566090" lon="-106.3239980">
    <ele>3614.7</ele>
    <time>2026-10-04T16:54:56Z</time>
   </trkpt>
   <trkpt lat="41.3566030" lon="-106.3240150">
    <ele>3614.5</ele>
    <time>2026-10-04T16:54:57Z</time>
   </trkpt>
   <trkpt lat="41.3565810" lon="-106.3240090">
    <ele>3614.2</ele>
    <time>2026-10-04T16:54:58Z</time>
   </trkpt>
   <trkpt lat="41.3565570" lon="-106.3239940">
    <ele>3613.9</ele>
    <time>2026-10-04T16:54:59Z</time>
   </trkpt>
   <trkpt lat="41.3565370" lon="-106.3239890">
    <ele>3613.7</ele>
    <time>2026-10-04T16:55:00Z</time>
   </trkpt>
   <trkpt lat="41.3565130" lon="-106.3239940">
    <ele>3613.4</ele>
    <time>2026-10-04T16:55:01Z</time>
   </trkpt>
   <trkpt lat="41.3564970" lon="-106.3240040">
    <ele>3613.2</ele>
    <time>2026-10-04T16:55:02Z</time>
   </trkpt>
   <trkpt lat="41.3564850" lon="-106.3240150">
    <ele>3613.0</ele>
    <time>2026-10-04T16:55:03Z</time>
   </trkpt>
   <trkpt lat="41.3564580" lon="-106.3240160">
    <ele>3612.7</ele>
    <time>2026-10-04T16:55:04Z</time>
   </trkpt>
   <trkpt lat="41.3564420" lon="-106.3240260">
    <ele>3612.5</ele>
    <time>2026-10-04T16:55:05Z</time>
   </trkpt>
   <trkpt lat="41.3564250" lon="-106.3240370">
    <ele>3612.3</ele>
    <time>2026-10-04T16:55:06Z</time>
   </trkpt>
   <trkpt lat="41.3564050" lon="-106.3240480">
    <ele>3612.1</ele>
    <time>2026-10-04T16:55:07Z</time>
   </trkpt>
   <trkpt lat="41.3563870" lon="-106.3240400">
    <ele>3611.8</ele>
    <time>2026-10-04T16:55:08Z</time>
   </trkpt>
   <trkpt lat="41.3563660" lon="-106.3240450">
    <ele>3611.6</ele>
    <time>2026-10-04T16:55:09Z</time>
   </trkpt>
   <trkpt lat="41.3563480" lon="-106.3240390">
    <ele>3611.3</ele>
    <time>2026-10-04T16:55:10Z</time>
   </trkpt>
   <trkpt lat="41.3563290" lon="-106.3240510">
    <ele>3611.1</ele>
    <time>2026-10-04T16:55:11Z</time>
   </trkpt>
   <trkpt lat="41.3563150" lon="-106.3240670">
    <ele>3610.8</ele>
    <time>2026-10-04T16:55:12Z</time>
   </trkpt>
   <trkpt lat="41.3562960" lon="-106.3240770">
    <ele>3610.5</ele>
    <time>2026-10-04T16:55:13Z</time>
   </trkpt>
   <trkpt lat="41.3562790" lon="-106.3240900">
    <ele>3610.2</ele>
    <time>2026-10-04T16:55:14Z</time>
   </trkpt>
   <trkpt lat="41.3562590" lon="-106.3241220">
    <ele>3609.7</ele>
    <time>2026-10-04T16:55:15Z</time>
   </trkpt>
   <trkpt lat="41.3562400" lon="-106.3241270">
    <ele>3609.3</ele>
    <time>2026-10-04T16:55:16Z</time>
   </trkpt>
   <trkpt lat="41.3562180" lon="-106.3241320">
    <ele>3608.9</ele>
    <time>2026-10-04T16:55:17Z</time>
   </trkpt>
   <trkpt lat="41.3562000" lon="-106.3241390">
    <ele>3608.5</ele>
    <time>2026-10-04T16:55:18Z</time>
   </trkpt>
   <trkpt lat="41.3561920" lon="-106.3241660">
    <ele>3608.1</ele>
    <time>2026-10-04T16:55:19Z</time>
   </trkpt>
   <trkpt lat="41.3561880" lon="-106.3241820">
    <ele>3607.8</ele>
    <time>2026-10-04T16:55:20Z</time>
   </trkpt>
   <trkpt lat="41.3561660" lon="-106.3241970">
    <ele>3607.3</ele>
    <time>2026-10-04T16:55:21Z</time>
   </trkpt>
   <trkpt lat="41.3561510" lon="-106.3242180">
    <ele>3606.8</ele>
    <time>2026-10-04T16:55:22Z</time>
   </trkpt>
   <trkpt lat="41.3561400" lon="-106.3242410">
    <ele>3606.4</ele>
    <time>2026-10-04T16:55:23Z</time>
   </trkpt>
   <trkpt lat="41.3561210" lon="-106.3242450">
    <ele>3605.9</ele>
    <time>2026-10-04T16:55:24Z</time>
   </trkpt>
   <trkpt lat="41.3560990" lon="-106.3242450">
    <ele>3605.4</ele>
    <time>2026-10-04T16:55:25Z</time>
   </trkpt>
   <trkpt lat="41.3560840" lon="-106.3242590">
    <ele>3604.9</ele>
    <time>2026-10-04T16:55:26Z</time>
   </trkpt>
   <trkpt lat="41.3560780" lon="-106.3242720">
    <ele>3604.6</ele>
    <time>2026-10-04T16:55:27Z</time>
   </trkpt>
   <trkpt lat="41.3560790" lon="-106.3242920">
    <ele>3604.3</ele>
    <time>2026-10-04T16:55:28Z</time>
   </trkpt>
   <trkpt lat="41.3560720" lon="-106.3243110">
    <ele>3603.9</ele>
    <time>2026-10-04T16:55:29Z</time>
   </trkpt>
   <trkpt lat="41.3560580" lon="-106.3243280">
    <ele>3603.4</ele>
    <time>2026-10-04T16:55:30Z</time>
   </trkpt>
   <trkpt lat="41.3560260" lon="-106.3243220">
    <ele>3602.6</ele>
    <time>2026-10-04T16:55:31Z</time>
   </trkpt>
   <trkpt lat="41.3560040" lon="-106.3243280">
    <ele>3602.0</ele>
    <time>2026-10-04T16:55:32Z</time>
   </trkpt>
   <trkpt lat="41.3560080" lon="-106.3243500">
    <ele>3601.6</ele>
    <time>2026-10-04T16:55:33Z</time>
   </trkpt>
   <trkpt lat="41.3560150" lon="-106.3243790">
    <ele>3601.0</ele>
    <time>2026-10-04T16:55:34Z</time>
   </trkpt>
   <trkpt lat="41.3560240" lon="-106.3244460">
    <ele>3599.7</ele>
    <time>2026-10-04T16:55:35Z</time>
   </trkpt>
   <trkpt lat="41.3560290" lon="-106.3244550">
    <ele>3599.4</ele>
    <time>2026-10-04T16:55:36Z</time>
   </trkpt>
   <trkpt lat="41.3560160" lon="-106.3244560">
    <ele>3599.1</ele>
    <time>2026-10-04T16:55:37Z</time>
   </trkpt>
   <trkpt lat="41.3560010" lon="-106.3244750">
    <ele>3598.5</ele>
    <time>2026-10-04T16:55:38Z</time>
   </trkpt>
   <trkpt lat="41.3559960" lon="-106.3244950">
    <ele>3598.1</ele>
    <time>2026-10-04T16:55:39Z</time>
   </trkpt>
   <trkpt lat="41.3559970" lon="-106.3245210">
    <ele>3597.6</ele>
    <time>2026-10-04T16:55:40Z</time>
   </trkpt>
   <trkpt lat="41.3559920" lon="-106.3245440">
    <ele>3597.1</ele>
    <time>2026-10-04T16:55:41Z</time>
   </trkpt>
   <trkpt lat="41.3559810" lon="-106.3245680">
    <ele>3596.5</ele>
    <time>2026-10-04T16:55:42Z</time>
   </trkpt>
   <trkpt lat="41.3559700" lon="-106.3245930">
    <ele>3596.0</ele>
    <time>2026-10-04T16:55:43Z</time>
   </trkpt>
   <trkpt lat="41.3559470" lon="-106.3246000">
    <ele>3595.3</ele>
    <time>2026-10-04T16:55:44Z</time>
   </trkpt>
   <trkpt lat="41.3559480" lon="-106.3246170">
    <ele>3595.0</ele>
    <time>2026-10-04T16:55:45Z</time>
   </trkpt>
   <trkpt lat="41.3559390" lon="-106.3246460">
    <ele>3594.4</ele>
    <time>2026-10-04T16:55:46Z</time>
   </trkpt>
   <trkpt lat="41.3559180" lon="-106.3246660">
    <ele>3593.7</ele>
    <time>2026-10-04T16:55:47Z</time>
   </trkpt>
   <trkpt lat="41.3559160" lon="-106.3246930">
    <ele>3593.1</ele>
    <time>2026-10-04T16:55:48Z</time>
   </trkpt>
   <trkpt lat="41.3559410" lon="-106.3247070">
    <ele>3592.4</ele>
    <time>2026-10-04T16:55:49Z</time>
   </trkpt>
   <trkpt lat="41.3559470" lon="-106.3247410">
    <ele>3591.7</ele>
    <time>2026-10-04T16:55:50Z</time>
   </trkpt>
   <trkpt lat="41.3559400" lon="-106.3247640">
    <ele>3591.2</ele>
    <time>2026-10-04T16:55:51Z</time>
   </trkpt>
   <trkpt lat="41.3559390" lon="-106.3247830">
    <ele>3590.8</ele>
    <time>2026-10-04T16:55:52Z</time>
   </trkpt>
   <trkpt lat="41.3559340" lon="-106.3248010">
    <ele>3590.4</ele>
    <time>2026-10-04T16:55:53Z</time>
   </trkpt>
   <trkpt lat="41.3559300" lon="-106.3248220">
    <ele>3590.0</ele>
    <time>2026-10-04T16:55:54Z</time>
   </trkpt>
   <trkpt lat="41.3559190" lon="-106.3248400">
    <ele>3589.6</ele>
    <time>2026-10-04T16:55:55Z</time>
   </trkpt>
   <trkpt lat="41.3559180" lon="-106.3248590">
    <ele>3589.2</ele>
    <time>2026-10-04T16:55:56Z</time>
   </trkpt>
   <trkpt lat="41.3559110" lon="-106.3248930">
    <ele>3588.6</ele>
    <time>2026-10-04T16:55:57Z</time>
   </trkpt>
   <trkpt lat="41.3558920" lon="-106.3249100">
    <ele>3588.0</ele>
    <time>2026-10-04T16:55:58Z</time>
   </trkpt>
   <trkpt lat="41.3558880" lon="-106.3249320">
    <ele>3587.7</ele>
    <time>2026-10-04T16:55:59Z</time>
   </trkpt>
   <trkpt lat="41.3558970" lon="-106.3249590">
    <ele>3587.2</ele>
    <time>2026-10-04T16:56:00Z</time>
   </trkpt>
   <trkpt lat="41.3558940" lon="-106.3249900">
    <ele>3586.7</ele>
    <time>2026-10-04T16:56:01Z</time>
   </trkpt>
   <trkpt lat="41.3558900" lon="-106.3250140">
    <ele>3586.4</ele>
    <time>2026-10-04T16:56:02Z</time>
   </trkpt>
   <trkpt lat="41.3558820" lon="-106.3250340">
    <ele>3586.1</ele>
    <time>2026-10-04T16:56:03Z</time>
   </trkpt>
   <trkpt lat="41.3558600" lon="-106.3250510">
    <ele>3585.7</ele>
    <time>2026-10-04T16:56:04Z</time>
   </trkpt>
   <trkpt lat="41.3558290" lon="-106.3250530">
    <ele>3585.2</ele>
    <time>2026-10-04T16:56:05Z</time>
   </trkpt>
   <trkpt lat="41.3558080" lon="-106.3250490">
    <ele>3584.9</ele>
    <time>2026-10-04T16:56:06Z</time>
   </trkpt>
   <trkpt lat="41.3557950" lon="-106.3250540">
    <ele>3584.7</ele>
    <time>2026-10-04T16:56:07Z</time>
   </trkpt>
   <trkpt lat="41.3557740" lon="-106.3250520">
    <ele>3584.5</ele>
    <time>2026-10-04T16:56:08Z</time>
   </trkpt>
   <trkpt lat="41.3557550" lon="-106.3250540">
    <ele>3584.3</ele>
    <time>2026-10-04T16:56:09Z</time>
   </trkpt>
   <trkpt lat="41.3557370" lon="-106.3250490">
    <ele>3584.1</ele>
    <time>2026-10-04T16:56:10Z</time>
   </trkpt>
   <trkpt lat="41.3557150" lon="-106.3250460">
    <ele>3583.9</ele>
    <time>2026-10-04T16:56:11Z</time>
   </trkpt>
   <trkpt lat="41.3556950" lon="-106.3250500">
    <ele>3583.7</ele>
    <time>2026-10-04T16:56:12Z</time>
   </trkpt>
   <trkpt lat="41.3556720" lon="-106.3250540">
    <ele>3583.5</ele>
    <time>2026-10-04T16:56:13Z</time>
   </trkpt>
   <trkpt lat="41.3556500" lon="-106.3250710">
    <ele>3583.3</ele>
    <time>2026-10-04T16:56:14Z</time>
   </trkpt>
   <trkpt lat="41.3556280" lon="-106.3250870">
    <ele>3583.1</ele>
    <time>2026-10-04T16:56:15Z</time>
   </trkpt>
   <trkpt lat="41.3556130" lon="-106.3250930">
    <ele>3583.0</ele>
    <time>2026-10-04T16:56:16Z</time>
   </trkpt>
   <trkpt lat="41.3556010" lon="-106.3251160">
    <ele>3582.2</ele>
    <time>2026-10-04T16:56:17Z</time>
   </trkpt>
   <trkpt lat="41.3556050" lon="-106.3251500">
    <ele>3581.8</ele>
    <time>2026-10-04T16:56:18Z</time>
   </trkpt>
   <trkpt lat="41.3556090" lon="-106.3251780">
    <ele>3581.4</ele>
    <time>2026-10-04T16:56:19Z</time>
   </trkpt>
   <trkpt lat="41.3555970" lon="-106.3252030">
    <ele>3581.1</ele>
    <time>2026-10-04T16:56:20Z</time>
   </trkpt>
   <trkpt lat="41.3555890" lon="-106.3252250">
    <ele>3580.7</ele>
    <time>2026-10-04T16:56:21Z</time>
   </trkpt>
   <trkpt lat="41.3555760" lon="-106.3252420">
    <ele>3580.4</ele>
    <time>2026-10-04T16:56:22Z</time>
   </trkpt>
   <trkpt lat="41.3555660" lon="-106.3252700">
    <ele>3580.0</ele>
    <time>2026-10-04T16:56:23Z</time>
   </trkpt>
   <trkpt lat="41.3555570" lon="-106.3252990">
    <ele>3579.6</ele>
    <time>2026-10-04T16:56:24Z</time>
   </trkpt>
   <trkpt lat="41.3555520" lon="-106.3253190">
    <ele>3579.3</ele>
    <time>2026-10-04T16:56:25Z</time>
   </trkpt>
   <trkpt lat="41.3555400" lon="-106.3253370">
    <ele>3579.0</ele>
    <time>2026-10-04T16:56:26Z</time>
   </trkpt>
   <trkpt lat="41.3555300" lon="-106.3253520">
    <ele>3578.7</ele>
    <time>2026-10-04T16:56:27Z</time>
   </trkpt>
   <trkpt lat="41.3555380" lon="-106.3253660">
    <ele>3578.5</ele>
    <time>2026-10-04T16:56:28Z</time>
   </trkpt>
   <trkpt lat="41.3555340" lon="-106.3253820">
    <ele>3578.3</ele>
    <time>2026-10-04T16:56:29Z</time>
   </trkpt>
   <trkpt lat="41.3555250" lon="-106.3253890">
    <ele>3578.1</ele>
    <time>2026-10-04T16:56:30Z</time>
   </trkpt>
   <trkpt lat="41.3555280" lon="-106.3254420">
    <ele>3577.5</ele>
    <time>2026-10-04T16:56:31Z</time>
   </trkpt>
   <trkpt lat="41.3555200" lon="-106.3254760">
    <ele>3577.2</ele>
    <time>2026-10-04T16:56:32Z</time>
   </trkpt>
   <trkpt lat="41.3555200" lon="-106.3255060">
    <ele>3576.9</ele>
    <time>2026-10-04T16:56:33Z</time>
   </trkpt>
   <trkpt lat="41.3555120" lon="-106.3255540">
    <ele>3576.6</ele>
    <time>2026-10-04T16:56:34Z</time>
   </trkpt>
   <trkpt lat="41.3555060" lon="-106.3255810">
    <ele>3576.4</ele>
    <time>2026-10-04T16:56:35Z</time>
   </trkpt>
   <trkpt lat="41.3554930" lon="-106.3256100">
    <ele>3576.2</ele>
    <time>2026-10-04T16:56:36Z</time>
   </trkpt>
   <trkpt lat="41.3554830" lon="-106.3256420">
    <ele>3576.0</ele>
    <time>2026-10-04T16:56:37Z</time>
   </trkpt>
   <trkpt lat="41.3554690" lon="-106.3256590">
    <ele>3575.9</ele>
    <time>2026-10-04T16:56:38Z</time>
   </trkpt>
   <trkpt lat="41.3554700" lon="-106.3256970">
    <ele>3575.7</ele>
    <time>2026-10-04T16:56:39Z</time>
   </trkpt>
   <trkpt lat="41.3554560" lon="-106.3257270">
    <ele>3575.5</ele>
    <time>2026-10-04T16:56:40Z</time>
   </trkpt>
   <trkpt lat="41.3554500" lon="-106.3257620">
    <ele>3575.3</ele>
    <time>2026-10-04T16:56:41Z</time>
   </trkpt>
   <trkpt lat="41.3554490" lon="-106.3257870">
    <ele>3575.1</ele>
    <time>2026-10-04T16:56:42Z</time>
   </trkpt>
   <trkpt lat="41.3554360" lon="-106.3258130">
    <ele>3574.9</ele>
    <time>2026-10-04T16:56:43Z</time>
   </trkpt>
   <trkpt lat="41.3554360" lon="-106.3258430">
    <ele>3574.7</ele>
    <time>2026-10-04T16:56:44Z</time>
   </trkpt>
   <trkpt lat="41.3554270" lon="-106.3258820">
    <ele>3574.3</ele>
    <time>2026-10-04T16:56:45Z</time>
   </trkpt>
   <trkpt lat="41.3554360" lon="-106.3259190">
    <ele>3574.0</ele>
    <time>2026-10-04T16:56:46Z</time>
   </trkpt>
   <trkpt lat="41.3554410" lon="-106.3259410">
    <ele>3573.8</ele>
    <time>2026-10-04T16:56:47Z</time>
   </trkpt>
   <trkpt lat="41.3554500" lon="-106.3259680">
    <ele>3573.5</ele>
    <time>2026-10-04T16:56:48Z</time>
   </trkpt>
   <trkpt lat="41.3554470" lon="-106.3259950">
    <ele>3573.2</ele>
    <time>2026-10-04T16:56:49Z</time>
   </trkpt>
   <trkpt lat="41.3554420" lon="-106.3260220">
    <ele>3572.9</ele>
    <time>2026-10-04T16:56:50Z</time>
   </trkpt>
   <trkpt lat="41.3554330" lon="-106.3260440">
    <ele>3572.6</ele>
    <time>2026-10-04T16:56:51Z</time>
   </trkpt>
   <trkpt lat="41.3554330" lon="-106.3260760">
    <ele>3572.2</ele>
    <time>2026-10-04T16:56:52Z</time>
   </trkpt>
   <trkpt lat="41.3554260" lon="-106.3261010">
    <ele>3571.9</ele>
    <time>2026-10-04T16:56:53Z</time>
   </trkpt>
   <trkpt lat="41.3554390" lon="-106.3261250">
    <ele>3571.6</ele>
    <time>2026-10-04T16:56:54Z</time>
   </trkpt>
   <trkpt lat="41.3554590" lon="-106.3261230">
    <ele>3571.3</ele>
    <time>2026-10-04T16:56:55Z</time>
   </trkpt>
   <trkpt lat="41.3554750" lon="-106.3261530">
    <ele>3570.9</ele>
    <time>2026-10-04T16:56:56Z</time>
   </trkpt>
   <trkpt lat="41.3554850" lon="-106.3261770">
    <ele>3570.5</ele>
    <time>2026-10-04T16:56:57Z</time>
   </trkpt>
   <trkpt lat="41.3554910" lon="-106.3262080">
    <ele>3570.1</ele>
    <time>2026-10-04T16:56:58Z</time>
   </trkpt>
   <trkpt lat="41.3555100" lon="-106.3262200">
    <ele>3569.7</ele>
    <time>2026-10-04T16:56:59Z</time>
   </trkpt>
   <trkpt lat="41.3555380" lon="-106.3262150">
    <ele>3569.2</ele>
    <time>2026-10-04T16:57:00Z</time>
   </trkpt>
   <trkpt lat="41.3555660" lon="-106.3262300">
    <ele>3568.6</ele>
    <time>2026-10-04T16:57:01Z</time>
   </trkpt>
   <trkpt lat="41.3555820" lon="-106.3262430">
    <ele>3568.3</ele>
    <time>2026-10-04T16:57:02Z</time>
   </trkpt>
   <trkpt lat="41.3555880" lon="-106.3262430">
    <ele>3568.1</ele>
    <time>2026-10-04T16:57:03Z</time>
   </trkpt>
   <trkpt lat="41.3555850" lon="-106.3262550">
    <ele>3568.0</ele>
    <time>2026-10-04T16:57:04Z</time>
   </trkpt>
   <trkpt lat="41.3556050" lon="-106.3262430">
    <ele>3567.5</ele>
    <time>2026-10-04T16:57:05Z</time>
   </trkpt>
   <trkpt lat="41.3556380" lon="-106.3262340">
    <ele>3566.7</ele>
    <time>2026-10-04T16:57:06Z</time>
   </trkpt>
   <trkpt lat="41.3556520" lon="-106.3262250">
    <ele>3566.4</ele>
    <time>2026-10-04T16:57:07Z</time>
   </trkpt>
   <trkpt lat="41.3556600" lon="-106.3262180">
    <ele>3566.1</ele>
    <time>2026-10-04T16:57:08Z</time>
   </trkpt>
   <trkpt lat="41.3556750" lon="-106.3262170">
    <ele>3565.8</ele>
    <time>2026-10-04T16:57:09Z</time>
   </trkpt>
   <trkpt lat="41.3556810" lon="-106.3262330">
    <ele>3565.5</ele>
    <time>2026-10-04T16:57:10Z</time>
   </trkpt>
   <trkpt lat="41.3556830" lon="-106.3262580">
    <ele>3565.0</ele>
    <time>2026-10-04T16:57:11Z</time>
   </trkpt>
   <trkpt lat="41.3556830" lon="-106.3262780">
    <ele>3564.7</ele>
    <time>2026-10-04T16:57:12Z</time>
   </trkpt>
   <trkpt lat="41.3556850" lon="-106.3262830">
    <ele>3564.6</ele>
    <time>2026-10-04T16:57:13Z</time>
   </trkpt>
   <trkpt lat="41.3556860" lon="-106.3262960">
    <ele>3564.4</ele>
    <time>2026-10-04T16:57:14Z</time>
   </trkpt>
   <trkpt lat="41.3556970" lon="-106.3263070">
    <ele>3564.1</ele>
    <time>2026-10-04T16:57:15Z</time>
   </trkpt>
   <trkpt lat="41.3557050" lon="-106.3263290">
    <ele>3563.6</ele>
    <time>2026-10-04T16:57:16Z</time>
   </trkpt>
   <trkpt lat="41.3557130" lon="-106.3263540">
    <ele>3563.1</ele>
    <time>2026-10-04T16:57:17Z</time>
   </trkpt>
   <trkpt lat="41.3557130" lon="-106.3263760">
    <ele>3562.8</ele>
    <time>2026-10-04T16:57:18Z</time>
   </trkpt>
   <trkpt lat="41.3557070" lon="-106.3263950">
    <ele>3562.4</ele>
    <time>2026-10-04T16:57:19Z</time>
   </trkpt>
   <trkpt lat="41.3557060" lon="-106.3264090">
    <ele>3562.2</ele>
    <time>2026-10-04T16:57:20Z</time>
   </trkpt>
   <trkpt lat="41.3557180" lon="-106.3264200">
    <ele>3561.8</ele>
    <time>2026-10-04T16:57:21Z</time>
   </trkpt>
   <trkpt lat="41.3557860" lon="-106.3263710">
    <ele>3560.0</ele>
    <time>2026-10-04T16:57:29Z</time>
   </trkpt>
   <trkpt lat="41.3558140" lon="-106.3263850">
    <ele>3559.4</ele>
    <time>2026-10-04T16:57:30Z</time>
   </trkpt>
   <trkpt lat="41.3558220" lon="-106.3264250">
    <ele>3558.7</ele>
    <time>2026-10-04T16:57:31Z</time>
   </trkpt>
   <trkpt lat="41.3558070" lon="-106.3264680">
    <ele>3557.9</ele>
    <time>2026-10-04T16:57:32Z</time>
   </trkpt>
   <trkpt lat="41.3557800" lon="-106.3264930">
    <ele>3557.2</ele>
    <time>2026-10-04T16:57:33Z</time>
   </trkpt>
   <trkpt lat="41.3557600" lon="-106.3265170">
    <ele>3556.7</ele>
    <time>2026-10-04T16:57:34Z</time>
   </trkpt>
   <trkpt lat="41.3557360" lon="-106.3265350">
    <ele>3556.2</ele>
    <time>2026-10-04T16:57:35Z</time>
   </trkpt>
   <trkpt lat="41.3557170" lon="-106.3265550">
    <ele>3555.8</ele>
    <time>2026-10-04T16:57:36Z</time>
   </trkpt>
   <trkpt lat="41.3557020" lon="-106.3265800">
    <ele>3555.3</ele>
    <time>2026-10-04T16:57:37Z</time>
   </trkpt>
   <trkpt lat="41.3556810" lon="-106.3265900">
    <ele>3555.0</ele>
    <time>2026-10-04T16:57:38Z</time>
   </trkpt>
   <trkpt lat="41.3556830" lon="-106.3266200">
    <ele>3554.7</ele>
    <time>2026-10-04T16:57:39Z</time>
   </trkpt>
   <trkpt lat="41.3556800" lon="-106.3266430">
    <ele>3554.4</ele>
    <time>2026-10-04T16:57:40Z</time>
   </trkpt>
   <trkpt lat="41.3556920" lon="-106.3266840">
    <ele>3553.9</ele>
    <time>2026-10-04T16:57:41Z</time>
   </trkpt>
   <trkpt lat="41.3556980" lon="-106.3267060">
    <ele>3553.6</ele>
    <time>2026-10-04T16:57:42Z</time>
   </trkpt>
   <trkpt lat="41.3556790" lon="-106.3267260">
    <ele>3553.3</ele>
    <time>2026-10-04T16:57:43Z</time>
   </trkpt>
   <trkpt lat="41.3556460" lon="-106.3267310">
    <ele>3552.8</ele>
    <time>2026-10-04T16:57:44Z</time>
   </trkpt>
   <trkpt lat="41.3556300" lon="-106.3267350">
    <ele>3552.5</ele>
    <time>2026-10-04T16:57:45Z</time>
   </trkpt>
   <trkpt lat="41.3556120" lon="-106.3267480">
    <ele>3552.2</ele>
    <time>2026-10-04T16:57:46Z</time>
   </trkpt>
   <trkpt lat="41.3555880" lon="-106.3267720">
    <ele>3551.6</ele>
    <time>2026-10-04T16:57:47Z</time>
   </trkpt>
   <trkpt lat="41.3555770" lon="-106.3268020">
    <ele>3551.1</ele>
    <time>2026-10-04T16:57:48Z</time>
   </trkpt>
   <trkpt lat="41.3555680" lon="-106.3268350">
    <ele>3550.5</ele>
    <time>2026-10-04T16:57:49Z</time>
   </trkpt>
   <trkpt lat="41.3555470" lon="-106.3268480">
    <ele>3550.0</ele>
    <time>2026-10-04T16:57:50Z</time>
   </trkpt>
   <trkpt lat="41.3555480" lon="-106.3268730">
    <ele>3549.6</ele>
    <time>2026-10-04T16:57:51Z</time>
   </trkpt>
   <trkpt lat="41.3555370" lon="-106.3268980">
    <ele>3549.1</ele>
    <time>2026-10-04T16:57:52Z</time>
   </trkpt>
   <trkpt lat="41.3555180" lon="-106.3268950">
    <ele>3548.6</ele>
    <time>2026-10-04T16:57:53Z</time>
   </trkpt>
   <trkpt lat="41.3555230" lon="-106.3269010">
    <ele>3548.5</ele>
    <time>2026-10-04T16:57:54Z</time>
   </trkpt>
   <trkpt lat="41.3555190" lon="-106.3269180">
    <ele>3548.1</ele>
    <time>2026-10-04T16:57:55Z</time>
   </trkpt>
   <trkpt lat="41.3555200" lon="-106.3269490">
    <ele>3547.6</ele>
    <time>2026-10-04T16:57:56Z</time>
   </trkpt>
   <trkpt lat="41.3555190" lon="-106.3269710">
    <ele>3547.2</ele>
    <time>2026-10-04T16:57:57Z</time>
   </trkpt>
   <trkpt lat="41.3555240" lon="-106.3269900">
    <ele>3546.8</ele>
    <time>2026-10-04T16:57:58Z</time>
   </trkpt>
   <trkpt lat="41.3555200" lon="-106.3270130">
    <ele>3546.4</ele>
    <time>2026-10-04T16:57:59Z</time>
   </trkpt>
   <trkpt lat="41.3555140" lon="-106.3270360">
    <ele>3546.0</ele>
    <time>2026-10-04T16:58:00Z</time>
   </trkpt>
   <trkpt lat="41.3555130" lon="-106.3270480">
    <ele>3545.8</ele>
    <time>2026-10-04T16:58:01Z</time>
   </trkpt>
   <trkpt lat="41.3555260" lon="-106.3270640">
    <ele>3545.4</ele>
    <time>2026-10-04T16:58:02Z</time>
   </trkpt>
   <trkpt lat="41.3555300" lon="-106.3270850">
    <ele>3545.0</ele>
    <time>2026-10-04T16:58:03Z</time>
   </trkpt>
   <trkpt lat="41.3555540" lon="-106.3271050">
    <ele>3544.4</ele>
    <time>2026-10-04T16:58:04Z</time>
   </trkpt>
   <trkpt lat="41.3555560" lon="-106.3271170">
    <ele>3544.2</ele>
    <time>2026-10-04T16:58:05Z</time>
   </trkpt>
   <trkpt lat="41.3555690" lon="-106.3271320">
    <ele>3543.8</ele>
    <time>2026-10-04T16:58:06Z</time>
   </trkpt>
   <trkpt lat="41.3555990" lon="-106.3271160">
    <ele>3543.2</ele>
    <time>2026-10-04T16:58:07Z</time>
   </trkpt>
   <trkpt lat="41.3556210" lon="-106.3271030">
    <ele>3542.7</ele>
    <time>2026-10-04T16:58:08Z</time>
   </trkpt>
   <trkpt lat="41.3556460" lon="-106.3271120">
    <ele>3542.2</ele>
    <time>2026-10-04T16:58:09Z</time>
   </trkpt>
   <trkpt lat="41.3556520" lon="-106.3271200">
    <ele>3542.0</ele>
    <time>2026-10-04T16:58:10Z</time>
   </trkpt>
   <trkpt lat="41.3556510" lon="-106.3271550">
    <ele>3541.5</ele>
    <time>2026-10-04T16:58:11Z</time>
   </trkpt>
   <trkpt lat="41.3556510" lon="-106.3271870">
    <ele>3541.0</ele>
    <time>2026-10-04T16:58:12Z</time>
   </trkpt>
   <trkpt lat="41.3556570" lon="-106.3272210">
    <ele>3540.5</ele>
    <time>2026-10-04T16:58:13Z</time>
   </trkpt>
   <trkpt lat="41.3556630" lon="-106.3272420">
    <ele>3540.2</ele>
    <time>2026-10-04T16:58:14Z</time>
   </trkpt>
   <trkpt lat="41.3556780" lon="-106.3272630">
    <ele>3539.8</ele>
    <time>2026-10-04T16:58:15Z</time>
   </trkpt>
   <trkpt lat="41.3556830" lon="-106.3272970">
    <ele>3539.3</ele>
    <time>2026-10-04T16:58:16Z</time>
   </trkpt>
   <trkpt lat="41.3556770" lon="-106.3273340">
    <ele>3538.8</ele>
    <time>2026-10-04T16:58:17Z</time>
   </trkpt>
   <trkpt lat="41.3556560" lon="-106.3273620">
    <ele>3538.2</ele>
    <time>2026-10-04T16:58:18Z</time>
   </trkpt>
   <trkpt lat="41.3556410" lon="-106.3273770">
    <ele>3537.9</ele>
    <time>2026-10-04T16:58:19Z</time>
   </trkpt>
   <trkpt lat="41.3556450" lon="-106.3274040">
    <ele>3537.6</ele>
    <time>2026-10-04T16:58:20Z</time>
   </trkpt>
   <trkpt lat="41.3556500" lon="-106.3274290">
    <ele>3537.3</ele>
    <time>2026-10-04T16:58:21Z</time>
   </trkpt>
   <trkpt lat="41.3556610" lon="-106.3274730">
    <ele>3536.7</ele>
    <time>2026-10-04T16:58:22Z</time>
   </trkpt>
   <trkpt lat="41.3556700" lon="-106.3274950">
    <ele>3536.4</ele>
    <time>2026-10-04T16:58:23Z</time>
   </trkpt>
   <trkpt lat="41.3556970" lon="-106.3275050">
    <ele>3536.0</ele>
    <time>2026-10-04T16:58:24Z</time>
   </trkpt>
   <trkpt lat="41.3557170" lon="-106.3275060">
    <ele>3535.7</ele>
    <time>2026-10-04T16:58:25Z</time>
   </trkpt>
   <trkpt lat="41.3557320" lon="-106.3275220">
    <ele>3535.4</ele>
    <time>2026-10-04T16:58:26Z</time>
   </trkpt>
   <trkpt lat="41.3557440" lon="-106.3275400">
    <ele>3535.1</ele>
    <time>2026-10-04T16:58:27Z</time>
   </trkpt>
   <trkpt lat="41.3557730" lon="-106.3275550">
    <ele>3534.7</ele>
    <time>2026-10-04T16:58:28Z</time>
   </trkpt>
   <trkpt lat="41.3557900" lon="-106.3275680">
    <ele>3534.5</ele>
    <time>2026-10-04T16:58:29Z</time>
   </trkpt>
   <trkpt lat="41.3558060" lon="-106.3275860">
    <ele>3534.2</ele>
    <time>2026-10-04T16:58:30Z</time>
   </trkpt>
   <trkpt lat="41.3558250" lon="-106.3276190">
    <ele>3533.9</ele>
    <time>2026-10-04T16:58:31Z</time>
   </trkpt>
   <trkpt lat="41.3558390" lon="-106.3276450">
    <ele>3533.6</ele>
    <time>2026-10-04T16:58:32Z</time>
   </trkpt>
   <trkpt lat="41.3558700" lon="-106.3276420">
    <ele>3533.3</ele>
    <time>2026-10-04T16:58:33Z</time>
   </trkpt>
   <trkpt lat="41.3558970" lon="-106.3276140">
    <ele>3533.0</ele>
    <time>2026-10-04T16:58:34Z</time>
   </trkpt>
   <trkpt lat="41.3559190" lon="-106.3275950">
    <ele>3532.7</ele>
    <time>2026-10-04T16:58:35Z</time>
   </trkpt>
   <trkpt lat="41.3559340" lon="-106.3275740">
    <ele>3532.5</ele>
    <time>2026-10-04T16:58:36Z</time>
   </trkpt>
   <trkpt lat="41.3559550" lon="-106.3275920">
    <ele>3532.3</ele>
    <time>2026-10-04T16:58:37Z</time>
   </trkpt>
   <trkpt lat="41.3559800" lon="-106.3275960">
    <ele>3532.1</ele>
    <time>2026-10-04T16:58:38Z</time>
   </trkpt>
   <trkpt lat="41.3559970" lon="-106.3276050">
    <ele>3531.9</ele>
    <time>2026-10-04T16:58:39Z</time>
   </trkpt>
   <trkpt lat="41.3560130" lon="-106.3276380">
    <ele>3531.6</ele>
    <time>2026-10-04T16:58:40Z</time>
   </trkpt>
   <trkpt lat="41.3560280" lon="-106.3276440">
    <ele>3531.5</ele>
    <time>2026-10-04T16:58:41Z</time>
   </trkpt>
   <trkpt lat="41.3560470" lon="-106.3276540">
    <ele>3531.3</ele>
    <time>2026-10-04T16:58:42Z</time>
   </trkpt>
   <trkpt lat="41.3560720" lon="-106.3276830">
    <ele>3530.9</ele>
    <time>2026-10-04T16:58:43Z</time>
   </trkpt>
   <trkpt lat="41.3560860" lon="-106.3276940">
    <ele>3530.8</ele>
    <time>2026-10-04T16:58:44Z</time>
   </trkpt>
   <trkpt lat="41.3561010" lon="-106.3276980">
    <ele>3530.6</ele>
    <time>2026-10-04T16:58:45Z</time>
   </trkpt>
   <trkpt lat="41.3561070" lon="-106.3277290">
    <ele>3530.3</ele>
    <time>2026-10-04T16:58:46Z</time>
   </trkpt>
   <trkpt lat="41.3561220" lon="-106.3277370">
    <ele>3530.2</ele>
    <time>2026-10-04T16:58:47Z</time>
   </trkpt>
   <trkpt lat="41.3561440" lon="-106.3277330">
    <ele>3529.9</ele>
    <time>2026-10-04T16:58:48Z</time>
   </trkpt>
   <trkpt lat="41.3561650" lon="-106.3277190">
    <ele>3529.6</ele>
    <time>2026-10-04T16:58:49Z</time>
   </trkpt>
   <trkpt lat="41.3561900" lon="-106.3277160">
    <ele>3529.3</ele>
    <time>2026-10-04T16:58:50Z</time>
   </trkpt>
   <trkpt lat="41.3562080" lon="-106.3277350">
    <ele>3529.0</ele>
    <time>2026-10-04T16:58:51Z</time>
   </trkpt>
   <trkpt lat="41.3562180" lon="-106.3277710">
    <ele>3528.6</ele>
    <time>2026-10-04T16:58:52Z</time>
   </trkpt>
   <trkpt lat="41.3562240" lon="-106.3277840">
    <ele>3528.4</ele>
    <time>2026-10-04T16:58:53Z</time>
   </trkpt>
   <trkpt lat="41.3562150" lon="-106.3278110">
    <ele>3528.1</ele>
    <time>2026-10-04T16:58:54Z</time>
   </trkpt>
   <trkpt lat="41.3562130" lon="-106.3278480">
    <ele>3527.7</ele>
    <time>2026-10-04T16:58:55Z</time>
   </trkpt>
   <trkpt lat="41.3562060" lon="-106.3278690">
    <ele>3527.5</ele>
    <time>2026-10-04T16:58:56Z</time>
   </trkpt>
   <trkpt lat="41.3562080" lon="-106.3278870">
    <ele>3527.3</ele>
    <time>2026-10-04T16:58:57Z</time>
   </trkpt>
   <trkpt lat="41.3562090" lon="-106.3279160">
    <ele>3526.9</ele>
    <time>2026-10-04T16:58:58Z</time>
   </trkpt>
   <trkpt lat="41.3561930" lon="-106.3279470">
    <ele>3526.5</ele>
    <time>2026-10-04T16:58:59Z</time>
   </trkpt>
   <trkpt lat="41.3561760" lon="-106.3279620">
    <ele>3526.1</ele>
    <time>2026-10-04T16:59:00Z</time>
   </trkpt>
   <trkpt lat="41.3561610" lon="-106.3279800">
    <ele>3525.8</ele>
    <time>2026-10-04T16:59:01Z</time>
   </trkpt>
   <trkpt lat="41.3561580" lon="-106.3279960">
    <ele>3525.5</ele>
    <time>2026-10-04T16:59:02Z</time>
   </trkpt>
   <trkpt lat="41.3561640" lon="-106.3280050">
    <ele>3525.4</ele>
    <time>2026-10-04T16:59:03Z</time>
   </trkpt>
   <trkpt lat="41.3561660" lon="-106.3280090">
    <ele>3525.3</ele>
    <time>2026-10-04T16:59:04Z</time>
   </trkpt>
   <trkpt lat="41.3561710" lon="-106.3280290">
    <ele>3525.0</ele>
    <time>2026-10-04T16:59:05Z</time>
   </trkpt>
   <trkpt lat="41.3561780" lon="-106.3280540">
    <ele>3524.7</ele>
    <time>2026-10-04T16:59:06Z</time>
   </trkpt>
   <trkpt lat="41.3561920" lon="-106.3280820">
    <ele>3524.2</ele>
    <time>2026-10-04T16:59:07Z</time>
   </trkpt>
   <trkpt lat="41.3561860" lon="-106.3280980">
    <ele>3523.9</ele>
    <time>2026-10-04T16:59:08Z</time>
   </trkpt>
   <trkpt lat="41.3561910" lon="-106.3281220">
    <ele>3523.6</ele>
    <time>2026-10-04T16:59:09Z</time>
   </trkpt>
   <trkpt lat="41.3562000" lon="-106.3281430">
    <ele>3523.2</ele>
    <time>2026-10-04T16:59:10Z</time>
   </trkpt>
   <trkpt lat="41.3562130" lon="-106.3281640">
    <ele>3522.8</ele>
    <time>2026-10-04T16:59:11Z</time>
   </trkpt>
   <trkpt lat="41.3562170" lon="-106.3281830">
    <ele>3522.5</ele>
    <time>2026-10-04T16:59:12Z</time>
   </trkpt>
   <trkpt lat="41.3562220" lon="-106.3282040">
    <ele>3522.2</ele>
    <time>2026-10-04T16:59:13Z</time>
   </trkpt>
   <trkpt lat="41.3562250" lon="-106.3282270">
    <ele>3521.8</ele>
    <time>2026-10-04T16:59:14Z</time>
   </trkpt>
   <trkpt lat="41.3562250" lon="-106.3282560">
    <ele>3521.3</ele>
    <time>2026-10-04T16:59:15Z</time>
   </trkpt>
   <trkpt lat="41.3562220" lon="-106.3282850">
    <ele>3520.9</ele>
    <time>2026-10-04T16:59:16Z</time>
   </trkpt>
   <trkpt lat="41.3562360" lon="-106.3283100">
    <ele>3520.3</ele>
    <time>2026-10-04T16:59:17Z</time>
   </trkpt>
   <trkpt lat="41.3562360" lon="-106.3283370">
    <ele>3519.9</ele>
    <time>2026-10-04T16:59:18Z</time>
   </trkpt>
   <trkpt lat="41.3562390" lon="-106.3283650">
    <ele>3519.4</ele>
    <time>2026-10-04T16:59:19Z</time>
   </trkpt>
   <trkpt lat="41.3562420" lon="-106.3283890">
    <ele>3519.0</ele>
    <time>2026-10-04T16:59:20Z</time>
   </trkpt>
   <trkpt lat="41.3562570" lon="-106.3284030">
    <ele>3518.6</ele>
    <time>2026-10-04T16:59:21Z</time>
   </trkpt>
   <trkpt lat="41.3562590" lon="-106.3284260">
    <ele>3518.1</ele>
    <time>2026-10-04T16:59:22Z</time>
   </trkpt>
   <trkpt lat="41.3562550" lon="-106.3284470">
    <ele>3517.7</ele>
    <time>2026-10-04T16:59:23Z</time>
   </trkpt>
   <trkpt lat="41.3562630" lon="-106.3284660">
    <ele>3517.4</ele>
    <time>2026-10-04T16:59:24Z</time>
   </trkpt>
   <trkpt lat="41.3562750" lon="-106.3285000">
    <ele>3516.7</ele>
    <time>2026-10-04T16:59:25Z</time>
   </trkpt>
   <trkpt lat="41.3562840" lon="-106.3285220">
    <ele>3516.2</ele>
    <time>2026-10-04T16:59:26Z</time>
   </trkpt>
   <trkpt lat="41.3562900" lon="-106.3285330">
    <ele>3516.0</ele>
    <time>2026-10-04T16:59:27Z</time>
   </trkpt>
   <trkpt lat="41.3563100" lon="-106.3285480">
    <ele>3515.4</ele>
    <time>2026-10-04T16:59:28Z</time>
   </trkpt>
   <trkpt lat="41.3563140" lon="-106.3285540">
    <ele>3515.3</ele>
    <time>2026-10-04T16:59:29Z</time>
   </trkpt>
   <trkpt lat="41.3563230" lon="-106.3285780">
    <ele>3514.8</ele>
    <time>2026-10-04T16:59:30Z</time>
   </trkpt>
   <trkpt lat="41.3563310" lon="-106.3285960">
    <ele>3514.4</ele>
    <time>2026-10-04T16:59:31Z</time>
   </trkpt>
   <trkpt lat="41.3563530" lon="-106.3286210">
    <ele>3513.8</ele>
    <time>2026-10-04T16:59:32Z</time>
   </trkpt>
   <trkpt lat="41.3563700" lon="-106.3286320">
    <ele>3513.3</ele>
    <time>2026-10-04T16:59:33Z</time>
   </trkpt>
   <trkpt lat="41.3563790" lon="-106.3286390">
    <ele>3513.1</ele>
    <time>2026-10-04T16:59:34Z</time>
   </trkpt>
   <trkpt lat="41.3563950" lon="-106.3286520">
    <ele>3512.7</ele>
    <time>2026-10-04T16:59:35Z</time>
   </trkpt>
   <trkpt lat="41.3564020" lon="-106.3286650">
    <ele>3512.4</ele>
    <time>2026-10-04T16:59:36Z</time>
   </trkpt>
   <trkpt lat="41.3564270" lon="-106.3286790">
    <ele>3511.9</ele>
    <time>2026-10-04T16:59:37Z</time>
   </trkpt>
   <trkpt lat="41.3564210" lon="-106.3287140">
    <ele>3511.3</ele>
    <time>2026-10-04T16:59:38Z</time>
   </trkpt>
   <trkpt lat="41.3564170" lon="-106.3287310">
    <ele>3511.1</ele>
    <time>2026-10-04T16:59:39Z</time>
   </trkpt>
   <trkpt lat="41.3563980" lon="-106.3287430">
    <ele>3510.7</ele>
    <time>2026-10-04T16:59:40Z</time>
   </trkpt>
   <trkpt lat="41.3563850" lon="-106.3287800">
    <ele>3510.2</ele>
    <time>2026-10-04T16:59:41Z</time>
   </trkpt>
   <trkpt lat="41.3563850" lon="-106.3288120">
    <ele>3509.8</ele>
    <time>2026-10-04T16:59:42Z</time>
   </trkpt>
   <trkpt lat="41.3563700" lon="-106.3288420">
    <ele>3509.3</ele>
    <time>2026-10-04T16:59:43Z</time>
   </trkpt>
   <trkpt lat="41.3563480" lon="-106.3288700">
    <ele>3509.2</ele>
    <time>2026-10-04T16:59:44Z</time>
   </trkpt>
   <trkpt lat="41.3563370" lon="-106.3288770">
    <ele>3509.2</ele>
    <time>2026-10-04T16:59:45Z</time>
   </trkpt>
   <trkpt lat="41.3563110" lon="-106.3288940">
    <ele>3509.1</ele>
    <time>2026-10-04T16:59:46Z</time>
   </trkpt>
   <trkpt lat="41.3562840" lon="-106.3289110">
    <ele>3509.1</ele>
    <time>2026-10-04T16:59:47Z</time>
   </trkpt>
   <trkpt lat="41.3562580" lon="-106.3289270">
    <ele>3509.1</ele>
    <time>2026-10-04T16:59:48Z</time>
   </trkpt>
   <trkpt lat="41.3562420" lon="-106.3289350">
    <ele>3509.0</ele>
    <time>2026-10-04T16:59:49Z</time>
   </trkpt>
   <trkpt lat="41.3562250" lon="-106.3289410">
    <ele>3509.0</ele>
    <time>2026-10-04T16:59:50Z</time>
   </trkpt>
   <trkpt lat="41.3562090" lon="-106.3289690">
    <ele>3509.0</ele>
    <time>2026-10-04T16:59:51Z</time>
   </trkpt>
   <trkpt lat="41.3562130" lon="-106.3289980">
    <ele>3509.0</ele>
    <time>2026-10-04T16:59:52Z</time>
   </trkpt>
   <trkpt lat="41.3562040" lon="-106.3290090">
    <ele>3508.9</ele>
    <time>2026-10-04T16:59:53Z</time>
   </trkpt>
   <trkpt lat="41.3562040" lon="-106.3290180">
    <ele>3508.9</ele>
    <time>2026-10-04T16:59:54Z</time>
   </trkpt>
   <trkpt lat="41.3562270" lon="-106.3289840">
    <ele>3508.9</ele>
    <time>2026-10-04T17:01:45Z</time>
   </trkpt>
   <trkpt lat="41.3562070" lon="-106.3290320">
    <ele>3509.0</ele>
    <time>2026-10-04T17:01:49Z</time>
   </trkpt>
   <trkpt lat="41.3561970" lon="-106.3290540">
    <ele>3509.1</ele>
    <time>2026-10-04T17:01:50Z</time>
   </trkpt>
   <trkpt lat="41.3561790" lon="-106.3290580">
    <ele>3509.1</ele>
    <time>2026-10-04T17:01:51Z</time>
   </trkpt>
   <trkpt lat="41.3561690" lon="-106.3290760">
    <ele>3509.3</ele>
    <time>2026-10-04T17:01:52Z</time>
   </trkpt>
   <trkpt lat="41.3561260" lon="-106.3290680">
    <ele>3509.6</ele>
    <time>2026-10-04T17:01:53Z</time>
   </trkpt>
   <trkpt lat="41.3561060" lon="-106.3290970">
    <ele>3509.9</ele>
    <time>2026-10-04T17:01:54Z</time>
   </trkpt>
   <trkpt lat="41.3560780" lon="-106.3290810">
    <ele>3510.2</ele>
    <time>2026-10-04T17:01:55Z</time>
   </trkpt>
   <trkpt lat="41.3560560" lon="-106.3290710">
    <ele>3510.5</ele>
    <time>2026-10-04T17:01:56Z</time>
   </trkpt>
   <trkpt lat="41.3560360" lon="-106.3290690">
    <ele>3510.8</ele>
    <time>2026-10-04T17:01:57Z</time>
   </trkpt>
   <trkpt lat="41.3560170" lon="-106.3290740">
    <ele>3511.0</ele>
    <time>2026-10-04T17:01:58Z</time>
   </trkpt>
   <trkpt lat="41.3560040" lon="-106.3290730">
    <ele>3511.2</ele>
    <time>2026-10-04T17:01:59Z</time>
   </trkpt>
   <trkpt lat="41.3559920" lon="-106.3290690">
    <ele>3511.3</ele>
    <time>2026-10-04T17:02:00Z</time>
   </trkpt>
   <trkpt lat="41.3559750" lon="-106.3290690">
    <ele>3511.5</ele>
    <time>2026-10-04T17:02:01Z</time>
   </trkpt>
   <trkpt lat="41.3559520" lon="-106.3290680">
    <ele>3511.8</ele>
    <time>2026-10-04T17:02:02Z</time>
   </trkpt>
   <trkpt lat="41.3559310" lon="-106.3290770">
    <ele>3512.1</ele>
    <time>2026-10-04T17:02:03Z</time>
   </trkpt>
   <trkpt lat="41.3559120" lon="-106.3290810">
    <ele>3512.4</ele>
    <time>2026-10-04T17:02:04Z</time>
   </trkpt>
   <trkpt lat="41.3558940" lon="-106.3290870">
    <ele>3512.6</ele>
    <time>2026-10-04T17:02:05Z</time>
   </trkpt>
   <trkpt lat="41.3558760" lon="-106.3290890">
    <ele>3512.9</ele>
    <time>2026-10-04T17:02:06Z</time>
   </trkpt>
   <trkpt lat="41.3558880" lon="-106.3290890">
    <ele>3513.0</ele>
    <time>2026-10-04T17:02:07Z</time>
   </trkpt>
   <trkpt lat="41.3558650" lon="-106.3290810">
    <ele>3513.3</ele>
    <time>2026-10-04T17:02:08Z</time>
   </trkpt>
   <trkpt lat="41.3558470" lon="-106.3290780">
    <ele>3513.6</ele>
    <time>2026-10-04T17:02:09Z</time>
   </trkpt>
   <trkpt lat="41.3558230" lon="-106.3290740">
    <ele>3513.9</ele>
    <time>2026-10-04T17:02:10Z</time>
   </trkpt>
   <trkpt lat="41.3558060" lon="-106.3290680">
    <ele>3514.1</ele>
    <time>2026-10-04T17:02:11Z</time>
   </trkpt>
   <trkpt lat="41.3557940" lon="-106.3290610">
    <ele>3514.3</ele>
    <time>2026-10-04T17:02:12Z</time>
   </trkpt>
   <trkpt lat="41.3557830" lon="-106.3290380">
    <ele>3514.5</ele>
    <time>2026-10-04T17:02:13Z</time>
   </trkpt>
   <trkpt lat="41.3557740" lon="-106.3290100">
    <ele>3514.8</ele>
    <time>2026-10-04T17:02:14Z</time>
   </trkpt>
   <trkpt lat="41.3557540" lon="-106.3289890">
    <ele>3515.1</ele>
    <time>2026-10-04T17:02:15Z</time>
   </trkpt>
   <trkpt lat="41.3557360" lon="-106.3289860">
    <ele>3515.4</ele>
    <time>2026-10-04T17:02:16Z</time>
   </trkpt>
   <trkpt lat="41.3557170" lon="-106.3289810">
    <ele>3515.6</ele>
    <time>2026-10-04T17:02:17Z</time>
   </trkpt>
   <trkpt lat="41.3556950" lon="-106.3289740">
    <ele>3515.9</ele>
    <time>2026-10-04T17:02:18Z</time>
   </trkpt>
   <trkpt lat="41.3556730" lon="-106.3289770">
    <ele>3516.1</ele>
    <time>2026-10-04T17:02:19Z</time>
   </trkpt>
   <trkpt lat="41.3556550" lon="-106.3289820">
    <ele>3516.4</ele>
    <time>2026-10-04T17:02:20Z</time>
   </trkpt>
   <trkpt lat="41.3556330" lon="-106.3289900">
    <ele>3516.6</ele>
    <time>2026-10-04T17:02:21Z</time>
   </trkpt>
   <trkpt lat="41.3556140" lon="-106.3289750">
    <ele>3516.9</ele>
    <time>2026-10-04T17:02:22Z</time>
   </trkpt>
   <trkpt lat="41.3555950" lon="-106.3289670">
    <ele>3517.1</ele>
    <time>2026-10-04T17:02:23Z</time>
   </trkpt>
   <trkpt lat="41.3555760" lon="-106.3289700">
    <ele>3517.3</ele>
    <time>2026-10-04T17:02:24Z</time>
   </trkpt>
   <trkpt lat="41.3555560" lon="-106.3289730">
    <ele>3517.5</ele>
    <time>2026-10-04T17:02:25Z</time>
   </trkpt>
   <trkpt lat="41.3555350" lon="-106.3289860">
    <ele>3517.8</ele>
    <time>2026-10-04T17:02:26Z</time>
   </trkpt>
   <trkpt lat="41.3555110" lon="-106.3289720">
    <ele>3518.1</ele>
    <time>2026-10-04T17:02:27Z</time>
   </trkpt>
   <trkpt lat="41.3554850" lon="-106.3289630">
    <ele>3518.3</ele>
    <time>2026-10-04T17:02:28Z</time>
   </trkpt>
   <trkpt lat="41.3554690" lon="-106.3289520">
    <ele>3518.5</ele>
    <time>2026-10-04T17:02:29Z</time>
   </trkpt>
   <trkpt lat="41.3554560" lon="-106.3289480">
    <ele>3518.7</ele>
    <time>2026-10-04T17:02:30Z</time>
   </trkpt>
   <trkpt lat="41.3554350" lon="-106.3289430">
    <ele>3518.9</ele>
    <time>2026-10-04T17:02:31Z</time>
   </trkpt>
   <trkpt lat="41.3554210" lon="-106.3289320">
    <ele>3519.0</ele>
    <time>2026-10-04T17:02:32Z</time>
   </trkpt>
   <trkpt lat="41.3554010" lon="-106.3289040">
    <ele>3519.3</ele>
    <time>2026-10-04T17:02:33Z</time>
   </trkpt>
   <trkpt lat="41.3553750" lon="-106.3288990">
    <ele>3519.6</ele>
    <time>2026-10-04T17:02:34Z</time>
   </trkpt>
   <trkpt lat="41.3553600" lon="-106.3288850">
    <ele>3519.8</ele>
    <time>2026-10-04T17:02:35Z</time>
   </trkpt>
   <trkpt lat="41.3553370" lon="-106.3288950">
    <ele>3520.0</ele>
    <time>2026-10-04T17:02:36Z</time>
   </trkpt>
   <trkpt lat="41.3553190" lon="-106.3288870">
    <ele>3520.2</ele>
    <time>2026-10-04T17:02:37Z</time>
   </trkpt>
   <trkpt lat="41.3553020" lon="-106.3288760">
    <ele>3520.4</ele>
    <time>2026-10-04T17:02:38Z</time>
   </trkpt>
   <trkpt lat="41.3552840" lon="-106.3288730">
    <ele>3520.6</ele>
    <time>2026-10-04T17:02:39Z</time>
   </trkpt>
   <trkpt lat="41.3552610" lon="-106.3288770">
    <ele>3520.9</ele>
    <time>2026-10-04T17:02:40Z</time>
   </trkpt>
   <trkpt lat="41.3552440" lon="-106.3288690">
    <ele>3521.0</ele>
    <time>2026-10-04T17:02:41Z</time>
   </trkpt>
   <trkpt lat="41.3552300" lon="-106.3288500">
    <ele>3521.2</ele>
    <time>2026-10-04T17:02:42Z</time>
   </trkpt>
   <trkpt lat="41.3552030" lon="-106.3288440">
    <ele>3521.5</ele>
    <time>2026-10-04T17:02:43Z</time>
   </trkpt>
   <trkpt lat="41.3551870" lon="-106.3288330">
    <ele>3521.7</ele>
    <time>2026-10-04T17:02:44Z</time>
   </trkpt>
   <trkpt lat="41.3551740" lon="-106.3288310">
    <ele>3521.8</ele>
    <time>2026-10-04T17:02:45Z</time>
   </trkpt>
   <trkpt lat="41.3551500" lon="-106.3288430">
    <ele>3522.0</ele>
    <time>2026-10-04T17:02:46Z</time>
   </trkpt>
   <trkpt lat="41.3551310" lon="-106.3288460">
    <ele>3522.2</ele>
    <time>2026-10-04T17:02:47Z</time>
   </trkpt>
   <trkpt lat="41.3551130" lon="-106.3288450">
    <ele>3522.3</ele>
    <time>2026-10-04T17:02:48Z</time>
   </trkpt>
   <trkpt lat="41.3550870" lon="-106.3288490">
    <ele>3522.5</ele>
    <time>2026-10-04T17:02:49Z</time>
   </trkpt>
   <trkpt lat="41.3550690" lon="-106.3288410">
    <ele>3522.6</ele>
    <time>2026-10-04T17:02:50Z</time>
   </trkpt>
   <trkpt lat="41.3550320" lon="-106.3288320">
    <ele>3522.8</ele>
    <time>2026-10-04T17:02:51Z</time>
   </trkpt>
   <trkpt lat="41.3550240" lon="-106.3288280">
    <ele>3522.9</ele>
    <time>2026-10-04T17:02:52Z</time>
   </trkpt>
   <trkpt lat="41.3550070" lon="-106.3288380">
    <ele>3523.0</ele>
    <time>2026-10-04T17:02:53Z</time>
   </trkpt>
   <trkpt lat="41.3549960" lon="-106.3288300">
    <ele>3523.1</ele>
    <time>2026-10-04T17:02:54Z</time>
   </trkpt>
   <trkpt lat="41.3549770" lon="-106.3288450">
    <ele>3523.2</ele>
    <time>2026-10-04T17:02:55Z</time>
   </trkpt>
   <trkpt lat="41.3549640" lon="-106.3288570">
    <ele>3523.2</ele>
    <time>2026-10-04T17:02:56Z</time>
   </trkpt>
   <trkpt lat="41.3549430" lon="-106.3288600">
    <ele>3523.3</ele>
    <time>2026-10-04T17:02:57Z</time>
   </trkpt>
   <trkpt lat="41.3549300" lon="-106.3288740">
    <ele>3523.4</ele>
    <time>2026-10-04T17:02:58Z</time>
   </trkpt>
   <trkpt lat="41.3549150" lon="-106.3288730">
    <ele>3523.4</ele>
    <time>2026-10-04T17:02:59Z</time>
   </trkpt>
   <trkpt lat="41.3549010" lon="-106.3288770">
    <ele>3523.5</ele>
    <time>2026-10-04T17:03:00Z</time>
   </trkpt>
   <trkpt lat="41.3548870" lon="-106.3288810">
    <ele>3523.5</ele>
    <time>2026-10-04T17:03:01Z</time>
   </trkpt>
   <trkpt lat="41.3548710" lon="-106.3288930">
    <ele>3523.5</ele>
    <time>2026-10-04T17:03:02Z</time>
   </trkpt>
   <trkpt lat="41.3548580" lon="-106.3289040">
    <ele>3523.6</ele>
    <time>2026-10-04T17:03:03Z</time>
   </trkpt>
   <trkpt lat="41.3548430" lon="-106.3289140">
    <ele>3523.6</ele>
    <time>2026-10-04T17:03:04Z</time>
   </trkpt>
   <trkpt lat="41.3548360" lon="-106.3289000">
    <ele>3523.6</ele>
    <time>2026-10-04T17:03:05Z</time>
   </trkpt>
   <trkpt lat="41.3548190" lon="-106.3289070">
    <ele>3523.6</ele>
    <time>2026-10-04T17:03:06Z</time>
   </trkpt>
   <trkpt lat="41.3548080" lon="-106.3289010">
    <ele>3523.6</ele>
    <time>2026-10-04T17:03:07Z</time>
   </trkpt>
   <trkpt lat="41.3547940" lon="-106.3289100">
    <ele>3523.6</ele>
    <time>2026-10-04T17:03:08Z</time>
   </trkpt>
   <trkpt lat="41.3547740" lon="-106.3289190">
    <ele>3523.6</ele>
    <time>2026-10-04T17:03:09Z</time>
   </trkpt>
   <trkpt lat="41.3547700" lon="-106.3288810">
    <ele>3523.5</ele>
    <time>2026-10-04T17:03:10Z</time>
   </trkpt>
   <trkpt lat="41.3545630" lon="-106.3289570">
    <ele>3523.0</ele>
    <time>2026-10-04T17:03:30Z</time>
   </trkpt>
   <trkpt lat="41.3545290" lon="-106.3289710">
    <ele>3522.8</ele>
    <time>2026-10-04T17:03:31Z</time>
   </trkpt>
   <trkpt lat="41.3545220" lon="-106.3289600">
    <ele>3522.7</ele>
    <time>2026-10-04T17:03:32Z</time>
   </trkpt>
   <trkpt lat="41.3544930" lon="-106.3289690">
    <ele>3522.5</ele>
    <time>2026-10-04T17:03:33Z</time>
   </trkpt>
   <trkpt lat="41.3544900" lon="-106.3289770">
    <ele>3522.5</ele>
    <time>2026-10-04T17:03:34Z</time>
   </trkpt>
   <trkpt lat="41.3544660" lon="-106.3289910">
    <ele>3522.3</ele>
    <time>2026-10-04T17:03:35Z</time>
   </trkpt>
   <trkpt lat="41.3544570" lon="-106.3289920">
    <ele>3522.2</ele>
    <time>2026-10-04T17:03:36Z</time>
   </trkpt>
   <trkpt lat="41.3544390" lon="-106.3289930">
    <ele>3522.1</ele>
    <time>2026-10-04T17:03:37Z</time>
   </trkpt>
   <trkpt lat="41.3544180" lon="-106.3290120">
    <ele>3521.9</ele>
    <time>2026-10-04T17:03:38Z</time>
   </trkpt>
   <trkpt lat="41.3543910" lon="-106.3290190">
    <ele>3521.7</ele>
    <time>2026-10-04T17:03:39Z</time>
   </trkpt>
   <trkpt lat="41.3543670" lon="-106.3290280">
    <ele>3521.5</ele>
    <time>2026-10-04T17:03:40Z</time>
   </trkpt>
   <trkpt lat="41.3543450" lon="-106.3290500">
    <ele>3521.3</ele>
    <time>2026-10-04T17:03:41Z</time>
   </trkpt>
   <trkpt lat="41.3543240" lon="-106.3290530">
    <ele>3521.2</ele>
    <time>2026-10-04T17:03:42Z</time>
   </trkpt>
   <trkpt lat="41.3543050" lon="-106.3290590">
    <ele>3521.1</ele>
    <time>2026-10-04T17:03:43Z</time>
   </trkpt>
   <trkpt lat="41.3542880" lon="-106.3290660">
    <ele>3521.0</ele>
    <time>2026-10-04T17:03:44Z</time>
   </trkpt>
   <trkpt lat="41.3542690" lon="-106.3290840">
    <ele>3520.9</ele>
    <time>2026-10-04T17:03:45Z</time>
   </trkpt>
   <trkpt lat="41.3542500" lon="-106.3290950">
    <ele>3520.9</ele>
    <time>2026-10-04T17:03:46Z</time>
   </trkpt>
   <trkpt lat="41.3542350" lon="-106.3291190">
    <ele>3520.8</ele>
    <time>2026-10-04T17:03:47Z</time>
   </trkpt>
   <trkpt lat="41.3542080" lon="-106.3291200">
    <ele>3520.7</ele>
    <time>2026-10-04T17:03:48Z</time>
   </trkpt>
   <trkpt lat="41.3541930" lon="-106.3291290">
    <ele>3520.6</ele>
    <time>2026-10-04T17:03:50Z</time>
   </trkpt>
   <trkpt lat="41.3541700" lon="-106.3291410">
    <ele>3520.5</ele>
    <time>2026-10-04T17:03:51Z</time>
   </trkpt>
   <trkpt lat="41.3541570" lon="-106.3291560">
    <ele>3520.4</ele>
    <time>2026-10-04T17:03:52Z</time>
   </trkpt>
   <trkpt lat="41.3541430" lon="-106.3291730">
    <ele>3520.4</ele>
    <time>2026-10-04T17:03:53Z</time>
   </trkpt>
   <trkpt lat="41.3541230" lon="-106.3291820">
    <ele>3520.3</ele>
    <time>2026-10-04T17:03:54Z</time>
   </trkpt>
   <trkpt lat="41.3541070" lon="-106.3291950">
    <ele>3520.2</ele>
    <time>2026-10-04T17:03:55Z</time>
   </trkpt>
   <trkpt lat="41.3540840" lon="-106.3292080">
    <ele>3520.1</ele>
    <time>2026-10-04T17:03:56Z</time>
   </trkpt>
   <trkpt lat="41.3540620" lon="-106.3292080">
    <ele>3520.1</ele>
    <time>2026-10-04T17:03:57Z</time>
   </trkpt>
   <trkpt lat="41.3540400" lon="-106.3292060">
    <ele>3520.0</ele>
    <time>2026-10-04T17:03:58Z</time>
   </trkpt>
   <trkpt lat="41.3540160" lon="-106.3292180">
    <ele>3519.9</ele>
    <time>2026-10-04T17:03:59Z</time>
   </trkpt>
   <trkpt lat="41.3539920" lon="-106.3292290">
    <ele>3519.8</ele>
    <time>2026-10-04T17:04:00Z</time>
   </trkpt>
   <trkpt lat="41.3539680" lon="-106.3292180">
    <ele>3519.7</ele>
    <time>2026-10-04T17:04:01Z</time>
   </trkpt>
   <trkpt lat="41.3539470" lon="-106.3292130">
    <ele>3519.6</ele>
    <time>2026-10-04T17:04:02Z</time>
   </trkpt>
   <trkpt lat="41.3539290" lon="-106.3292050">
    <ele>3519.6</ele>
    <time>2026-10-04T17:04:03Z</time>
   </trkpt>
   <trkpt lat="41.3539030" lon="-106.3292040">
    <ele>3519.4</ele>
    <time>2026-10-04T17:04:04Z</time>
   </trkpt>
   <trkpt lat="41.3538810" lon="-106.3292110">
    <ele>3519.3</ele>
    <time>2026-10-04T17:04:05Z</time>
   </trkpt>
   <trkpt lat="41.3538570" lon="-106.3292200">
    <ele>3519.2</ele>
    <time>2026-10-04T17:04:06Z</time>
   </trkpt>
   <trkpt lat="41.3538410" lon="-106.3292170">
    <ele>3519.1</ele>
    <time>2026-10-04T17:04:07Z</time>
   </trkpt>
   <trkpt lat="41.3538180" lon="-106.3292000">
    <ele>3519.0</ele>
    <time>2026-10-04T17:04:08Z</time>
   </trkpt>
   <trkpt lat="41.3537990" lon="-106.3292210">
    <ele>3518.9</ele>
    <time>2026-10-04T17:04:09Z</time>
   </trkpt>
   <trkpt lat="41.3537780" lon="-106.3292510">
    <ele>3518.7</ele>
    <time>2026-10-04T17:04:10Z</time>
   </trkpt>
   <trkpt lat="41.3537510" lon="-106.3292410">
    <ele>3518.6</ele>
    <time>2026-10-04T17:04:11Z</time>
   </trkpt>
   <trkpt lat="41.3537310" lon="-106.3292450">
    <ele>3518.5</ele>
    <time>2026-10-04T17:04:12Z</time>
   </trkpt>
   <trkpt lat="41.3537060" lon="-106.3292610">
    <ele>3518.3</ele>
    <time>2026-10-04T17:04:13Z</time>
   </trkpt>
   <trkpt lat="41.3536810" lon="-106.3292570">
    <ele>3518.2</ele>
    <time>2026-10-04T17:04:14Z</time>
   </trkpt>
   <trkpt lat="41.3536570" lon="-106.3292690">
    <ele>3518.1</ele>
    <time>2026-10-04T17:04:15Z</time>
   </trkpt>
   <trkpt lat="41.3536320" lon="-106.3292700">
    <ele>3517.9</ele>
    <time>2026-10-04T17:04:16Z</time>
   </trkpt>
   <trkpt lat="41.3536050" lon="-106.3292710">
    <ele>3517.8</ele>
    <time>2026-10-04T17:04:17Z</time>
   </trkpt>
   <trkpt lat="41.3535800" lon="-106.3292460">
    <ele>3517.7</ele>
    <time>2026-10-04T17:04:18Z</time>
   </trkpt>
   <trkpt lat="41.3535540" lon="-106.3292270">
    <ele>3517.6</ele>
    <time>2026-10-04T17:04:19Z</time>
   </trkpt>
   <trkpt lat="41.3535330" lon="-106.3292190">
    <ele>3517.5</ele>
    <time>2026-10-04T17:04:20Z</time>
   </trkpt>
   <trkpt lat="41.3535080" lon="-106.3292140">
    <ele>3517.5</ele>
    <time>2026-10-04T17:04:21Z</time>
   </trkpt>
   <trkpt lat="41.3534930" lon="-106.3292230">
    <ele>3517.5</ele>
    <time>2026-10-04T17:04:22Z</time>
   </trkpt>
   <trkpt lat="41.3534640" lon="-106.3292350">
    <ele>3517.5</ele>
    <time>2026-10-04T17:04:23Z</time>
   </trkpt>
   <trkpt lat="41.3534410" lon="-106.3292420">
    <ele>3517.6</ele>
    <time>2026-10-04T17:04:24Z</time>
   </trkpt>
   <trkpt lat="41.3534250" lon="-106.3292350">
    <ele>3517.7</ele>
    <time>2026-10-04T17:04:25Z</time>
   </trkpt>
   <trkpt lat="41.3534000" lon="-106.3292240">
    <ele>3517.8</ele>
    <time>2026-10-04T17:04:26Z</time>
   </trkpt>
   <trkpt lat="41.3533790" lon="-106.3292320">
    <ele>3518.0</ele>
    <time>2026-10-04T17:04:27Z</time>
   </trkpt>
   <trkpt lat="41.3533590" lon="-106.3292200">
    <ele>3518.2</ele>
    <time>2026-10-04T17:04:28Z</time>
   </trkpt>
   <trkpt lat="41.3533460" lon="-106.3291880">
    <ele>3518.5</ele>
    <time>2026-10-04T17:04:29Z</time>
   </trkpt>
   <trkpt lat="41.3533300" lon="-106.3291780">
    <ele>3518.7</ele>
    <time>2026-10-04T17:04:30Z</time>
   </trkpt>
   <trkpt lat="41.3533270" lon="-106.3291480">
    <ele>3518.9</ele>
    <time>2026-10-04T17:04:31Z</time>
   </trkpt>
   <trkpt lat="41.3533250" lon="-106.3291160">
    <ele>3519.2</ele>
    <time>2026-10-04T17:04:32Z</time>
   </trkpt>
   <trkpt lat="41.3533280" lon="-106.3290860">
    <ele>3519.5</ele>
    <time>2026-10-04T17:04:33Z</time>
   </trkpt>
   <trkpt lat="41.3533450" lon="-106.3290540">
    <ele>3519.9</ele>
    <time>2026-10-04T17:04:34Z</time>
   </trkpt>
   <trkpt lat="41.3533450" lon="-106.3290190">
    <ele>3520.3</ele>
    <time>2026-10-04T17:04:35Z</time>
   </trkpt>
   <trkpt lat="41.3533480" lon="-106.3289930">
    <ele>3520.5</ele>
    <time>2026-10-04T17:04:36Z</time>
   </trkpt>
   <trkpt lat="41.3533500" lon="-106.3289780">
    <ele>3520.7</ele>
    <time>2026-10-04T17:04:37Z</time>
   </trkpt>
   <trkpt lat="41.3533520" lon="-106.3289650">
    <ele>3520.8</ele>
    <time>2026-10-04T17:04:38Z</time>
   </trkpt>
   <trkpt lat="41.3533440" lon="-106.3289440">
    <ele>3521.0</ele>
    <time>2026-10-04T17:04:39Z</time>
   </trkpt>
   <trkpt lat="41.3533450" lon="-106.3289340">
    <ele>3521.1</ele>
    <time>2026-10-04T17:04:40Z</time>
   </trkpt>
   <trkpt lat="41.3533440" lon="-106.3289200">
    <ele>3521.2</ele>
    <time>2026-10-04T17:04:41Z</time>
   </trkpt>
   <trkpt lat="41.3533380" lon="-106.3289070">
    <ele>3521.3</ele>
    <time>2026-10-04T17:04:42Z</time>
   </trkpt>
   <trkpt lat="41.3533350" lon="-106.3288910">
    <ele>3521.5</ele>
    <time>2026-10-04T17:04:43Z</time>
   </trkpt>
   <trkpt lat="41.3533200" lon="-106.3288770">
    <ele>3521.6</ele>
    <time>2026-10-04T17:04:44Z</time>
   </trkpt>
   <trkpt lat="41.3533160" lon="-106.3288630">
    <ele>3521.8</ele>
    <time>2026-10-04T17:04:45Z</time>
   </trkpt>
   <trkpt lat="41.3533170" lon="-106.3288480">
    <ele>3521.9</ele>
    <time>2026-10-04T17:04:46Z</time>
   </trkpt>
   <trkpt lat="41.3533120" lon="-106.3288300">
    <ele>3522.0</ele>
    <time>2026-10-04T17:04:47Z</time>
   </trkpt>
   <trkpt lat="41.3532990" lon="-106.3288150">
    <ele>3522.2</ele>
    <time>2026-10-04T17:04:48Z</time>
   </trkpt>
   <trkpt lat="41.3532820" lon="-106.3288080">
    <ele>3522.4</ele>
    <time>2026-10-04T17:04:49Z</time>
   </trkpt>
   <trkpt lat="41.3532780" lon="-106.3287980">
    <ele>3522.4</ele>
    <time>2026-10-04T17:04:50Z</time>
   </trkpt>
   <trkpt lat="41.3532660" lon="-106.3287900">
    <ele>3522.6</ele>
    <time>2026-10-04T17:04:51Z</time>
   </trkpt>
   <trkpt lat="41.3532500" lon="-106.3287800">
    <ele>3522.7</ele>
    <time>2026-10-04T17:04:52Z</time>
   </trkpt>
   <trkpt lat="41.3532290" lon="-106.3288000">
    <ele>3523.0</ele>
    <time>2026-10-04T17:04:53Z</time>
   </trkpt>
   <trkpt lat="41.3532210" lon="-106.3288010">
    <ele>3523.1</ele>
    <time>2026-10-04T17:04:54Z</time>
   </trkpt>
   <trkpt lat="41.3532060" lon="-106.3288180">
    <ele>3523.2</ele>
    <time>2026-10-04T17:04:55Z</time>
   </trkpt>
   <trkpt lat="41.3532010" lon="-106.3288020">
    <ele>3523.4</ele>
    <time>2026-10-04T17:04:56Z</time>
   </trkpt>
   <trkpt lat="41.3531880" lon="-106.3288120">
    <ele>3523.5</ele>
    <time>2026-10-04T17:04:57Z</time>
   </trkpt>
   <trkpt lat="41.3531790" lon="-106.3288000">
    <ele>3523.6</ele>
    <time>2026-10-04T17:04:58Z</time>
   </trkpt>
   <trkpt lat="41.3531660" lon="-106.3287960">
    <ele>3523.7</ele>
    <time>2026-10-04T17:04:59Z</time>
   </trkpt>
   <trkpt lat="41.3531540" lon="-106.3287900">
    <ele>3523.8</ele>
    <time>2026-10-04T17:05:00Z</time>
   </trkpt>
   <trkpt lat="41.3531450" lon="-106.3287900">
    <ele>3523.9</ele>
    <time>2026-10-04T17:05:01Z</time>
   </trkpt>
   <trkpt lat="41.3531280" lon="-106.3287790">
    <ele>3524.1</ele>
    <time>2026-10-04T17:05:02Z</time>
   </trkpt>
   <trkpt lat="41.3531130" lon="-106.3287730">
    <ele>3524.2</ele>
    <time>2026-10-04T17:05:03Z</time>
   </trkpt>
   <trkpt lat="41.3531010" lon="-106.3287630">
    <ele>3524.3</ele>
    <time>2026-10-04T17:05:04Z</time>
   </trkpt>
   <trkpt lat="41.3530970" lon="-106.3287490">
    <ele>3524.4</ele>
    <time>2026-10-04T17:05:05Z</time>
   </trkpt>
   <trkpt lat="41.3530870" lon="-106.3287330">
    <ele>3524.5</ele>
    <time>2026-10-04T17:05:06Z</time>
   </trkpt>
   <trkpt lat="41.3530840" lon="-106.3287080">
    <ele>3524.6</ele>
    <time>2026-10-04T17:05:07Z</time>
   </trkpt>
   <trkpt lat="41.3530710" lon="-106.3286950">
    <ele>3524.8</ele>
    <time>2026-10-04T17:05:08Z</time>
   </trkpt>
   <trkpt lat="41.3530630" lon="-106.3286830">
    <ele>3524.8</ele>
    <time>2026-10-04T17:05:09Z</time>
   </trkpt>
   <trkpt lat="41.3530550" lon="-106.3286740">
    <ele>3524.9</ele>
    <time>2026-10-04T17:05:10Z</time>
   </trkpt>
   <trkpt lat="41.3530450" lon="-106.3286630">
    <ele>3525.0</ele>
    <time>2026-10-04T17:05:11Z</time>
   </trkpt>
   <trkpt lat="41.3530310" lon="-106.3286390">
    <ele>3525.2</ele>
    <time>2026-10-04T17:05:12Z</time>
   </trkpt>
   <trkpt lat="41.3530210" lon="-106.3286260">
    <ele>3525.3</ele>
    <time>2026-10-04T17:05:13Z</time>
   </trkpt>
   <trkpt lat="41.3530130" lon="-106.3286060">
    <ele>3525.4</ele>
    <time>2026-10-04T17:05:14Z</time>
   </trkpt>
   <trkpt lat="41.3530070" lon="-106.3285930">
    <ele>3525.5</ele>
    <time>2026-10-04T17:05:15Z</time>
   </trkpt>
   <trkpt lat="41.3530030" lon="-106.3285690">
    <ele>3525.6</ele>
    <time>2026-10-04T17:05:16Z</time>
   </trkpt>
   <trkpt lat="41.3529920" lon="-106.3285640">
    <ele>3525.7</ele>
    <time>2026-10-04T17:05:17Z</time>
   </trkpt>
   <trkpt lat="41.3529800" lon="-106.3285650">
    <ele>3525.8</ele>
    <time>2026-10-04T17:05:18Z</time>
   </trkpt>
   <trkpt lat="41.3529600" lon="-106.3285580">
    <ele>3525.9</ele>
    <time>2026-10-04T17:05:19Z</time>
   </trkpt>
   <trkpt lat="41.3529540" lon="-106.3285400">
    <ele>3526.0</ele>
    <time>2026-10-04T17:05:20Z</time>
   </trkpt>
   <trkpt lat="41.3529500" lon="-106.3285240">
    <ele>3526.1</ele>
    <time>2026-10-04T17:05:21Z</time>
   </trkpt>
   <trkpt lat="41.3529410" lon="-106.3285100">
    <ele>3526.1</ele>
    <time>2026-10-04T17:05:22Z</time>
   </trkpt>
   <trkpt lat="41.3529390" lon="-106.3284870">
    <ele>3526.3</ele>
    <time>2026-10-04T17:05:23Z</time>
   </trkpt>
   <trkpt lat="41.3529360" lon="-106.3284750">
    <ele>3526.3</ele>
    <time>2026-10-04T17:05:24Z</time>
   </trkpt>
   <trkpt lat="41.3529450" lon="-106.3284540">
    <ele>3526.4</ele>
    <time>2026-10-04T17:05:25Z</time>
   </trkpt>
   <trkpt lat="41.3529410" lon="-106.3284400">
    <ele>3526.5</ele>
    <time>2026-10-04T17:05:26Z</time>
   </trkpt>
   <trkpt lat="41.3529360" lon="-106.3284220">
    <ele>3526.6</ele>
    <time>2026-10-04T17:05:27Z</time>
   </trkpt>
   <trkpt lat="41.3529400" lon="-106.3284050">
    <ele>3526.7</ele>
    <time>2026-10-04T17:05:28Z</time>
   </trkpt>
   <trkpt lat="41.3529350" lon="-106.3283850">
    <ele>3526.7</ele>
    <time>2026-10-04T17:05:29Z</time>
   </trkpt>
   <trkpt lat="41.3529350" lon="-106.3283800">
    <ele>3526.8</ele>
    <time>2026-10-04T17:05:30Z</time>
   </trkpt>
   <trkpt lat="41.3529180" lon="-106.3283620">
    <ele>3526.9</ele>
    <time>2026-10-04T17:05:31Z</time>
   </trkpt>
   <trkpt lat="41.3529010" lon="-106.3283620">
    <ele>3526.9</ele>
    <time>2026-10-04T17:05:32Z</time>
   </trkpt>
   <trkpt lat="41.3528920" lon="-106.3283540">
    <ele>3527.0</ele>
    <time>2026-10-04T17:05:33Z</time>
   </trkpt>
   <trkpt lat="41.3528760" lon="-106.3283410">
    <ele>3527.1</ele>
    <time>2026-10-04T17:05:34Z</time>
   </trkpt>
   <trkpt lat="41.3528720" lon="-106.3283360">
    <ele>3527.1</ele>
    <time>2026-10-04T17:05:35Z</time>
   </trkpt>
   <trkpt lat="41.3528610" lon="-106.3283450">
    <ele>3527.1</ele>
    <time>2026-10-04T17:05:36Z</time>
   </trkpt>
   <trkpt lat="41.3528480" lon="-106.3283410">
    <ele>3527.2</ele>
    <time>2026-10-04T17:05:37Z</time>
   </trkpt>
   <trkpt lat="41.3528340" lon="-106.3283250">
    <ele>3527.2</ele>
    <time>2026-10-04T17:05:38Z</time>
   </trkpt>
   <trkpt lat="41.3528160" lon="-106.3283280">
    <ele>3527.3</ele>
    <time>2026-10-04T17:05:39Z</time>
   </trkpt>
   <trkpt lat="41.3528000" lon="-106.3283150">
    <ele>3527.3</ele>
    <time>2026-10-04T17:05:40Z</time>
   </trkpt>
   <trkpt lat="41.3527830" lon="-106.3283150">
    <ele>3527.4</ele>
    <time>2026-10-04T17:05:41Z</time>
   </trkpt>
   <trkpt lat="41.3527700" lon="-106.3283080">
    <ele>3527.4</ele>
    <time>2026-10-04T17:05:42Z</time>
   </trkpt>
   <trkpt lat="41.3527580" lon="-106.3283000">
    <ele>3527.4</ele>
    <time>2026-10-04T17:05:43Z</time>
   </trkpt>
   <trkpt lat="41.3527440" lon="-106.3282800">
    <ele>3527.4</ele>
    <time>2026-10-04T17:05:44Z</time>
   </trkpt>
   <trkpt lat="41.3527280" lon="-106.3282660">
    <ele>3527.5</ele>
    <time>2026-10-04T17:05:45Z</time>
   </trkpt>
   <trkpt lat="41.3527210" lon="-106.3282440">
    <ele>3527.5</ele>
    <time>2026-10-04T17:05:46Z</time>
   </trkpt>
   <trkpt lat="41.3527130" lon="-106.3282320">
    <ele>3527.5</ele>
    <time>2026-10-04T17:05:47Z</time>
   </trkpt>
   <trkpt lat="41.3527080" lon="-106.3282140">
    <ele>3527.5</ele>
    <time>2026-10-04T17:05:48Z</time>
   </trkpt>
   <trkpt lat="41.3526920" lon="-106.3282150">
    <ele>3527.5</ele>
    <time>2026-10-04T17:05:49Z</time>
   </trkpt>
   <trkpt lat="41.3526740" lon="-106.3282180">
    <ele>3527.5</ele>
    <time>2026-10-04T17:05:50Z</time>
   </trkpt>
   <trkpt lat="41.3526610" lon="-106.3282150">
    <ele>3527.5</ele>
    <time>2026-10-04T17:05:51Z</time>
   </trkpt>
   <trkpt lat="41.3526420" lon="-106.3282220">
    <ele>3527.4</ele>
    <time>2026-10-04T17:05:52Z</time>
   </trkpt>
   <trkpt lat="41.3526340" lon="-106.3282130">
    <ele>3527.4</ele>
    <time>2026-10-04T17:05:53Z</time>
   </trkpt>
   <trkpt lat="41.3526200" lon="-106.3282090">
    <ele>3527.4</ele>
    <time>2026-10-04T17:05:54Z</time>
   </trkpt>
   <trkpt lat="41.3526080" lon="-106.3282120">
    <ele>3527.4</ele>
    <time>2026-10-04T17:05:56Z</time>
   </trkpt>
   <trkpt lat="41.3525920" lon="-106.3282110">
    <ele>3527.3</ele>
    <time>2026-10-04T17:05:57Z</time>
   </trkpt>
   <trkpt lat="41.3525820" lon="-106.3282130">
    <ele>3527.3</ele>
    <time>2026-10-04T17:05:58Z</time>
   </trkpt>
   <trkpt lat="41.3525690" lon="-106.3282140">
    <ele>3527.3</ele>
    <time>2026-10-04T17:05:59Z</time>
   </trkpt>
   <trkpt lat="41.3525530" lon="-106.3282160">
    <ele>3527.3</ele>
    <time>2026-10-04T17:06:00Z</time>
   </trkpt>
   <trkpt lat="41.3525430" lon="-106.3282220">
    <ele>3527.2</ele>
    <time>2026-10-04T17:06:01Z</time>
   </trkpt>
   <trkpt lat="41.3525310" lon="-106.3282220">
    <ele>3527.2</ele>
    <time>2026-10-04T17:06:02Z</time>
   </trkpt>
   <trkpt lat="41.3525170" lon="-106.3282130">
    <ele>3527.2</ele>
    <time>2026-10-04T17:06:03Z</time>
   </trkpt>
   <trkpt lat="41.3525020" lon="-106.3282040">
    <ele>3527.1</ele>
    <time>2026-10-04T17:06:04Z</time>
   </trkpt>
   <trkpt lat="41.3524970" lon="-106.3281760">
    <ele>3527.1</ele>
    <time>2026-10-04T17:06:05Z</time>
   </trkpt>
   <trkpt lat="41.3525020" lon="-106.3281340">
    <ele>3527.5</ele>
    <time>2026-10-04T17:06:06Z</time>
   </trkpt>
   <trkpt lat="41.3525090" lon="-106.3281120">
    <ele>3527.9</ele>
    <time>2026-10-04T17:06:07Z</time>
   </trkpt>
   <trkpt lat="41.3525270" lon="-106.3280850">
    <ele>3528.4</ele>
    <time>2026-10-04T17:06:08Z</time>
   </trkpt>
   <trkpt lat="41.3525370" lon="-106.3280680">
    <ele>3528.4</ele>
    <time>2026-10-04T17:06:09Z</time>
   </trkpt>
   <trkpt lat="41.3525290" lon="-106.3280610">
    <ele>3528.3</ele>
    <time>2026-10-04T17:06:10Z</time>
   </trkpt>
   <trkpt lat="41.3525210" lon="-106.3280580">
    <ele>3528.2</ele>
    <time>2026-10-04T17:06:11Z</time>
   </trkpt>
   <trkpt lat="41.3525220" lon="-106.3280490">
    <ele>3528.2</ele>
    <time>2026-10-04T17:06:12Z</time>
   </trkpt>
   <trkpt lat="41.3525240" lon="-106.3280330">
    <ele>3528.7</ele>
    <time>2026-10-04T17:06:13Z</time>
   </trkpt>
   <trkpt lat="41.3525240" lon="-106.3280190">
    <ele>3528.7</ele>
    <time>2026-10-04T17:06:14Z</time>
   </trkpt>
   <trkpt lat="41.3525170" lon="-106.3280010">
    <ele>3529.0</ele>
    <time>2026-10-04T17:06:15Z</time>
   </trkpt>
   <trkpt lat="41.3525120" lon="-106.3279880">
    <ele>3529.0</ele>
    <time>2026-10-04T17:06:16Z</time>
   </trkpt>
   <trkpt lat="41.3525120" lon="-106.3279690">
    <ele>3529.0</ele>
    <time>2026-10-04T17:06:17Z</time>
   </trkpt>
   <trkpt lat="41.3525190" lon="-106.3279530">
    <ele>3529.4</ele>
    <time>2026-10-04T17:06:18Z</time>
   </trkpt>
   <trkpt lat="41.3525280" lon="-106.3279540">
    <ele>3529.5</ele>
    <time>2026-10-04T17:06:19Z</time>
   </trkpt>
   <trkpt lat="41.3525260" lon="-106.3279350">
    <ele>3529.5</ele>
    <time>2026-10-04T17:06:20Z</time>
   </trkpt>
   <trkpt lat="41.3525300" lon="-106.3279300">
    <ele>3529.5</ele>
    <time>2026-10-04T17:06:21Z</time>
   </trkpt>
   <trkpt lat="41.3525280" lon="-106.3279130">
    <ele>3529.9</ele>
    <time>2026-10-04T17:06:22Z</time>
   </trkpt>
   <trkpt lat="41.3525300" lon="-106.3278950">
    <ele>3529.9</ele>
    <time>2026-10-04T17:06:23Z</time>
   </trkpt>
   <trkpt lat="41.3525310" lon="-106.3278860">
    <ele>3529.9</ele>
    <time>2026-10-04T17:06:24Z</time>
   </trkpt>
   <trkpt lat="41.3525220" lon="-106.3278650">
    <ele>3530.1</ele>
    <time>2026-10-04T17:06:25Z</time>
   </trkpt>
   <trkpt lat="41.3525230" lon="-106.3278710">
    <ele>3530.1</ele>
    <time>2026-10-04T17:06:26Z</time>
   </trkpt>
   <trkpt lat="41.3525280" lon="-106.3278580">
    <ele>3530.2</ele>
    <time>2026-10-04T17:06:27Z</time>
   </trkpt>
   <trkpt lat="41.3525160" lon="-106.3278440">
    <ele>3530.1</ele>
    <time>2026-10-04T17:06:28Z</time>
   </trkpt>
   <trkpt lat="41.3525110" lon="-106.3278350">
    <ele>3530.0</ele>
    <time>2026-10-04T17:06:29Z</time>
   </trkpt>
   <trkpt lat="41.3525040" lon="-106.3278090">
    <ele>3530.4</ele>
    <time>2026-10-04T17:06:30Z</time>
   </trkpt>
   <trkpt lat="41.3525020" lon="-106.3278080">
    <ele>3530.4</ele>
    <time>2026-10-04T17:06:31Z</time>
   </trkpt>
   <trkpt lat="41.3525080" lon="-106.3277810">
    <ele>3530.8</ele>
    <time>2026-10-04T17:06:32Z</time>
   </trkpt>
   <trkpt lat="41.3525010" lon="-106.3277700">
    <ele>3530.8</ele>
    <time>2026-10-04T17:06:33Z</time>
   </trkpt>
   <trkpt lat="41.3524840" lon="-106.3277560">
    <ele>3530.6</ele>
    <time>2026-10-04T17:06:34Z</time>
   </trkpt>
   <trkpt lat="41.3524850" lon="-106.3277510">
    <ele>3530.6</ele>
    <time>2026-10-04T17:06:35Z</time>
   </trkpt>
   <trkpt lat="41.3524790" lon="-106.3277420">
    <ele>3531.0</ele>
    <time>2026-10-04T17:06:36Z</time>
   </trkpt>
   <trkpt lat="41.3524820" lon="-106.3277460">
    <ele>3530.6</ele>
    <time>2026-10-04T17:06:37Z</time>
   </trkpt>
   <trkpt lat="41.3524680" lon="-106.3277430">
    <ele>3531.0</ele>
    <time>2026-10-04T17:06:38Z</time>
   </trkpt>
   <trkpt lat="41.3524610" lon="-106.3277380">
    <ele>3531.0</ele>
    <time>2026-10-04T17:06:39Z</time>
   </trkpt>
   <trkpt lat="41.3524500" lon="-106.3277320">
    <ele>3530.8</ele>
    <time>2026-10-04T17:06:40Z</time>
   </trkpt>
   <trkpt lat="41.3524320" lon="-106.3277280">
    <ele>3530.8</ele>
    <time>2026-10-04T17:06:41Z</time>
   </trkpt>
   <trkpt lat="41.3524240" lon="-106.3277160">
    <ele>3530.6</ele>
    <time>2026-10-04T17:06:42Z</time>
   </trkpt>
   <trkpt lat="41.3524200" lon="-106.3277150">
    <ele>3530.6</ele>
    <time>2026-10-04T17:06:43Z</time>
   </trkpt>
   <trkpt lat="41.3524080" lon="-106.3277000">
    <ele>3531.0</ele>
    <time>2026-10-04T17:06:44Z</time>
   </trkpt>
   <trkpt lat="41.3524040" lon="-106.3276770">
    <ele>3531.0</ele>
    <time>2026-10-04T17:06:45Z</time>
   </trkpt>
   <trkpt lat="41.3524070" lon="-106.3276600">
    <ele>3531.0</ele>
    <time>2026-10-04T17:06:46Z</time>
   </trkpt>
   <trkpt lat="41.3524060" lon="-106.3276450">
    <ele>3531.4</ele>
    <time>2026-10-04T17:06:47Z</time>
   </trkpt>
   <trkpt lat="41.3524010" lon="-106.3276220">
    <ele>3531.4</ele>
    <time>2026-10-04T17:06:48Z</time>
   </trkpt>
   <trkpt lat="41.3523920" lon="-106.3276040">
    <ele>3531.6</ele>
    <time>2026-10-04T17:06:49Z</time>
   </trkpt>
   <trkpt lat="41.3523900" lon="-106.3275860">
    <ele>3531.6</ele>
    <time>2026-10-04T17:06:50Z</time>
   </trkpt>
   <trkpt lat="41.3523880" lon="-106.3275690">
    <ele>3532.0</ele>
    <time>2026-10-04T17:06:51Z</time>
   </trkpt>
   <trkpt lat="41.3523830" lon="-106.3275570">
    <ele>3532.0</ele>
    <time>2026-10-04T17:06:52Z</time>
   </trkpt>
   <trkpt lat="41.3523760" lon="-106.3275550">
    <ele>3531.9</ele>
    <time>2026-10-04T17:06:53Z</time>
   </trkpt>
   <trkpt lat="41.3523690" lon="-106.3275530">
    <ele>3531.9</ele>
    <time>2026-10-04T17:06:54Z</time>
   </trkpt>
   <trkpt lat="41.3523710" lon="-106.3275340">
    <ele>3531.9</ele>
    <time>2026-10-04T17:06:55Z</time>
   </trkpt>
   <trkpt lat="41.3523630" lon="-106.3275280">
    <ele>3532.3</ele>
    <time>2026-10-04T17:06:56Z</time>
   </trkpt>
   <trkpt lat="41.3523550" lon="-106.3275140">
    <ele>3532.1</ele>
    <time>2026-10-04T17:06:57Z</time>
   </trkpt>
   <trkpt lat="41.3523480" lon="-106.3274810">
    <ele>3532.5</ele>
    <time>2026-10-04T17:06:58Z</time>
   </trkpt>
   <trkpt lat="41.3523440" lon="-106.3274720">
    <ele>3532.5</ele>
    <time>2026-10-04T17:06:59Z</time>
   </trkpt>
   <trkpt lat="41.3523390" lon="-106.3274640">
    <ele>3532.5</ele>
    <time>2026-10-04T17:07:00Z</time>
   </trkpt>
   <trkpt lat="41.3523360" lon="-106.3274480">
    <ele>3532.4</ele>
    <time>2026-10-04T17:07:01Z</time>
   </trkpt>
   <trkpt lat="41.3523330" lon="-106.3274360">
    <ele>3532.8</ele>
    <time>2026-10-04T17:07:02Z</time>
   </trkpt>
   <trkpt lat="41.3523330" lon="-106.3274180">
    <ele>3532.8</ele>
    <time>2026-10-04T17:07:03Z</time>
   </trkpt>
   <trkpt lat="41.3523310" lon="-106.3274060">
    <ele>3532.8</ele>
    <time>2026-10-04T17:07:04Z</time>
   </trkpt>
   <trkpt lat="41.3523210" lon="-106.3273930">
    <ele>3533.0</ele>
    <time>2026-10-04T17:07:05Z</time>
   </trkpt>
   <trkpt lat="41.3523060" lon="-106.3273920">
    <ele>3533.0</ele>
    <time>2026-10-04T17:07:06Z</time>
   </trkpt>
   <trkpt lat="41.3522960" lon="-106.3273970">
    <ele>3532.8</ele>
    <time>2026-10-04T17:07:07Z</time>
   </trkpt>
   <trkpt lat="41.3522850" lon="-106.3273940">
    <ele>3532.8</ele>
    <time>2026-10-04T17:07:08Z</time>
   </trkpt>
   <trkpt lat="41.3522730" lon="-106.3274010">
    <ele>3532.3</ele>
    <time>2026-10-04T17:07:09Z</time>
   </trkpt>
   <trkpt lat="41.3522550" lon="-106.3274120">
    <ele>3532.2</ele>
    <time>2026-10-04T17:07:10Z</time>
   </trkpt>
   <trkpt lat="41.3522530" lon="-106.3274310">
    <ele>3532.1</ele>
    <time>2026-10-04T17:07:11Z</time>
   </trkpt>
   <trkpt lat="41.3522360" lon="-106.3274370">
    <ele>3532.1</ele>
    <time>2026-10-04T17:07:12Z</time>
   </trkpt>
   <trkpt lat="41.3522320" lon="-106.3274340">
    <ele>3531.9</ele>
    <time>2026-10-04T17:07:13Z</time>
   </trkpt>
   <trkpt lat="41.3522190" lon="-106.3274280">
    <ele>3531.9</ele>
    <time>2026-10-04T17:07:14Z</time>
   </trkpt>
   <trkpt lat="41.3522160" lon="-106.3274380">
    <ele>3531.9</ele>
    <time>2026-10-04T17:07:15Z</time>
   </trkpt>
   <trkpt lat="41.3522090" lon="-106.3274410">
    <ele>3531.9</ele>
    <time>2026-10-04T17:07:16Z</time>
   </trkpt>
   <trkpt lat="41.3522010" lon="-106.3274470">
    <ele>3531.3</ele>
    <time>2026-10-04T17:07:17Z</time>
   </trkpt>
   <trkpt lat="41.3521900" lon="-106.3274430">
    <ele>3531.6</ele>
    <time>2026-10-04T17:07:18Z</time>
   </trkpt>
   <trkpt lat="41.3521690" lon="-106.3274580">
    <ele>3531.2</ele>
    <time>2026-10-04T17:07:19Z</time>
   </trkpt>
   <trkpt lat="41.3521570" lon="-106.3274620">
    <ele>3531.0</ele>
    <time>2026-10-04T17:07:20Z</time>
   </trkpt>
   <trkpt lat="41.3521490" lon="-106.3274550">
    <ele>3531.0</ele>
    <time>2026-10-04T17:07:21Z</time>
   </trkpt>
   <trkpt lat="41.3521570" lon="-106.3274390">
    <ele>3531.3</ele>
    <time>2026-10-04T17:07:22Z</time>
   </trkpt>
   <trkpt lat="41.3521490" lon="-106.3274390">
    <ele>3531.3</ele>
    <time>2026-10-04T17:07:23Z</time>
   </trkpt>
   <trkpt lat="41.3521340" lon="-106.3274250">
    <ele>3531.0</ele>
    <time>2026-10-04T17:07:24Z</time>
   </trkpt>
   <trkpt lat="41.3521340" lon="-106.3274270">
    <ele>3531.0</ele>
    <time>2026-10-04T17:07:25Z</time>
   </trkpt>
   <trkpt lat="41.3521260" lon="-106.3274250">
    <ele>3531.0</ele>
    <time>2026-10-04T17:07:26Z</time>
   </trkpt>
   <trkpt lat="41.3521160" lon="-106.3274180">
    <ele>3531.0</ele>
    <time>2026-10-04T17:07:27Z</time>
   </trkpt>
   <trkpt lat="41.3521060" lon="-106.3274140">
    <ele>3531.0</ele>
    <time>2026-10-04T17:07:28Z</time>
   </trkpt>
   <trkpt lat="41.3520830" lon="-106.3274160">
    <ele>3530.6</ele>
    <time>2026-10-04T17:07:29Z</time>
   </trkpt>
   <trkpt lat="41.3520770" lon="-106.3274420">
    <ele>3530.6</ele>
    <time>2026-10-04T17:07:30Z</time>
   </trkpt>
   <trkpt lat="41.3520730" lon="-106.3274680">
    <ele>3530.3</ele>
    <time>2026-10-04T17:07:31Z</time>
   </trkpt>
   <trkpt lat="41.3520710" lon="-106.3274890">
    <ele>3529.5</ele>
    <time>2026-10-04T17:07:32Z</time>
   </trkpt>
   <trkpt lat="41.3520690" lon="-106.3275030">
    <ele>3529.5</ele>
    <time>2026-10-04T17:07:33Z</time>
   </trkpt>
   <trkpt lat="41.3520580" lon="-106.3275130">
    <ele>3529.5</ele>
    <time>2026-10-04T17:07:34Z</time>
   </trkpt>
   <trkpt lat="41.3520560" lon="-106.3275140">
    <ele>3529.4</ele>
    <time>2026-10-04T17:07:35Z</time>
   </trkpt>
   <trkpt lat="41.3520420" lon="-106.3275130">
    <ele>3529.4</ele>
    <time>2026-10-04T17:07:36Z</time>
   </trkpt>
   <trkpt lat="41.3520300" lon="-106.3275240">
    <ele>3529.1</ele>
    <time>2026-10-04T17:07:37Z</time>
   </trkpt>
   <trkpt lat="41.3520240" lon="-106.3275340">
    <ele>3528.8</ele>
    <time>2026-10-04T17:07:38Z</time>
   </trkpt>
   <trkpt lat="41.3520100" lon="-106.3275560">
    <ele>3528.7</ele>
    <time>2026-10-04T17:07:39Z</time>
   </trkpt>
   <trkpt lat="41.3520030" lon="-106.3275550">
    <ele>3528.4</ele>
    <time>2026-10-04T17:07:40Z</time>
   </trkpt>
   <trkpt lat="41.3519850" lon="-106.3275780">
    <ele>3528.2</ele>
    <time>2026-10-04T17:07:41Z</time>
   </trkpt>
   <trkpt lat="41.3519720" lon="-106.3275840">
    <ele>3527.9</ele>
    <time>2026-10-04T17:07:42Z</time>
   </trkpt>
   <trkpt lat="41.3519560" lon="-106.3275860">
    <ele>3527.9</ele>
    <time>2026-10-04T17:07:43Z</time>
   </trkpt>
   <trkpt lat="41.3519430" lon="-106.3275920">
    <ele>3527.6</ele>
    <time>2026-10-04T17:07:44Z</time>
   </trkpt>
   <trkpt lat="41.3519330" lon="-106.3275950">
    <ele>3527.5</ele>
    <time>2026-10-04T17:07:45Z</time>
   </trkpt>
   <trkpt lat="41.3519090" lon="-106.3276160">
    <ele>3527.0</ele>
    <time>2026-10-04T17:07:46Z</time>
   </trkpt>
   <trkpt lat="41.3518970" lon="-106.3276150">
    <ele>3527.0</ele>
    <time>2026-10-04T17:07:47Z</time>
   </trkpt>
   <trkpt lat="41.3518870" lon="-106.3276420">
    <ele>3527.0</ele>
    <time>2026-10-04T17:07:48Z</time>
   </trkpt>
   <trkpt lat="41.3518740" lon="-106.3276530">
    <ele>3526.7</ele>
    <time>2026-10-04T17:07:49Z</time>
   </trkpt>
   <trkpt lat="41.3518630" lon="-106.3276720">
    <ele>3526.5</ele>
    <time>2026-10-04T17:07:50Z</time>
   </trkpt>
   <trkpt lat="41.3518510" lon="-106.3276870">
    <ele>3526.5</ele>
    <time>2026-10-04T17:07:51Z</time>
   </trkpt>
   <trkpt lat="41.3518380" lon="-106.3276930">
    <ele>3526.2</ele>
    <time>2026-10-04T17:07:52Z</time>
   </trkpt>
   <trkpt lat="41.3518260" lon="-106.3277040">
    <ele>3525.9</ele>
    <time>2026-10-04T17:07:53Z</time>
   </trkpt>
   <trkpt lat="41.3518140" lon="-106.3277130">
    <ele>3525.7</ele>
    <time>2026-10-04T17:07:54Z</time>
   </trkpt>
   <trkpt lat="41.3518050" lon="-106.3277180">
    <ele>3525.6</ele>
    <time>2026-10-04T17:07:55Z</time>
   </trkpt>
   <trkpt lat="41.3517910" lon="-106.3277320">
    <ele>3525.6</ele>
    <time>2026-10-04T17:07:56Z</time>
   </trkpt>
   <trkpt lat="41.3517740" lon="-106.3277480">
    <ele>3525.1</ele>
    <time>2026-10-04T17:07:57Z</time>
   </trkpt>
   <trkpt lat="41.3517710" lon="-106.3277670">
    <ele>3525.1</ele>
    <time>2026-10-04T17:07:58Z</time>
   </trkpt>
   <trkpt lat="41.3517780" lon="-106.3277940">
    <ele>3524.8</ele>
    <time>2026-10-04T17:07:59Z</time>
   </trkpt>
   <trkpt lat="41.3517490" lon="-106.3277980">
    <ele>3524.6</ele>
    <time>2026-10-04T17:08:00Z</time>
   </trkpt>
   <trkpt lat="41.3517400" lon="-106.3277990">
    <ele>3524.6</ele>
    <time>2026-10-04T17:08:02Z</time>
   </trkpt>
   <trkpt lat="41.3517350" lon="-106.3278080">
    <ele>3524.6</ele>
    <time>2026-10-04T17:08:03Z</time>
   </trkpt>
   <trkpt lat="41.3517260" lon="-106.3278160">
    <ele>3524.6</ele>
    <time>2026-10-04T17:08:04Z</time>
   </trkpt>
   <trkpt lat="41.3517360" lon="-106.3278270">
    <ele>3524.5</ele>
    <time>2026-10-04T17:08:05Z</time>
   </trkpt>
   <trkpt lat="41.3517410" lon="-106.3278450">
    <ele>3524.3</ele>
    <time>2026-10-04T17:08:06Z</time>
   </trkpt>
   <trkpt lat="41.3517600" lon="-106.3278550">
    <ele>3524.5</ele>
    <time>2026-10-04T17:08:07Z</time>
   </trkpt>
   <trkpt lat="41.3517480" lon="-106.3278760">
    <ele>3524.0</ele>
    <time>2026-10-04T17:08:08Z</time>
   </trkpt>
   <trkpt lat="41.3517390" lon="-106.3278930">
    <ele>3524.0</ele>
    <time>2026-10-04T17:08:09Z</time>
   </trkpt>
   <trkpt lat="41.3517270" lon="-106.3279060">
    <ele>3524.0</ele>
    <time>2026-10-04T17:08:10Z</time>
   </trkpt>
   <trkpt lat="41.3517280" lon="-106.3279220">
    <ele>3523.7</ele>
    <time>2026-10-04T17:08:11Z</time>
   </trkpt>
   <trkpt lat="41.3517210" lon="-106.3279350">
    <ele>3523.7</ele>
    <time>2026-10-04T17:08:12Z</time>
   </trkpt>
   <trkpt lat="41.3517180" lon="-106.3279460">
    <ele>3523.6</ele>
    <time>2026-10-04T17:08:13Z</time>
   </trkpt>
   <trkpt lat="41.3517190" lon="-106.3279700">
    <ele>3523.3</ele>
    <time>2026-10-04T17:08:14Z</time>
   </trkpt>
   <trkpt lat="41.3517060" lon="-106.3279910">
    <ele>3523.1</ele>
    <time>2026-10-04T17:08:15Z</time>
   </trkpt>
   <trkpt lat="41.3517220" lon="-106.3280130">
    <ele>3523.0</ele>
    <time>2026-10-04T17:08:16Z</time>
   </trkpt>
   <trkpt lat="41.3517240" lon="-106.3280320">
    <ele>3523.0</ele>
    <time>2026-10-04T17:08:17Z</time>
   </trkpt>
   <trkpt lat="41.3517340" lon="-106.3280470">
    <ele>3522.6</ele>
    <time>2026-10-04T17:08:18Z</time>
   </trkpt>
   <trkpt lat="41.3517440" lon="-106.3280630">
    <ele>3522.6</ele>
    <time>2026-10-04T17:08:19Z</time>
   </trkpt>
   <trkpt lat="41.3517270" lon="-106.3280830">
    <ele>3522.5</ele>
    <time>2026-10-04T17:08:20Z</time>
   </trkpt>
   <trkpt lat="41.3517310" lon="-106.3281040">
    <ele>3522.4</ele>
    <time>2026-10-04T17:08:21Z</time>
   </trkpt>
   <trkpt lat="41.3517170" lon="-106.3281180">
    <ele>3522.3</ele>
    <time>2026-10-04T17:08:22Z</time>
   </trkpt>
   <trkpt lat="41.3517030" lon="-106.3281330">
    <ele>3522.2</ele>
    <time>2026-10-04T17:08:23Z</time>
   </trkpt>
   <trkpt lat="41.3516860" lon="-106.3281420">
    <ele>3522.2</ele>
    <time>2026-10-04T17:08:24Z</time>
   </trkpt>
   <trkpt lat="41.3516590" lon="-106.3281330">
    <ele>3522.0</ele>
    <time>2026-10-04T17:08:25Z</time>
   </trkpt>
   <trkpt lat="41.3516340" lon="-106.3280980">
    <ele>3521.9</ele>
    <time>2026-10-04T17:08:26Z</time>
   </trkpt>
   <trkpt lat="41.3516150" lon="-106.3280830">
    <ele>3521.8</ele>
    <time>2026-10-04T17:08:27Z</time>
   </trkpt>
   <trkpt lat="41.3515950" lon="-106.3280740">
    <ele>3521.8</ele>
    <time>2026-10-04T17:08:28Z</time>
   </trkpt>
   <trkpt lat="41.3515760" lon="-106.3280650">
    <ele>3521.7</ele>
    <time>2026-10-04T17:08:29Z</time>
   </trkpt>
   <trkpt lat="41.3515620" lon="-106.3280760">
    <ele>3521.7</ele>
    <time>2026-10-04T17:08:30Z</time>
   </trkpt>
   <trkpt lat="41.3515420" lon="-106.3280980">
    <ele>3521.6</ele>
    <time>2026-10-04T17:08:31Z</time>
   </trkpt>
   <trkpt lat="41.3515250" lon="-106.3281010">
    <ele>3521.6</ele>
    <time>2026-10-04T17:08:32Z</time>
   </trkpt>
   <trkpt lat="41.3515080" lon="-106.3280960">
    <ele>3521.5</ele>
    <time>2026-10-04T17:08:33Z</time>
   </trkpt>
   <trkpt lat="41.3514870" lon="-106.3281040">
    <ele>3521.4</ele>
    <time>2026-10-04T17:08:34Z</time>
   </trkpt>
   <trkpt lat="41.3514670" lon="-106.3281070">
    <ele>3521.4</ele>
    <time>2026-10-04T17:08:35Z</time>
   </trkpt>
   <trkpt lat="41.3514510" lon="-106.3281060">
    <ele>3521.3</ele>
    <time>2026-10-04T17:08:36Z</time>
   </trkpt>
   <trkpt lat="41.3514370" lon="-106.3281080">
    <ele>3521.3</ele>
    <time>2026-10-04T17:08:37Z</time>
   </trkpt>
   <trkpt lat="41.3514250" lon="-106.3281100">
    <ele>3521.2</ele>
    <time>2026-10-04T17:08:38Z</time>
   </trkpt>
   <trkpt lat="41.3514050" lon="-106.3281090">
    <ele>3521.2</ele>
    <time>2026-10-04T17:08:39Z</time>
   </trkpt>
   <trkpt lat="41.3513900" lon="-106.3281170">
    <ele>3521.1</ele>
    <time>2026-10-04T17:08:40Z</time>
   </trkpt>
   <trkpt lat="41.3513800" lon="-106.3281370">
    <ele>3521.0</ele>
    <time>2026-10-04T17:08:41Z</time>
   </trkpt>
   <trkpt lat="41.3513710" lon="-106.3281650">
    <ele>3520.9</ele>
    <time>2026-10-04T17:08:42Z</time>
   </trkpt>
   <trkpt lat="41.3513660" lon="-106.3281840">
    <ele>3520.9</ele>
    <time>2026-10-04T17:08:43Z</time>
   </trkpt>
   <trkpt lat="41.3513590" lon="-106.3281990">
    <ele>3520.8</ele>
    <time>2026-10-04T17:08:44Z</time>
   </trkpt>
   <trkpt lat="41.3513650" lon="-106.3282220">
    <ele>3520.7</ele>
    <time>2026-10-04T17:08:45Z</time>
   </trkpt>
   <trkpt lat="41.3513850" lon="-106.3282710">
    <ele>3520.5</ele>
    <time>2026-10-04T17:08:46Z</time>
   </trkpt>
   <trkpt lat="41.3513720" lon="-106.3282960">
    <ele>3520.4</ele>
    <time>2026-10-04T17:08:47Z</time>
   </trkpt>
   <trkpt lat="41.3513710" lon="-106.3283080">
    <ele>3520.4</ele>
    <time>2026-10-04T17:08:48Z</time>
   </trkpt>
   <trkpt lat="41.3513550" lon="-106.3283240">
    <ele>3520.3</ele>
    <time>2026-10-04T17:08:49Z</time>
   </trkpt>
   <trkpt lat="41.3513540" lon="-106.3283300">
    <ele>3520.3</ele>
    <time>2026-10-04T17:08:50Z</time>
   </trkpt>
   <trkpt lat="41.3513480" lon="-106.3283460">
    <ele>3520.2</ele>
    <time>2026-10-04T17:08:51Z</time>
   </trkpt>
   <trkpt lat="41.3513290" lon="-106.3283440">
    <ele>3520.1</ele>
    <time>2026-10-04T17:08:52Z</time>
   </trkpt>
   <trkpt lat="41.3513240" lon="-106.3283550">
    <ele>3520.1</ele>
    <time>2026-10-04T17:08:53Z</time>
   </trkpt>
   <trkpt lat="41.3513090" lon="-106.3283680">
    <ele>3520.0</ele>
    <time>2026-10-04T17:08:54Z</time>
   </trkpt>
   <trkpt lat="41.3512880" lon="-106.3283720">
    <ele>3519.9</ele>
    <time>2026-10-04T17:08:55Z</time>
   </trkpt>
   <trkpt lat="41.3512730" lon="-106.3283910">
    <ele>3519.9</ele>
    <time>2026-10-04T17:08:56Z</time>
   </trkpt>
   <trkpt lat="41.3512580" lon="-106.3284060">
    <ele>3519.8</ele>
    <time>2026-10-04T17:08:57Z</time>
   </trkpt>
   <trkpt lat="41.3512490" lon="-106.3284140">
    <ele>3519.8</ele>
    <time>2026-10-04T17:08:58Z</time>
   </trkpt>
   <trkpt lat="41.3512460" lon="-106.3284330">
    <ele>3519.8</ele>
    <time>2026-10-04T17:08:59Z</time>
   </trkpt>
   <trkpt lat="41.3512330" lon="-106.3284450">
    <ele>3519.8</ele>
    <time>2026-10-04T17:09:00Z</time>
   </trkpt>
   <trkpt lat="41.3512170" lon="-106.3284470">
    <ele>3519.7</ele>
    <time>2026-10-04T17:09:01Z</time>
   </trkpt>
   <trkpt lat="41.3511980" lon="-106.3284460">
    <ele>3519.7</ele>
    <time>2026-10-04T17:09:02Z</time>
   </trkpt>
   <trkpt lat="41.3511780" lon="-106.3284270">
    <ele>3519.7</ele>
    <time>2026-10-04T17:09:03Z</time>
   </trkpt>
   <trkpt lat="41.3511710" lon="-106.3284170">
    <ele>3519.7</ele>
    <time>2026-10-04T17:09:04Z</time>
   </trkpt>
   <trkpt lat="41.3511640" lon="-106.3284100">
    <ele>3519.7</ele>
    <time>2026-10-04T17:09:05Z</time>
   </trkpt>
   <trkpt lat="41.3511540" lon="-106.3283990">
    <ele>3519.7</ele>
    <time>2026-10-04T17:09:06Z</time>
   </trkpt>
   <trkpt lat="41.3511450" lon="-106.3283840">
    <ele>3519.7</ele>
    <time>2026-10-04T17:09:07Z</time>
   </trkpt>
   <trkpt lat="41.3511270" lon="-106.3283820">
    <ele>3519.7</ele>
    <time>2026-10-04T17:09:08Z</time>
   </trkpt>
   <trkpt lat="41.3511100" lon="-106.3283880">
    <ele>3519.8</ele>
    <time>2026-10-04T17:09:09Z</time>
   </trkpt>
   <trkpt lat="41.3510980" lon="-106.3284000">
    <ele>3519.8</ele>
    <time>2026-10-04T17:09:10Z</time>
   </trkpt>
   <trkpt lat="41.3510820" lon="-106.3284040">
    <ele>3519.8</ele>
    <time>2026-10-04T17:09:11Z</time>
   </trkpt>
   <trkpt lat="41.3510680" lon="-106.3283990">
    <ele>3519.8</ele>
    <time>2026-10-04T17:09:12Z</time>
   </trkpt>
   <trkpt lat="41.3510560" lon="-106.3283920">
    <ele>3519.8</ele>
    <time>2026-10-04T17:09:13Z</time>
   </trkpt>
   <trkpt lat="41.3510500" lon="-106.3283650">
    <ele>3519.8</ele>
    <time>2026-10-04T17:09:14Z</time>
   </trkpt>
   <trkpt lat="41.3510380" lon="-106.3283410">
    <ele>3519.8</ele>
    <time>2026-10-04T17:09:15Z</time>
   </trkpt>
   <trkpt lat="41.3510330" lon="-106.3283280">
    <ele>3519.8</ele>
    <time>2026-10-04T17:09:16Z</time>
   </trkpt>
   <trkpt lat="41.3510210" lon="-106.3283230">
    <ele>3519.8</ele>
    <time>2026-10-04T17:09:17Z</time>
   </trkpt>
   <trkpt lat="41.3510030" lon="-106.3283250">
    <ele>3519.8</ele>
    <time>2026-10-04T17:09:18Z</time>
   </trkpt>
   <trkpt lat="41.3509900" lon="-106.3283220">
    <ele>3519.8</ele>
    <time>2026-10-04T17:09:19Z</time>
   </trkpt>
   <trkpt lat="41.3509790" lon="-106.3283350">
    <ele>3519.9</ele>
    <time>2026-10-04T17:09:20Z</time>
   </trkpt>
   <trkpt lat="41.3509660" lon="-106.3283380">
    <ele>3519.9</ele>
    <time>2026-10-04T17:09:21Z</time>
   </trkpt>
   <trkpt lat="41.3509550" lon="-106.3283380">
    <ele>3519.9</ele>
    <time>2026-10-04T17:09:22Z</time>
   </trkpt>
   <trkpt lat="41.3509430" lon="-106.3283360">
    <ele>3519.9</ele>
    <time>2026-10-04T17:09:23Z</time>
   </trkpt>
   <trkpt lat="41.3509350" lon="-106.3283300">
    <ele>3519.9</ele>
    <time>2026-10-04T17:09:24Z</time>
   </trkpt>
   <trkpt lat="41.3509280" lon="-106.3283190">
    <ele>3519.9</ele>
    <time>2026-10-04T17:09:25Z</time>
   </trkpt>
   <trkpt lat="41.3509240" lon="-106.3283010">
    <ele>3519.9</ele>
    <time>2026-10-04T17:09:26Z</time>
   </trkpt>
   <trkpt lat="41.3509120" lon="-106.3282860">
    <ele>3519.9</ele>
    <time>2026-10-04T17:09:27Z</time>
   </trkpt>
   <trkpt lat="41.3509040" lon="-106.3282740">
    <ele>3519.9</ele>
    <time>2026-10-04T17:09:28Z</time>
   </trkpt>
   <trkpt lat="41.3508940" lon="-106.3282640">
    <ele>3519.9</ele>
    <time>2026-10-04T17:09:29Z</time>
   </trkpt>
   <trkpt lat="41.3508770" lon="-106.3282690">
    <ele>3519.9</ele>
    <time>2026-10-04T17:09:30Z</time>
   </trkpt>
   <trkpt lat="41.3508640" lon="-106.3282710">
    <ele>3519.9</ele>
    <time>2026-10-04T17:09:31Z</time>
   </trkpt>
   <trkpt lat="41.3508500" lon="-106.3282750">
    <ele>3519.9</ele>
    <time>2026-10-04T17:09:32Z</time>
   </trkpt>
   <trkpt lat="41.3508360" lon="-106.3282850">
    <ele>3519.9</ele>
    <time>2026-10-04T17:09:33Z</time>
   </trkpt>
   <trkpt lat="41.3508300" lon="-106.3282930">
    <ele>3519.9</ele>
    <time>2026-10-04T17:09:34Z</time>
   </trkpt>
   <trkpt lat="41.3508180" lon="-106.3283110">
    <ele>3519.9</ele>
    <time>2026-10-04T17:09:35Z</time>
   </trkpt>
   <trkpt lat="41.3508080" lon="-106.3283210">
    <ele>3519.9</ele>
    <time>2026-10-04T17:09:36Z</time>
   </trkpt>
   <trkpt lat="41.3507990" lon="-106.3283360">
    <ele>3519.9</ele>
    <time>2026-10-04T17:09:37Z</time>
   </trkpt>
   <trkpt lat="41.3507840" lon="-106.3283340">
    <ele>3519.9</ele>
    <time>2026-10-04T17:09:38Z</time>
   </trkpt>
   <trkpt lat="41.3507720" lon="-106.3283390">
    <ele>3519.9</ele>
    <time>2026-10-04T17:09:39Z</time>
   </trkpt>
   <trkpt lat="41.3507630" lon="-106.3283490">
    <ele>3519.9</ele>
    <time>2026-10-04T17:09:40Z</time>
   </trkpt>
   <trkpt lat="41.3507550" lon="-106.3283490">
    <ele>3519.9</ele>
    <time>2026-10-04T17:09:41Z</time>
   </trkpt>
   <trkpt lat="41.3507570" lon="-106.3283470">
    <ele>3519.9</ele>
    <time>2026-10-04T17:09:42Z</time>
   </trkpt>
   <trkpt lat="41.3507470" lon="-106.3283540">
    <ele>3519.8</ele>
    <time>2026-10-04T17:09:43Z</time>
   </trkpt>
   <trkpt lat="41.3507340" lon="-106.3283620">
    <ele>3519.8</ele>
    <time>2026-10-04T17:09:44Z</time>
   </trkpt>
   <trkpt lat="41.3507300" lon="-106.3283660">
    <ele>3519.8</ele>
    <time>2026-10-04T17:09:45Z</time>
   </trkpt>
   <trkpt lat="41.3507180" lon="-106.3283750">
    <ele>3519.8</ele>
    <time>2026-10-04T17:09:46Z</time>
   </trkpt>
   <trkpt lat="41.3507040" lon="-106.3283850">
    <ele>3519.7</ele>
    <time>2026-10-04T17:09:47Z</time>
   </trkpt>
   <trkpt lat="41.3506860" lon="-106.3283930">
    <ele>3519.7</ele>
    <time>2026-10-04T17:09:48Z</time>
   </trkpt>
   <trkpt lat="41.3506710" lon="-106.3283950">
    <ele>3519.6</ele>
    <time>2026-10-04T17:09:49Z</time>
   </trkpt>
   <trkpt lat="41.3506530" lon="-106.3283940">
    <ele>3519.6</ele>
    <time>2026-10-04T17:09:50Z</time>
   </trkpt>
   <trkpt lat="41.3506430" lon="-106.3283840">
    <ele>3519.6</ele>
    <time>2026-10-04T17:09:51Z</time>
   </trkpt>
   <trkpt lat="41.3506270" lon="-106.3283860">
    <ele>3519.5</ele>
    <time>2026-10-04T17:09:52Z</time>
   </trkpt>
   <trkpt lat="41.3506150" lon="-106.3284000">
    <ele>3519.4</ele>
    <time>2026-10-04T17:09:53Z</time>
   </trkpt>
   <trkpt lat="41.3506040" lon="-106.3284000">
    <ele>3519.4</ele>
    <time>2026-10-04T17:09:54Z</time>
   </trkpt>
   <trkpt lat="41.3505890" lon="-106.3283900">
    <ele>3519.3</ele>
    <time>2026-10-04T17:09:55Z</time>
   </trkpt>
   <trkpt lat="41.3505760" lon="-106.3283940">
    <ele>3519.3</ele>
    <time>2026-10-04T17:09:56Z</time>
   </trkpt>
   <trkpt lat="41.3505620" lon="-106.3283800">
    <ele>3519.2</ele>
    <time>2026-10-04T17:09:57Z</time>
   </trkpt>
   <trkpt lat="41.3505480" lon="-106.3283800">
    <ele>3519.1</ele>
    <time>2026-10-04T17:09:58Z</time>
   </trkpt>
   <trkpt lat="41.3505320" lon="-106.3283700">
    <ele>3519.0</ele>
    <time>2026-10-04T17:09:59Z</time>
   </trkpt>
   <trkpt lat="41.3505200" lon="-106.3283780">
    <ele>3519.0</ele>
    <time>2026-10-04T17:10:00Z</time>
   </trkpt>
   <trkpt lat="41.3505060" lon="-106.3283830">
    <ele>3518.9</ele>
    <time>2026-10-04T17:10:01Z</time>
   </trkpt>
   <trkpt lat="41.3504950" lon="-106.3284060">
    <ele>3518.8</ele>
    <time>2026-10-04T17:10:02Z</time>
   </trkpt>
   <trkpt lat="41.3504870" lon="-106.3284310">
    <ele>3518.7</ele>
    <time>2026-10-04T17:10:03Z</time>
   </trkpt>
   <trkpt lat="41.3504810" lon="-106.3284370">
    <ele>3518.7</ele>
    <time>2026-10-04T17:10:04Z</time>
   </trkpt>
   <trkpt lat="41.3504790" lon="-106.3284590">
    <ele>3518.6</ele>
    <time>2026-10-04T17:10:05Z</time>
   </trkpt>
   <trkpt lat="41.3504820" lon="-106.3284810">
    <ele>3518.5</ele>
    <time>2026-10-04T17:10:06Z</time>
   </trkpt>
   <trkpt lat="41.3504840" lon="-106.3285020">
    <ele>3518.4</ele>
    <time>2026-10-04T17:10:08Z</time>
   </trkpt>
   <trkpt lat="41.3504730" lon="-106.3285150">
    <ele>3518.3</ele>
    <time>2026-10-04T17:10:09Z</time>
   </trkpt>
   <trkpt lat="41.3504590" lon="-106.3285290">
    <ele>3518.2</ele>
    <time>2026-10-04T17:10:10Z</time>
   </trkpt>
   <trkpt lat="41.3504590" lon="-106.3285440">
    <ele>3518.1</ele>
    <time>2026-10-04T17:10:11Z</time>
   </trkpt>
   <trkpt lat="41.3504560" lon="-106.3285540">
    <ele>3518.1</ele>
    <time>2026-10-04T17:10:12Z</time>
   </trkpt>
   <trkpt lat="41.3504540" lon="-106.3285680">
    <ele>3518.0</ele>
    <time>2026-10-04T17:10:13Z</time>
   </trkpt>
   <trkpt lat="41.3504500" lon="-106.3285760">
    <ele>3518.0</ele>
    <time>2026-10-04T17:10:14Z</time>
   </trkpt>
   <trkpt lat="41.3504480" lon="-106.3285890">
    <ele>3517.9</ele>
    <time>2026-10-04T17:10:15Z</time>
   </trkpt>
   <trkpt lat="41.3504400" lon="-106.3286180">
    <ele>3517.8</ele>
    <time>2026-10-04T17:10:16Z</time>
   </trkpt>
   <trkpt lat="41.3504510" lon="-106.3286310">
    <ele>3517.7</ele>
    <time>2026-10-04T17:10:17Z</time>
   </trkpt>
   <trkpt lat="41.3504540" lon="-106.3286560">
    <ele>3517.6</ele>
    <time>2026-10-04T17:10:18Z</time>
   </trkpt>
   <trkpt lat="41.3504710" lon="-106.3286750">
    <ele>3517.5</ele>
    <time>2026-10-04T17:10:19Z</time>
   </trkpt>
   <trkpt lat="41.3504640" lon="-106.3286920">
    <ele>3517.4</ele>
    <time>2026-10-04T17:10:20Z</time>
   </trkpt>
   <trkpt lat="41.3504610" lon="-106.3287140">
    <ele>3517.3</ele>
    <time>2026-10-04T17:10:21Z</time>
   </trkpt>
   <trkpt lat="41.3504510" lon="-106.3287290">
    <ele>3517.2</ele>
    <time>2026-10-04T17:10:22Z</time>
   </trkpt>
   <trkpt lat="41.3504400" lon="-106.3287460">
    <ele>3517.1</ele>
    <time>2026-10-04T17:10:23Z</time>
   </trkpt>
   <trkpt lat="41.3504420" lon="-106.3287570">
    <ele>3517.1</ele>
    <time>2026-10-04T17:10:24Z</time>
   </trkpt>
   <trkpt lat="41.3504330" lon="-106.3287590">
    <ele>3517.0</ele>
    <time>2026-10-04T17:10:25Z</time>
   </trkpt>
   <trkpt lat="41.3504220" lon="-106.3287690">
    <ele>3516.9</ele>
    <time>2026-10-04T17:10:26Z</time>
   </trkpt>
   <trkpt lat="41.3504090" lon="-106.3287790">
    <ele>3516.9</ele>
    <time>2026-10-04T17:10:27Z</time>
   </trkpt>
   <trkpt lat="41.3503990" lon="-106.3287830">
    <ele>3516.8</ele>
    <time>2026-10-04T17:10:28Z</time>
   </trkpt>
   <trkpt lat="41.3503830" lon="-106.3288060">
    <ele>3516.7</ele>
    <time>2026-10-04T17:10:29Z</time>
   </trkpt>
   <trkpt lat="41.3503900" lon="-106.3288240">
    <ele>3516.6</ele>
    <time>2026-10-04T17:10:30Z</time>
   </trkpt>
   <trkpt lat="41.3503860" lon="-106.3288330">
    <ele>3516.6</ele>
    <time>2026-10-04T17:10:31Z</time>
   </trkpt>
   <trkpt lat="41.3503700" lon="-106.3288430">
    <ele>3516.5</ele>
    <time>2026-10-04T17:10:32Z</time>
   </trkpt>
   <trkpt lat="41.3503650" lon="-106.3288480">
    <ele>3516.5</ele>
    <time>2026-10-04T17:10:33Z</time>
   </trkpt>
   <trkpt lat="41.3503540" lon="-106.3288540">
    <ele>3516.4</ele>
    <time>2026-10-04T17:10:34Z</time>
   </trkpt>
   <trkpt lat="41.3503370" lon="-106.3288770">
    <ele>3516.3</ele>
    <time>2026-10-04T17:10:35Z</time>
   </trkpt>
   <trkpt lat="41.3503190" lon="-106.3288820">
    <ele>3516.2</ele>
    <time>2026-10-04T17:10:36Z</time>
   </trkpt>
   <trkpt lat="41.3503020" lon="-106.3288940">
    <ele>3516.1</ele>
    <time>2026-10-04T17:10:37Z</time>
   </trkpt>
   <trkpt lat="41.3502850" lon="-106.3288960">
    <ele>3516.0</ele>
    <time>2026-10-04T17:10:38Z</time>
   </trkpt>
   <trkpt lat="41.3502540" lon="-106.3289130">
    <ele>3515.8</ele>
    <time>2026-10-04T17:10:39Z</time>
   </trkpt>
   <trkpt lat="41.3502370" lon="-106.3289130">
    <ele>3515.7</ele>
    <time>2026-10-04T17:10:40Z</time>
   </trkpt>
   <trkpt lat="41.3502210" lon="-106.3289170">
    <ele>3515.6</ele>
    <time>2026-10-04T17:10:41Z</time>
   </trkpt>
   <trkpt lat="41.3502050" lon="-106.3289250">
    <ele>3515.6</ele>
    <time>2026-10-04T17:10:42Z</time>
   </trkpt>
   <trkpt lat="41.3501910" lon="-106.3289360">
    <ele>3515.5</ele>
    <time>2026-10-04T17:10:43Z</time>
   </trkpt>
   <trkpt lat="41.3501760" lon="-106.3289450">
    <ele>3515.4</ele>
    <time>2026-10-04T17:10:44Z</time>
   </trkpt>
   <trkpt lat="41.3501590" lon="-106.3289460">
    <ele>3515.3</ele>
    <time>2026-10-04T17:10:45Z</time>
   </trkpt>
   <trkpt lat="41.3501440" lon="-106.3289560">
    <ele>3515.2</ele>
    <time>2026-10-04T17:10:46Z</time>
   </trkpt>
   <trkpt lat="41.3501300" lon="-106.3289660">
    <ele>3515.1</ele>
    <time>2026-10-04T17:10:47Z</time>
   </trkpt>
   <trkpt lat="41.3501120" lon="-106.3289700">
    <ele>3515.0</ele>
    <time>2026-10-04T17:10:48Z</time>
   </trkpt>
   <trkpt lat="41.3501010" lon="-106.3289780">
    <ele>3515.0</ele>
    <time>2026-10-04T17:10:49Z</time>
   </trkpt>
   <trkpt lat="41.3500860" lon="-106.3289900">
    <ele>3514.9</ele>
    <time>2026-10-04T17:10:50Z</time>
   </trkpt>
   <trkpt lat="41.3500740" lon="-106.3290020">
    <ele>3514.8</ele>
    <time>2026-10-04T17:10:51Z</time>
   </trkpt>
   <trkpt lat="41.3500650" lon="-106.3290150">
    <ele>3514.7</ele>
    <time>2026-10-04T17:10:52Z</time>
   </trkpt>
   <trkpt lat="41.3500570" lon="-106.3290370">
    <ele>3514.7</ele>
    <time>2026-10-04T17:10:53Z</time>
   </trkpt>
   <trkpt lat="41.3500460" lon="-106.3290520">
    <ele>3514.6</ele>
    <time>2026-10-04T17:10:54Z</time>
   </trkpt>
   <trkpt lat="41.3500340" lon="-106.3290640">
    <ele>3514.5</ele>
    <time>2026-10-04T17:10:55Z</time>
   </trkpt>
   <trkpt lat="41.3500290" lon="-106.3290890">
    <ele>3514.4</ele>
    <time>2026-10-04T17:10:56Z</time>
   </trkpt>
   <trkpt lat="41.3500210" lon="-106.3291010">
    <ele>3514.4</ele>
    <time>2026-10-04T17:10:57Z</time>
   </trkpt>
   <trkpt lat="41.3500130" lon="-106.3291140">
    <ele>3514.3</ele>
    <time>2026-10-04T17:10:58Z</time>
   </trkpt>
   <trkpt lat="41.3500000" lon="-106.3291150">
    <ele>3514.3</ele>
    <time>2026-10-04T17:10:59Z</time>
   </trkpt>
   <trkpt lat="41.3499920" lon="-106.3291240">
    <ele>3514.2</ele>
    <time>2026-10-04T17:11:00Z</time>
   </trkpt>
   <trkpt lat="41.3499820" lon="-106.3291340">
    <ele>3514.2</ele>
    <time>2026-10-04T17:11:01Z</time>
   </trkpt>
   <trkpt lat="41.3499740" lon="-106.3291480">
    <ele>3514.2</ele>
    <time>2026-10-04T17:11:02Z</time>
   </trkpt>
   <trkpt lat="41.3499650" lon="-106.3291570">
    <ele>3514.1</ele>
    <time>2026-10-04T17:11:03Z</time>
   </trkpt>
   <trkpt lat="41.3499600" lon="-106.3291620">
    <ele>3514.1</ele>
    <time>2026-10-04T17:11:04Z</time>
   </trkpt>
   <trkpt lat="41.3499570" lon="-106.3291730">
    <ele>3514.1</ele>
    <time>2026-10-04T17:11:05Z</time>
   </trkpt>
   <trkpt lat="41.3499450" lon="-106.3291650">
    <ele>3514.0</ele>
    <time>2026-10-04T17:11:06Z</time>
   </trkpt>
   <trkpt lat="41.3499280" lon="-106.3291670">
    <ele>3514.0</ele>
    <time>2026-10-04T17:11:07Z</time>
   </trkpt>
   <trkpt lat="41.3499170" lon="-106.3291620">
    <ele>3513.9</ele>
    <time>2026-10-04T17:11:08Z</time>
   </trkpt>
   <trkpt lat="41.3499040" lon="-106.3291640">
    <ele>3513.9</ele>
    <time>2026-10-04T17:11:09Z</time>
   </trkpt>
   <trkpt lat="41.3499020" lon="-106.3291690">
    <ele>3513.9</ele>
    <time>2026-10-04T17:11:10Z</time>
   </trkpt>
   <trkpt lat="41.3498870" lon="-106.3291850">
    <ele>3513.8</ele>
    <time>2026-10-04T17:11:11Z</time>
   </trkpt>
   <trkpt lat="41.3498720" lon="-106.3292000">
    <ele>3513.8</ele>
    <time>2026-10-04T17:11:12Z</time>
   </trkpt>
   <trkpt lat="41.3498680" lon="-106.3292080">
    <ele>3513.8</ele>
    <time>2026-10-04T17:11:13Z</time>
   </trkpt>
   <trkpt lat="41.3498460" lon="-106.3292140">
    <ele>3513.7</ele>
    <time>2026-10-04T17:11:14Z</time>
   </trkpt>
   <trkpt lat="41.3498300" lon="-106.3292230">
    <ele>3513.7</ele>
    <time>2026-10-04T17:11:15Z</time>
   </trkpt>
   <trkpt lat="41.3498160" lon="-106.3292200">
    <ele>3513.7</ele>
    <time>2026-10-04T17:11:16Z</time>
   </trkpt>
   <trkpt lat="41.3498010" lon="-106.3292160">
    <ele>3513.7</ele>
    <time>2026-10-04T17:11:17Z</time>
   </trkpt>
   <trkpt lat="41.3497900" lon="-106.3292280">
    <ele>3513.7</ele>
    <time>2026-10-04T17:11:18Z</time>
   </trkpt>
   <trkpt lat="41.3497720" lon="-106.3292300">
    <ele>3513.7</ele>
    <time>2026-10-04T17:11:19Z</time>
   </trkpt>
   <trkpt lat="41.3497600" lon="-106.3292320">
    <ele>3513.6</ele>
    <time>2026-10-04T17:11:20Z</time>
   </trkpt>
   <trkpt lat="41.3497500" lon="-106.3292420">
    <ele>3513.6</ele>
    <time>2026-10-04T17:11:21Z</time>
   </trkpt>
   <trkpt lat="41.3497330" lon="-106.3292390">
    <ele>3513.6</ele>
    <time>2026-10-04T17:11:22Z</time>
   </trkpt>
   <trkpt lat="41.3497190" lon="-106.3292520">
    <ele>3513.6</ele>
    <time>2026-10-04T17:11:23Z</time>
   </trkpt>
   <trkpt lat="41.3497090" lon="-106.3292650">
    <ele>3513.6</ele>
    <time>2026-10-04T17:11:24Z</time>
   </trkpt>
   <trkpt lat="41.3496950" lon="-106.3292690">
    <ele>3513.7</ele>
    <time>2026-10-04T17:11:25Z</time>
   </trkpt>
   <trkpt lat="41.3496820" lon="-106.3292680">
    <ele>3513.7</ele>
    <time>2026-10-04T17:11:26Z</time>
   </trkpt>
   <trkpt lat="41.3496720" lon="-106.3292850">
    <ele>3513.7</ele>
    <time>2026-10-04T17:11:27Z</time>
   </trkpt>
   <trkpt lat="41.3496620" lon="-106.3293010">
    <ele>3513.7</ele>
    <time>2026-10-04T17:11:28Z</time>
   </trkpt>
   <trkpt lat="41.3496510" lon="-106.3293120">
    <ele>3513.7</ele>
    <time>2026-10-04T17:11:29Z</time>
   </trkpt>
   <trkpt lat="41.3496420" lon="-106.3293350">
    <ele>3513.7</ele>
    <time>2026-10-04T17:11:30Z</time>
   </trkpt>
   <trkpt lat="41.3496270" lon="-106.3293330">
    <ele>3513.7</ele>
    <time>2026-10-04T17:11:31Z</time>
   </trkpt>
   <trkpt lat="41.3496170" lon="-106.3293420">
    <ele>3513.7</ele>
    <time>2026-10-04T17:11:32Z</time>
   </trkpt>
   <trkpt lat="41.3496020" lon="-106.3293460">
    <ele>3513.7</ele>
    <time>2026-10-04T17:11:33Z</time>
   </trkpt>
   <trkpt lat="41.3495880" lon="-106.3293510">
    <ele>3513.8</ele>
    <time>2026-10-04T17:11:34Z</time>
   </trkpt>
   <trkpt lat="41.3495810" lon="-106.3293480">
    <ele>3513.8</ele>
    <time>2026-10-04T17:11:35Z</time>
   </trkpt>
   <trkpt lat="41.3495710" lon="-106.3293430">
    <ele>3513.8</ele>
    <time>2026-10-04T17:11:36Z</time>
   </trkpt>
   <trkpt lat="41.3495650" lon="-106.3293400">
    <ele>3513.8</ele>
    <time>2026-10-04T17:11:37Z</time>
   </trkpt>
   <trkpt lat="41.3495550" lon="-106.3293420">
    <ele>3513.8</ele>
    <time>2026-10-04T17:11:38Z</time>
   </trkpt>
   <trkpt lat="41.3495520" lon="-106.3293470">
    <ele>3513.8</ele>
    <time>2026-10-04T17:11:39Z</time>
   </trkpt>
   <trkpt lat="41.3495450" lon="-106.3293500">
    <ele>3513.8</ele>
    <time>2026-10-04T17:11:40Z</time>
   </trkpt>
   <trkpt lat="41.3495360" lon="-106.3293520">
    <ele>3513.8</ele>
    <time>2026-10-04T17:11:41Z</time>
   </trkpt>
   <trkpt lat="41.3495250" lon="-106.3293540">
    <ele>3513.8</ele>
    <time>2026-10-04T17:11:42Z</time>
   </trkpt>
   <trkpt lat="41.3495090" lon="-106.3293580">
    <ele>3513.8</ele>
    <time>2026-10-04T17:11:43Z</time>
   </trkpt>
   <trkpt lat="41.3494930" lon="-106.3293700">
    <ele>3513.9</ele>
    <time>2026-10-04T17:11:44Z</time>
   </trkpt>
   <trkpt lat="41.3494850" lon="-106.3293760">
    <ele>3513.9</ele>
    <time>2026-10-04T17:11:45Z</time>
   </trkpt>
   <trkpt lat="41.3494730" lon="-106.3293790">
    <ele>3513.9</ele>
    <time>2026-10-04T17:11:46Z</time>
   </trkpt>
   <trkpt lat="41.3494560" lon="-106.3293870">
    <ele>3513.9</ele>
    <time>2026-10-04T17:11:47Z</time>
   </trkpt>
   <trkpt lat="41.3494410" lon="-106.3293860">
    <ele>3513.9</ele>
    <time>2026-10-04T17:11:48Z</time>
   </trkpt>
   <trkpt lat="41.3494300" lon="-106.3293900">
    <ele>3514.0</ele>
    <time>2026-10-04T17:11:49Z</time>
   </trkpt>
   <trkpt lat="41.3494170" lon="-106.3293900">
    <ele>3514.0</ele>
    <time>2026-10-04T17:11:50Z</time>
   </trkpt>
   <trkpt lat="41.3494090" lon="-106.3293920">
    <ele>3514.0</ele>
    <time>2026-10-04T17:11:51Z</time>
   </trkpt>
   <trkpt lat="41.3493910" lon="-106.3293950">
    <ele>3514.0</ele>
    <time>2026-10-04T17:11:52Z</time>
   </trkpt>
   <trkpt lat="41.3493720" lon="-106.3293980">
    <ele>3514.0</ele>
    <time>2026-10-04T17:11:53Z</time>
   </trkpt>
   <trkpt lat="41.3493560" lon="-106.3294100">
    <ele>3514.0</ele>
    <time>2026-10-04T17:11:54Z</time>
   </trkpt>
   <trkpt lat="41.3493440" lon="-106.3294230">
    <ele>3514.0</ele>
    <time>2026-10-04T17:11:55Z</time>
   </trkpt>
   <trkpt lat="41.3493270" lon="-106.3294250">
    <ele>3514.0</ele>
    <time>2026-10-04T17:11:56Z</time>
   </trkpt>
   <trkpt lat="41.3493100" lon="-106.3294160">
    <ele>3514.1</ele>
    <time>2026-10-04T17:11:57Z</time>
   </trkpt>
   <trkpt lat="41.3492860" lon="-106.3294150">
    <ele>3514.1</ele>
    <time>2026-10-04T17:11:58Z</time>
   </trkpt>
   <trkpt lat="41.3492720" lon="-106.3294290">
    <ele>3514.1</ele>
    <time>2026-10-04T17:11:59Z</time>
   </trkpt>
   <trkpt lat="41.3492560" lon="-106.3294380">
    <ele>3514.1</ele>
    <time>2026-10-04T17:12:00Z</time>
   </trkpt>
   <trkpt lat="41.3492370" lon="-106.3294490">
    <ele>3514.1</ele>
    <time>2026-10-04T17:12:01Z</time>
   </trkpt>
   <trkpt lat="41.3492180" lon="-106.3294600">
    <ele>3514.1</ele>
    <time>2026-10-04T17:12:02Z</time>
   </trkpt>
   <trkpt lat="41.3491950" lon="-106.3294560">
    <ele>3514.1</ele>
    <time>2026-10-04T17:12:03Z</time>
   </trkpt>
   <trkpt lat="41.3491790" lon="-106.3294660">
    <ele>3514.1</ele>
    <time>2026-10-04T17:12:04Z</time>
   </trkpt>
   <trkpt lat="41.3491600" lon="-106.3294820">
    <ele>3514.1</ele>
    <time>2026-10-04T17:12:05Z</time>
   </trkpt>
   <trkpt lat="41.3491430" lon="-106.3294930">
    <ele>3514.1</ele>
    <time>2026-10-04T17:12:06Z</time>
   </trkpt>
   <trkpt lat="41.3491250" lon="-106.3295030">
    <ele>3514.1</ele>
    <time>2026-10-04T17:12:07Z</time>
   </trkpt>
   <trkpt lat="41.3491050" lon="-106.3295030">
    <ele>3514.1</ele>
    <time>2026-10-04T17:12:08Z</time>
   </trkpt>
   <trkpt lat="41.3490890" lon="-106.3295160">
    <ele>3514.1</ele>
    <time>2026-10-04T17:12:09Z</time>
   </trkpt>
   <trkpt lat="41.3490830" lon="-106.3295290">
    <ele>3514.2</ele>
    <time>2026-10-04T17:12:10Z</time>
   </trkpt>
   <trkpt lat="41.3490670" lon="-106.3295510">
    <ele>3514.2</ele>
    <time>2026-10-04T17:12:11Z</time>
   </trkpt>
   <trkpt lat="41.3490490" lon="-106.3295530">
    <ele>3514.2</ele>
    <time>2026-10-04T17:12:12Z</time>
   </trkpt>
   <trkpt lat="41.3490280" lon="-106.3295580">
    <ele>3514.3</ele>
    <time>2026-10-04T17:12:14Z</time>
   </trkpt>
   <trkpt lat="41.3490100" lon="-106.3295610">
    <ele>3514.3</ele>
    <time>2026-10-04T17:12:15Z</time>
   </trkpt>
   <trkpt lat="41.3489960" lon="-106.3295710">
    <ele>3514.4</ele>
    <time>2026-10-04T17:12:16Z</time>
   </trkpt>
   <trkpt lat="41.3489770" lon="-106.3295780">
    <ele>3514.4</ele>
    <time>2026-10-04T17:12:17Z</time>
   </trkpt>
   <trkpt lat="41.3489640" lon="-106.3295880">
    <ele>3514.5</ele>
    <time>2026-10-04T17:12:18Z</time>
   </trkpt>
   <trkpt lat="41.3489530" lon="-106.3295980">
    <ele>3514.5</ele>
    <time>2026-10-04T17:12:19Z</time>
   </trkpt>
   <trkpt lat="41.3489420" lon="-106.3296140">
    <ele>3514.5</ele>
    <time>2026-10-04T17:12:20Z</time>
   </trkpt>
   <trkpt lat="41.3489270" lon="-106.3296210">
    <ele>3514.6</ele>
    <time>2026-10-04T17:12:21Z</time>
   </trkpt>
   <trkpt lat="41.3489140" lon="-106.3296250">
    <ele>3514.6</ele>
    <time>2026-10-04T17:12:22Z</time>
   </trkpt>
   <trkpt lat="41.3489020" lon="-106.3296320">
    <ele>3514.7</ele>
    <time>2026-10-04T17:12:23Z</time>
   </trkpt>
   <trkpt lat="41.3488960" lon="-106.3296520">
    <ele>3514.7</ele>
    <time>2026-10-04T17:12:24Z</time>
   </trkpt>
   <trkpt lat="41.3488810" lon="-106.3296610">
    <ele>3514.8</ele>
    <time>2026-10-04T17:12:25Z</time>
   </trkpt>
   <trkpt lat="41.3488690" lon="-106.3296670">
    <ele>3514.8</ele>
    <time>2026-10-04T17:12:26Z</time>
   </trkpt>
   <trkpt lat="41.3488600" lon="-106.3296900">
    <ele>3514.9</ele>
    <time>2026-10-04T17:12:27Z</time>
   </trkpt>
   <trkpt lat="41.3488550" lon="-106.3297060">
    <ele>3514.9</ele>
    <time>2026-10-04T17:12:28Z</time>
   </trkpt>
   <trkpt lat="41.3488400" lon="-106.3297150">
    <ele>3515.0</ele>
    <time>2026-10-04T17:12:29Z</time>
   </trkpt>
   <trkpt lat="41.3488250" lon="-106.3297230">
    <ele>3515.0</ele>
    <time>2026-10-04T17:12:30Z</time>
   </trkpt>
   <trkpt lat="41.3488110" lon="-106.3297350">
    <ele>3515.1</ele>
    <time>2026-10-04T17:12:31Z</time>
   </trkpt>
   <trkpt lat="41.3487980" lon="-106.3297370">
    <ele>3515.2</ele>
    <time>2026-10-04T17:12:32Z</time>
   </trkpt>
   <trkpt lat="41.3487820" lon="-106.3297410">
    <ele>3515.2</ele>
    <time>2026-10-04T17:12:33Z</time>
   </trkpt>
   <trkpt lat="41.3487730" lon="-106.3297510">
    <ele>3515.3</ele>
    <time>2026-10-04T17:12:34Z</time>
   </trkpt>
   <trkpt lat="41.3487490" lon="-106.3297750">
    <ele>3515.4</ele>
    <time>2026-10-04T17:12:35Z</time>
   </trkpt>
   <trkpt lat="41.3487460" lon="-106.3297820">
    <ele>3515.5</ele>
    <time>2026-10-04T17:12:36Z</time>
   </trkpt>
   <trkpt lat="41.3487300" lon="-106.3297830">
    <ele>3515.5</ele>
    <time>2026-10-04T17:12:37Z</time>
   </trkpt>
   <trkpt lat="41.3487230" lon="-106.3297870">
    <ele>3515.6</ele>
    <time>2026-10-04T17:12:38Z</time>
   </trkpt>
   <trkpt lat="41.3487210" lon="-106.3298020">
    <ele>3515.6</ele>
    <time>2026-10-04T17:12:39Z</time>
   </trkpt>
   <trkpt lat="41.3487120" lon="-106.3298140">
    <ele>3515.7</ele>
    <time>2026-10-04T17:12:40Z</time>
   </trkpt>
   <trkpt lat="41.3487120" lon="-106.3298280">
    <ele>3515.8</ele>
    <time>2026-10-04T17:12:41Z</time>
   </trkpt>
   <trkpt lat="41.3487050" lon="-106.3298450">
    <ele>3515.8</ele>
    <time>2026-10-04T17:12:42Z</time>
   </trkpt>
   <trkpt lat="41.3486930" lon="-106.3298470">
    <ele>3515.9</ele>
    <time>2026-10-04T17:12:43Z</time>
   </trkpt>
   <trkpt lat="41.3486840" lon="-106.3298640">
    <ele>3516.0</ele>
    <time>2026-10-04T17:12:44Z</time>
   </trkpt>
   <trkpt lat="41.3486590" lon="-106.3298850">
    <ele>3516.1</ele>
    <time>2026-10-04T17:12:45Z</time>
   </trkpt>
   <trkpt lat="41.3486560" lon="-106.3298860">
    <ele>3516.2</ele>
    <time>2026-10-04T17:12:46Z</time>
   </trkpt>
   <trkpt lat="41.3486410" lon="-106.3298790">
    <ele>3516.2</ele>
    <time>2026-10-04T17:12:47Z</time>
   </trkpt>
   <trkpt lat="41.3486270" lon="-106.3298870">
    <ele>3516.3</ele>
    <time>2026-10-04T17:12:48Z</time>
   </trkpt>
   <trkpt lat="41.3486200" lon="-106.3298800">
    <ele>3516.3</ele>
    <time>2026-10-04T17:12:49Z</time>
   </trkpt>
   <trkpt lat="41.3486160" lon="-106.3298900">
    <ele>3516.4</ele>
    <time>2026-10-04T17:12:50Z</time>
   </trkpt>
   <trkpt lat="41.3486100" lon="-106.3299140">
    <ele>3516.5</ele>
    <time>2026-10-04T17:12:51Z</time>
   </trkpt>
   <trkpt lat="41.3486060" lon="-106.3299290">
    <ele>3516.5</ele>
    <time>2026-10-04T17:12:52Z</time>
   </trkpt>
   <trkpt lat="41.3485980" lon="-106.3299490">
    <ele>3516.6</ele>
    <time>2026-10-04T17:12:53Z</time>
   </trkpt>
   <trkpt lat="41.3485890" lon="-106.3299650">
    <ele>3516.6</ele>
    <time>2026-10-04T17:12:54Z</time>
   </trkpt>
   <trkpt lat="41.3485780" lon="-106.3299840">
    <ele>3516.7</ele>
    <time>2026-10-04T17:12:55Z</time>
   </trkpt>
   <trkpt lat="41.3485640" lon="-106.3299910">
    <ele>3516.7</ele>
    <time>2026-10-04T17:12:56Z</time>
   </trkpt>
   <trkpt lat="41.3485540" lon="-106.3300000">
    <ele>3516.8</ele>
    <time>2026-10-04T17:12:57Z</time>
   </trkpt>
   <trkpt lat="41.3485450" lon="-106.3300130">
    <ele>3516.8</ele>
    <time>2026-10-04T17:12:58Z</time>
   </trkpt>
   <trkpt lat="41.3485170" lon="-106.3300330">
    <ele>3516.9</ele>
    <time>2026-10-04T17:12:59Z</time>
   </trkpt>
   <trkpt lat="41.3485190" lon="-106.3300430">
    <ele>3517.0</ele>
    <time>2026-10-04T17:13:00Z</time>
   </trkpt>
   <trkpt lat="41.3485080" lon="-106.3300600">
    <ele>3517.0</ele>
    <time>2026-10-04T17:13:01Z</time>
   </trkpt>
   <trkpt lat="41.3485000" lon="-106.3300670">
    <ele>3517.0</ele>
    <time>2026-10-04T17:13:02Z</time>
   </trkpt>
   <trkpt lat="41.3484920" lon="-106.3300890">
    <ele>3517.1</ele>
    <time>2026-10-04T17:13:03Z</time>
   </trkpt>
   <trkpt lat="41.3484830" lon="-106.3301050">
    <ele>3517.1</ele>
    <time>2026-10-04T17:13:04Z</time>
   </trkpt>
   <trkpt lat="41.3484700" lon="-106.3301240">
    <ele>3517.2</ele>
    <time>2026-10-04T17:13:05Z</time>
   </trkpt>
   <trkpt lat="41.3484610" lon="-106.3301450">
    <ele>3517.2</ele>
    <time>2026-10-04T17:13:06Z</time>
   </trkpt>
   <trkpt lat="41.3484500" lon="-106.3301490">
    <ele>3517.3</ele>
    <time>2026-10-04T17:13:07Z</time>
   </trkpt>
   <trkpt lat="41.3484370" lon="-106.3301530">
    <ele>3517.3</ele>
    <time>2026-10-04T17:13:08Z</time>
   </trkpt>
   <trkpt lat="41.3484170" lon="-106.3301520">
    <ele>3517.3</ele>
    <time>2026-10-04T17:13:09Z</time>
   </trkpt>
   <trkpt lat="41.3484050" lon="-106.3301480">
    <ele>3517.3</ele>
    <time>2026-10-04T17:13:10Z</time>
   </trkpt>
   <trkpt lat="41.3483970" lon="-106.3301600">
    <ele>3517.3</ele>
    <time>2026-10-04T17:13:11Z</time>
   </trkpt>
   <trkpt lat="41.3483830" lon="-106.3301700">
    <ele>3517.3</ele>
    <time>2026-10-04T17:13:12Z</time>
   </trkpt>
   <trkpt lat="41.3483760" lon="-106.3301820">
    <ele>3517.3</ele>
    <time>2026-10-04T17:13:13Z</time>
   </trkpt>
   <trkpt lat="41.3483740" lon="-106.3302040">
    <ele>3517.4</ele>
    <time>2026-10-04T17:13:14Z</time>
   </trkpt>
   <trkpt lat="41.3483770" lon="-106.3302240">
    <ele>3517.4</ele>
    <time>2026-10-04T17:13:15Z</time>
   </trkpt>
   <trkpt lat="41.3483690" lon="-106.3302390">
    <ele>3517.4</ele>
    <time>2026-10-04T17:13:16Z</time>
   </trkpt>
   <trkpt lat="41.3483640" lon="-106.3302520">
    <ele>3517.3</ele>
    <time>2026-10-04T17:13:17Z</time>
   </trkpt>
   <trkpt lat="41.3483600" lon="-106.3302680">
    <ele>3517.3</ele>
    <time>2026-10-04T17:13:18Z</time>
   </trkpt>
   <trkpt lat="41.3483500" lon="-106.3302890">
    <ele>3517.3</ele>
    <time>2026-10-04T17:13:19Z</time>
   </trkpt>
   <trkpt lat="41.3483470" lon="-106.3303070">
    <ele>3517.3</ele>
    <time>2026-10-04T17:13:20Z</time>
   </trkpt>
   <trkpt lat="41.3483420" lon="-106.3303220">
    <ele>3517.3</ele>
    <time>2026-10-04T17:13:21Z</time>
   </trkpt>
   <trkpt lat="41.3483370" lon="-106.3303410">
    <ele>3517.3</ele>
    <time>2026-10-04T17:13:22Z</time>
   </trkpt>
   <trkpt lat="41.3483380" lon="-106.3303630">
    <ele>3517.3</ele>
    <time>2026-10-04T17:13:23Z</time>
   </trkpt>
   <trkpt lat="41.3483280" lon="-106.3303860">
    <ele>3517.3</ele>
    <time>2026-10-04T17:13:24Z</time>
   </trkpt>
   <trkpt lat="41.3483270" lon="-106.3304020">
    <ele>3517.3</ele>
    <time>2026-10-04T17:13:25Z</time>
   </trkpt>
   <trkpt lat="41.3483080" lon="-106.3304220">
    <ele>3517.3</ele>
    <time>2026-10-04T17:13:26Z</time>
   </trkpt>
   <trkpt lat="41.3483030" lon="-106.3304320">
    <ele>3517.3</ele>
    <time>2026-10-04T17:13:27Z</time>
   </trkpt>
   <trkpt lat="41.3482910" lon="-106.3304430">
    <ele>3517.3</ele>
    <time>2026-10-04T17:13:28Z</time>
   </trkpt>
   <trkpt lat="41.3482820" lon="-106.3304550">
    <ele>3517.3</ele>
    <time>2026-10-04T17:13:29Z</time>
   </trkpt>
   <trkpt lat="41.3482710" lon="-106.3304840">
    <ele>3517.3</ele>
    <time>2026-10-04T17:13:30Z</time>
   </trkpt>
   <trkpt lat="41.3482670" lon="-106.3304990">
    <ele>3517.3</ele>
    <time>2026-10-04T17:13:31Z</time>
   </trkpt>
   <trkpt lat="41.3482650" lon="-106.3305220">
    <ele>3517.3</ele>
    <time>2026-10-04T17:13:32Z</time>
   </trkpt>
   <trkpt lat="41.3482550" lon="-106.3305430">
    <ele>3517.3</ele>
    <time>2026-10-04T17:13:33Z</time>
   </trkpt>
   <trkpt lat="41.3482440" lon="-106.3305640">
    <ele>3517.3</ele>
    <time>2026-10-04T17:13:34Z</time>
   </trkpt>
   <trkpt lat="41.3482470" lon="-106.3305880">
    <ele>3517.3</ele>
    <time>2026-10-04T17:13:35Z</time>
   </trkpt>
   <trkpt lat="41.3482360" lon="-106.3306100">
    <ele>3517.4</ele>
    <time>2026-10-04T17:13:36Z</time>
   </trkpt>
   <trkpt lat="41.3482210" lon="-106.3306260">
    <ele>3517.4</ele>
    <time>2026-10-04T17:13:37Z</time>
   </trkpt>
   <trkpt lat="41.3482010" lon="-106.3306580">
    <ele>3517.5</ele>
    <time>2026-10-04T17:13:38Z</time>
   </trkpt>
   <trkpt lat="41.3481810" lon="-106.3306820">
    <ele>3517.5</ele>
    <time>2026-10-04T17:13:39Z</time>
   </trkpt>
   <trkpt lat="41.3481540" lon="-106.3307010">
    <ele>3517.7</ele>
    <time>2026-10-04T17:13:40Z</time>
   </trkpt>
   <trkpt lat="41.3481370" lon="-106.3307260">
    <ele>3517.8</ele>
    <time>2026-10-04T17:13:41Z</time>
   </trkpt>
   <trkpt lat="41.3481220" lon="-106.3307500">
    <ele>3517.9</ele>
    <time>2026-10-04T17:13:42Z</time>
   </trkpt>
   <trkpt lat="41.3481090" lon="-106.3307780">
    <ele>3518.0</ele>
    <time>2026-10-04T17:13:43Z</time>
   </trkpt>
   <trkpt lat="41.3480840" lon="-106.3307950">
    <ele>3518.1</ele>
    <time>2026-10-04T17:13:44Z</time>
   </trkpt>
   <trkpt lat="41.3480710" lon="-106.3308190">
    <ele>3518.3</ele>
    <time>2026-10-04T17:13:45Z</time>
   </trkpt>
   <trkpt lat="41.3480600" lon="-106.3308320">
    <ele>3518.4</ele>
    <time>2026-10-04T17:13:46Z</time>
   </trkpt>
   <trkpt lat="41.3480390" lon="-106.3308560">
    <ele>3518.5</ele>
    <time>2026-10-04T17:13:47Z</time>
   </trkpt>
   <trkpt lat="41.3480230" lon="-106.3308710">
    <ele>3518.7</ele>
    <time>2026-10-04T17:13:48Z</time>
   </trkpt>
   <trkpt lat="41.3480010" lon="-106.3308880">
    <ele>3518.9</ele>
    <time>2026-10-04T17:13:49Z</time>
   </trkpt>
   <trkpt lat="41.3479780" lon="-106.3309000">
    <ele>3519.0</ele>
    <time>2026-10-04T17:13:50Z</time>
   </trkpt>
   <trkpt lat="41.3479600" lon="-106.3309170">
    <ele>3519.2</ele>
    <time>2026-10-04T17:13:51Z</time>
   </trkpt>
   <trkpt lat="41.3479480" lon="-106.3309390">
    <ele>3519.4</ele>
    <time>2026-10-04T17:13:52Z</time>
   </trkpt>
   <trkpt lat="41.3479270" lon="-106.3309460">
    <ele>3519.5</ele>
    <time>2026-10-04T17:13:53Z</time>
   </trkpt>
   <trkpt lat="41.3479110" lon="-106.3309620">
    <ele>3519.7</ele>
    <time>2026-10-04T17:13:54Z</time>
   </trkpt>
   <trkpt lat="41.3478920" lon="-106.3309770">
    <ele>3519.8</ele>
    <time>2026-10-04T17:13:55Z</time>
   </trkpt>
   <trkpt lat="41.3478760" lon="-106.3309810">
    <ele>3519.9</ele>
    <time>2026-10-04T17:13:56Z</time>
   </trkpt>
   <trkpt lat="41.3478630" lon="-106.3309920">
    <ele>3520.0</ele>
    <time>2026-10-04T17:13:57Z</time>
   </trkpt>
   <trkpt lat="41.3478470" lon="-106.3310020">
    <ele>3520.2</ele>
    <time>2026-10-04T17:13:58Z</time>
   </trkpt>
   <trkpt lat="41.3478370" lon="-106.3310130">
    <ele>3520.2</ele>
    <time>2026-10-04T17:13:59Z</time>
   </trkpt>
   <trkpt lat="41.3478230" lon="-106.3310290">
    <ele>3520.3</ele>
    <time>2026-10-04T17:14:00Z</time>
   </trkpt>
   <trkpt lat="41.3478170" lon="-106.3310490">
    <ele>3520.4</ele>
    <time>2026-10-04T17:14:01Z</time>
   </trkpt>
   <trkpt lat="41.3478030" lon="-106.3310650">
    <ele>3520.5</ele>
    <time>2026-10-04T17:14:02Z</time>
   </trkpt>
   <trkpt lat="41.3477940" lon="-106.3310800">
    <ele>3520.6</ele>
    <time>2026-10-04T17:14:03Z</time>
   </trkpt>
   <trkpt lat="41.3477780" lon="-106.3310870">
    <ele>3520.7</ele>
    <time>2026-10-04T17:14:04Z</time>
   </trkpt>
   <trkpt lat="41.3477800" lon="-106.3310960">
    <ele>3520.8</ele>
    <time>2026-10-04T17:14:05Z</time>
   </trkpt>
   <trkpt lat="41.3477730" lon="-106.3310980">
    <ele>3520.8</ele>
    <time>2026-10-04T17:14:06Z</time>
   </trkpt>
   <trkpt lat="41.3477590" lon="-106.3311030">
    <ele>3520.9</ele>
    <time>2026-10-04T17:14:07Z</time>
   </trkpt>
   <trkpt lat="41.3477500" lon="-106.3311120">
    <ele>3521.0</ele>
    <time>2026-10-04T17:14:08Z</time>
   </trkpt>
   <trkpt lat="41.3477410" lon="-106.3311210">
    <ele>3521.0</ele>
    <time>2026-10-04T17:14:09Z</time>
   </trkpt>
   <trkpt lat="41.3477310" lon="-106.3311300">
    <ele>3521.1</ele>
    <time>2026-10-04T17:14:10Z</time>
   </trkpt>
   <trkpt lat="41.3477220" lon="-106.3311320">
    <ele>3521.2</ele>
    <time>2026-10-04T17:14:11Z</time>
   </trkpt>
   <trkpt lat="41.3477040" lon="-106.3311330">
    <ele>3521.3</ele>
    <time>2026-10-04T17:14:12Z</time>
   </trkpt>
   <trkpt lat="41.3476940" lon="-106.3311390">
    <ele>3521.4</ele>
    <time>2026-10-04T17:14:13Z</time>
   </trkpt>
   <trkpt lat="41.3476820" lon="-106.3311440">
    <ele>3521.4</ele>
    <time>2026-10-04T17:14:14Z</time>
   </trkpt>
   <trkpt lat="41.3476730" lon="-106.3311430">
    <ele>3521.5</ele>
    <time>2026-10-04T17:14:15Z</time>
   </trkpt>
   <trkpt lat="41.3476570" lon="-106.3311490">
    <ele>3521.6</ele>
    <time>2026-10-04T17:14:16Z</time>
   </trkpt>
   <trkpt lat="41.3476530" lon="-106.3311630">
    <ele>3521.7</ele>
    <time>2026-10-04T17:14:17Z</time>
   </trkpt>
   <trkpt lat="41.3476390" lon="-106.3311760">
    <ele>3521.9</ele>
    <time>2026-10-04T17:14:18Z</time>
   </trkpt>
   <trkpt lat="41.3476350" lon="-106.3311790">
    <ele>3521.9</ele>
    <time>2026-10-04T17:14:20Z</time>
   </trkpt>
   <trkpt lat="41.3476200" lon="-106.3311880">
    <ele>3522.1</ele>
    <time>2026-10-04T17:14:21Z</time>
   </trkpt>
   <trkpt lat="41.3476060" lon="-106.3311950">
    <ele>3522.2</ele>
    <time>2026-10-04T17:14:22Z</time>
   </trkpt>
   <trkpt lat="41.3475990" lon="-106.3311970">
    <ele>3522.3</ele>
    <time>2026-10-04T17:14:23Z</time>
   </trkpt>
   <trkpt lat="41.3475890" lon="-106.3312010">
    <ele>3522.4</ele>
    <time>2026-10-04T17:14:24Z</time>
   </trkpt>
   <trkpt lat="41.3475700" lon="-106.3312130">
    <ele>3522.5</ele>
    <time>2026-10-04T17:14:25Z</time>
   </trkpt>
   <trkpt lat="41.3475580" lon="-106.3312150">
    <ele>3522.6</ele>
    <time>2026-10-04T17:14:26Z</time>
   </trkpt>
   <trkpt lat="41.3475430" lon="-106.3312130">
    <ele>3522.8</ele>
    <time>2026-10-04T17:14:27Z</time>
   </trkpt>
   <trkpt lat="41.3475350" lon="-106.3312120">
    <ele>3522.8</ele>
    <time>2026-10-04T17:14:28Z</time>
   </trkpt>
   <trkpt lat="41.3475310" lon="-106.3312290">
    <ele>3523.0</ele>
    <time>2026-10-04T17:14:29Z</time>
   </trkpt>
   <trkpt lat="41.3475240" lon="-106.3312320">
    <ele>3523.0</ele>
    <time>2026-10-04T17:14:30Z</time>
   </trkpt>
   <trkpt lat="41.3475190" lon="-106.3312420">
    <ele>3523.1</ele>
    <time>2026-10-04T17:14:31Z</time>
   </trkpt>
   <trkpt lat="41.3475210" lon="-106.3312560">
    <ele>3523.1</ele>
    <time>2026-10-04T17:14:32Z</time>
   </trkpt>
   <trkpt lat="41.3475210" lon="-106.3312740">
    <ele>3523.2</ele>
    <time>2026-10-04T17:14:33Z</time>
   </trkpt>
   <trkpt lat="41.3475180" lon="-106.3312940">
    <ele>3523.3</ele>
    <time>2026-10-04T17:14:34Z</time>
   </trkpt>
   <trkpt lat="41.3475170" lon="-106.3313170">
    <ele>3523.4</ele>
    <time>2026-10-04T17:14:35Z</time>
   </trkpt>
   <trkpt lat="41.3475180" lon="-106.3313300">
    <ele>3523.4</ele>
    <time>2026-10-04T17:14:36Z</time>
   </trkpt>
   <trkpt lat="41.3475180" lon="-106.3313450">
    <ele>3523.5</ele>
    <time>2026-10-04T17:14:37Z</time>
   </trkpt>
   <trkpt lat="41.3475250" lon="-106.3313440">
    <ele>3523.5</ele>
    <time>2026-10-04T17:14:38Z</time>
   </trkpt>
   <trkpt lat="41.3475300" lon="-106.3313670">
    <ele>3523.5</ele>
    <time>2026-10-04T17:14:39Z</time>
   </trkpt>
   <trkpt lat="41.3475300" lon="-106.3313890">
    <ele>3523.6</ele>
    <time>2026-10-04T17:14:40Z</time>
   </trkpt>
   <trkpt lat="41.3475280" lon="-106.3314170">
    <ele>3523.6</ele>
    <time>2026-10-04T17:14:41Z</time>
   </trkpt>
   <trkpt lat="41.3475160" lon="-106.3314330">
    <ele>3523.6</ele>
    <time>2026-10-04T17:14:42Z</time>
   </trkpt>
   <trkpt lat="41.3475120" lon="-106.3314470">
    <ele>3523.5</ele>
    <time>2026-10-04T17:14:43Z</time>
   </trkpt>
   <trkpt lat="41.3475150" lon="-106.3314620">
    <ele>3523.5</ele>
    <time>2026-10-04T17:14:44Z</time>
   </trkpt>
   <trkpt lat="41.3475060" lon="-106.3314780">
    <ele>3523.5</ele>
    <time>2026-10-04T17:14:45Z</time>
   </trkpt>
   <trkpt lat="41.3474990" lon="-106.3314880">
    <ele>3523.5</ele>
    <time>2026-10-04T17:14:46Z</time>
   </trkpt>
   <trkpt lat="41.3474950" lon="-106.3315110">
    <ele>3523.4</ele>
    <time>2026-10-04T17:14:47Z</time>
   </trkpt>
   <trkpt lat="41.3474920" lon="-106.3315330">
    <ele>3523.4</ele>
    <time>2026-10-04T17:14:48Z</time>
   </trkpt>
   <trkpt lat="41.3474890" lon="-106.3315430">
    <ele>3523.3</ele>
    <time>2026-10-04T17:14:49Z</time>
   </trkpt>
   <trkpt lat="41.3474900" lon="-106.3315580">
    <ele>3523.3</ele>
    <time>2026-10-04T17:14:50Z</time>
   </trkpt>
   <trkpt lat="41.3474980" lon="-106.3315720">
    <ele>3523.2</ele>
    <time>2026-10-04T17:14:51Z</time>
   </trkpt>
   <trkpt lat="41.3475070" lon="-106.3315890">
    <ele>3523.2</ele>
    <time>2026-10-04T17:14:52Z</time>
   </trkpt>
   <trkpt lat="41.3475040" lon="-106.3316060">
    <ele>3523.2</ele>
    <time>2026-10-04T17:14:53Z</time>
   </trkpt>
   <trkpt lat="41.3475110" lon="-106.3316260">
    <ele>3523.1</ele>
    <time>2026-10-04T17:14:54Z</time>
   </trkpt>
   <trkpt lat="41.3475140" lon="-106.3316470">
    <ele>3523.1</ele>
    <time>2026-10-04T17:14:55Z</time>
   </trkpt>
   <trkpt lat="41.3475030" lon="-106.3316590">
    <ele>3523.1</ele>
    <time>2026-10-04T17:14:56Z</time>
   </trkpt>
   <trkpt lat="41.3475010" lon="-106.3316700">
    <ele>3523.1</ele>
    <time>2026-10-04T17:14:57Z</time>
   </trkpt>
   <trkpt lat="41.3474850" lon="-106.3316910">
    <ele>3523.1</ele>
    <time>2026-10-04T17:14:58Z</time>
   </trkpt>
   <trkpt lat="41.3474690" lon="-106.3317120">
    <ele>3523.1</ele>
    <time>2026-10-04T17:14:59Z</time>
   </trkpt>
   <trkpt lat="41.3474580" lon="-106.3317300">
    <ele>3523.1</ele>
    <time>2026-10-04T17:15:00Z</time>
   </trkpt>
   <trkpt lat="41.3474430" lon="-106.3317460">
    <ele>3523.2</ele>
    <time>2026-10-04T17:15:01Z</time>
   </trkpt>
   <trkpt lat="41.3474240" lon="-106.3317480">
    <ele>3523.3</ele>
    <time>2026-10-04T17:15:02Z</time>
   </trkpt>
   <trkpt lat="41.3474130" lon="-106.3317530">
    <ele>3523.4</ele>
    <time>2026-10-04T17:15:03Z</time>
   </trkpt>
   <trkpt lat="41.3474000" lon="-106.3317540">
    <ele>3523.4</ele>
    <time>2026-10-04T17:15:04Z</time>
   </trkpt>
   <trkpt lat="41.3473860" lon="-106.3317510">
    <ele>3523.5</ele>
    <time>2026-10-04T17:15:05Z</time>
   </trkpt>
   <trkpt lat="41.3473750" lon="-106.3317460">
    <ele>3523.6</ele>
    <time>2026-10-04T17:15:06Z</time>
   </trkpt>
   <trkpt lat="41.3473650" lon="-106.3317430">
    <ele>3523.7</ele>
    <time>2026-10-04T17:15:07Z</time>
   </trkpt>
   <trkpt lat="41.3473530" lon="-106.3317400">
    <ele>3523.8</ele>
    <time>2026-10-04T17:15:08Z</time>
   </trkpt>
   <trkpt lat="41.3473450" lon="-106.3317430">
    <ele>3523.8</ele>
    <time>2026-10-04T17:15:09Z</time>
   </trkpt>
   <trkpt lat="41.3473340" lon="-106.3317360">
    <ele>3523.9</ele>
    <time>2026-10-04T17:15:10Z</time>
   </trkpt>
   <trkpt lat="41.3473310" lon="-106.3317380">
    <ele>3523.9</ele>
    <time>2026-10-04T17:15:11Z</time>
   </trkpt>
   <trkpt lat="41.3473210" lon="-106.3317360">
    <ele>3524.0</ele>
    <time>2026-10-04T17:15:12Z</time>
   </trkpt>
   <trkpt lat="41.3473230" lon="-106.3317340">
    <ele>3524.0</ele>
    <time>2026-10-04T17:15:13Z</time>
   </trkpt>
   <trkpt lat="41.3473250" lon="-106.3317360">
    <ele>3524.1</ele>
    <time>2026-10-04T17:15:14Z</time>
   </trkpt>
   <trkpt lat="41.3473220" lon="-106.3317540">
    <ele>3524.2</ele>
    <time>2026-10-04T17:15:15Z</time>
   </trkpt>
   <trkpt lat="41.3473180" lon="-106.3317820">
    <ele>3524.3</ele>
    <time>2026-10-04T17:15:16Z</time>
   </trkpt>
   <trkpt lat="41.3473070" lon="-106.3318020">
    <ele>3524.5</ele>
    <time>2026-10-04T17:15:17Z</time>
   </trkpt>
   <trkpt lat="41.3473000" lon="-106.3318130">
    <ele>3524.6</ele>
    <time>2026-10-04T17:15:18Z</time>
   </trkpt>
   <trkpt lat="41.3472900" lon="-106.3318240">
    <ele>3524.7</ele>
    <time>2026-10-04T17:15:19Z</time>
   </trkpt>
   <trkpt lat="41.3472840" lon="-106.3318350">
    <ele>3524.7</ele>
    <time>2026-10-04T17:15:20Z</time>
   </trkpt>
   <trkpt lat="41.3472740" lon="-106.3318470">
    <ele>3524.8</ele>
    <time>2026-10-04T17:15:21Z</time>
   </trkpt>
   <trkpt lat="41.3472650" lon="-106.3318560">
    <ele>3524.9</ele>
    <time>2026-10-04T17:15:22Z</time>
   </trkpt>
   <trkpt lat="41.3472550" lon="-106.3318690">
    <ele>3525.0</ele>
    <time>2026-10-04T17:15:23Z</time>
   </trkpt>
   <trkpt lat="41.3472450" lon="-106.3318750">
    <ele>3525.1</ele>
    <time>2026-10-04T17:15:24Z</time>
   </trkpt>
   <trkpt lat="41.3472410" lon="-106.3318910">
    <ele>3525.2</ele>
    <time>2026-10-04T17:15:25Z</time>
   </trkpt>
   <trkpt lat="41.3472300" lon="-106.3318920">
    <ele>3525.3</ele>
    <time>2026-10-04T17:15:26Z</time>
   </trkpt>
   <trkpt lat="41.3472230" lon="-106.3318880">
    <ele>3525.4</ele>
    <time>2026-10-04T17:15:27Z</time>
   </trkpt>
   <trkpt lat="41.3472180" lon="-106.3319000">
    <ele>3525.5</ele>
    <time>2026-10-04T17:15:28Z</time>
   </trkpt>
   <trkpt lat="41.3472120" lon="-106.3319130">
    <ele>3525.6</ele>
    <time>2026-10-04T17:15:29Z</time>
   </trkpt>
   <trkpt lat="41.3472110" lon="-106.3319390">
    <ele>3525.7</ele>
    <time>2026-10-04T17:15:30Z</time>
   </trkpt>
   <trkpt lat="41.3472000" lon="-106.3319580">
    <ele>3525.9</ele>
    <time>2026-10-04T17:15:31Z</time>
   </trkpt>
   <trkpt lat="41.3471920" lon="-106.3319640">
    <ele>3525.9</ele>
    <time>2026-10-04T17:15:32Z</time>
   </trkpt>
   <trkpt lat="41.3471710" lon="-106.3319740">
    <ele>3526.1</ele>
    <time>2026-10-04T17:15:33Z</time>
   </trkpt>
   <trkpt lat="41.3471610" lon="-106.3319870">
    <ele>3526.2</ele>
    <time>2026-10-04T17:15:34Z</time>
   </trkpt>
   <trkpt lat="41.3471540" lon="-106.3319810">
    <ele>3526.2</ele>
    <time>2026-10-04T17:15:35Z</time>
   </trkpt>
   <trkpt lat="41.3471440" lon="-106.3319980">
    <ele>3526.3</ele>
    <time>2026-10-04T17:15:36Z</time>
   </trkpt>
   <trkpt lat="41.3471410" lon="-106.3320200">
    <ele>3526.5</ele>
    <time>2026-10-04T17:15:37Z</time>
   </trkpt>
   <trkpt lat="41.3471300" lon="-106.3320340">
    <ele>3526.6</ele>
    <time>2026-10-04T17:15:38Z</time>
   </trkpt>
   <trkpt lat="41.3471280" lon="-106.3320510">
    <ele>3526.7</ele>
    <time>2026-10-04T17:15:39Z</time>
   </trkpt>
   <trkpt lat="41.3471190" lon="-106.3320670">
    <ele>3526.7</ele>
    <time>2026-10-04T17:15:40Z</time>
   </trkpt>
   <trkpt lat="41.3471130" lon="-106.3320890">
    <ele>3526.9</ele>
    <time>2026-10-04T17:15:41Z</time>
   </trkpt>
   <trkpt lat="41.3471130" lon="-106.3321070">
    <ele>3526.9</ele>
    <time>2026-10-04T17:15:42Z</time>
   </trkpt>
   <trkpt lat="41.3471090" lon="-106.3321280">
    <ele>3527.0</ele>
    <time>2026-10-04T17:15:43Z</time>
   </trkpt>
   <trkpt lat="41.3471040" lon="-106.3321360">
    <ele>3527.1</ele>
    <time>2026-10-04T17:15:44Z</time>
   </trkpt>
   <trkpt lat="41.3470920" lon="-106.3321370">
    <ele>3527.2</ele>
    <time>2026-10-04T17:15:45Z</time>
   </trkpt>
   <trkpt lat="41.3470780" lon="-106.3321370">
    <ele>3527.2</ele>
    <time>2026-10-04T17:15:46Z</time>
   </trkpt>
   <trkpt lat="41.3470610" lon="-106.3321470">
    <ele>3527.3</ele>
    <time>2026-10-04T17:15:47Z</time>
   </trkpt>
   <trkpt lat="41.3470550" lon="-106.3321530">
    <ele>3527.4</ele>
    <time>2026-10-04T17:15:48Z</time>
   </trkpt>
   <trkpt lat="41.3470450" lon="-106.3321630">
    <ele>3527.4</ele>
    <time>2026-10-04T17:15:49Z</time>
   </trkpt>
   <trkpt lat="41.3470350" lon="-106.3321860">
    <ele>3527.6</ele>
    <time>2026-10-04T17:15:50Z</time>
   </trkpt>
   <trkpt lat="41.3470260" lon="-106.3322010">
    <ele>3527.6</ele>
    <time>2026-10-04T17:15:51Z</time>
   </trkpt>
   <trkpt lat="41.3470200" lon="-106.3322240">
    <ele>3527.7</ele>
    <time>2026-10-04T17:15:52Z</time>
   </trkpt>
   <trkpt lat="41.3470110" lon="-106.3322310">
    <ele>3527.8</ele>
    <time>2026-10-04T17:15:53Z</time>
   </trkpt>
   <trkpt lat="41.3469990" lon="-106.3322510">
    <ele>3527.9</ele>
    <time>2026-10-04T17:15:54Z</time>
   </trkpt>
   <trkpt lat="41.3469940" lon="-106.3322610">
    <ele>3527.9</ele>
    <time>2026-10-04T17:15:55Z</time>
   </trkpt>
   <trkpt lat="41.3469890" lon="-106.3322750">
    <ele>3528.0</ele>
    <time>2026-10-04T17:15:56Z</time>
   </trkpt>
   <trkpt lat="41.3469770" lon="-106.3322860">
    <ele>3528.0</ele>
    <time>2026-10-04T17:15:57Z</time>
   </trkpt>
   <trkpt lat="41.3469660" lon="-106.3322970">
    <ele>3528.1</ele>
    <time>2026-10-04T17:15:58Z</time>
   </trkpt>
   <trkpt lat="41.3469510" lon="-106.3323130">
    <ele>3528.1</ele>
    <time>2026-10-04T17:15:59Z</time>
   </trkpt>
   <trkpt lat="41.3469440" lon="-106.3323200">
    <ele>3528.1</ele>
    <time>2026-10-04T17:16:00Z</time>
   </trkpt>
   <trkpt lat="41.3469340" lon="-106.3323370">
    <ele>3528.2</ele>
    <time>2026-10-04T17:16:01Z</time>
   </trkpt>
   <trkpt lat="41.3469220" lon="-106.3323550">
    <ele>3528.2</ele>
    <time>2026-10-04T17:16:02Z</time>
   </trkpt>
   <trkpt lat="41.3469110" lon="-106.3323650">
    <ele>3528.2</ele>
    <time>2026-10-04T17:16:03Z</time>
   </trkpt>
   <trkpt lat="41.3468970" lon="-106.3323800">
    <ele>3528.3</ele>
    <time>2026-10-04T17:16:04Z</time>
   </trkpt>
   <trkpt lat="41.3468810" lon="-106.3323940">
    <ele>3528.3</ele>
    <time>2026-10-04T17:16:05Z</time>
   </trkpt>
   <trkpt lat="41.3468710" lon="-106.3324110">
    <ele>3528.3</ele>
    <time>2026-10-04T17:16:06Z</time>
   </trkpt>
   <trkpt lat="41.3468530" lon="-106.3324250">
    <ele>3528.3</ele>
    <time>2026-10-04T17:16:07Z</time>
   </trkpt>
   <trkpt lat="41.3468450" lon="-106.3324410">
    <ele>3528.3</ele>
    <time>2026-10-04T17:16:08Z</time>
   </trkpt>
   <trkpt lat="41.3468360" lon="-106.3324600">
    <ele>3528.3</ele>
    <time>2026-10-04T17:16:09Z</time>
   </trkpt>
   <trkpt lat="41.3468290" lon="-106.3324730">
    <ele>3528.2</ele>
    <time>2026-10-04T17:16:10Z</time>
   </trkpt>
   <trkpt lat="41.3468150" lon="-106.3324980">
    <ele>3528.2</ele>
    <time>2026-10-04T17:16:11Z</time>
   </trkpt>
   <trkpt lat="41.3468060" lon="-106.3324980">
    <ele>3528.2</ele>
    <time>2026-10-04T17:16:12Z</time>
   </trkpt>
   <trkpt lat="41.3467950" lon="-106.3325080">
    <ele>3528.1</ele>
    <time>2026-10-04T17:16:13Z</time>
   </trkpt>
   <trkpt lat="41.3467870" lon="-106.3325270">
    <ele>3528.1</ele>
    <time>2026-10-04T17:16:14Z</time>
   </trkpt>
   <trkpt lat="41.3467740" lon="-106.3325400">
    <ele>3528.0</ele>
    <time>2026-10-04T17:16:15Z</time>
   </trkpt>
   <trkpt lat="41.3467580" lon="-106.3325510">
    <ele>3528.0</ele>
    <time>2026-10-04T17:16:16Z</time>
   </trkpt>
   <trkpt lat="41.3467520" lon="-106.3325640">
    <ele>3527.9</ele>
    <time>2026-10-04T17:16:17Z</time>
   </trkpt>
   <trkpt lat="41.3467460" lon="-106.3325740">
    <ele>3527.9</ele>
    <time>2026-10-04T17:16:18Z</time>
   </trkpt>
   <trkpt lat="41.3467390" lon="-106.3325930">
    <ele>3527.8</ele>
    <time>2026-10-04T17:16:19Z</time>
   </trkpt>
   <trkpt lat="41.3467340" lon="-106.3326110">
    <ele>3527.8</ele>
    <time>2026-10-04T17:16:20Z</time>
   </trkpt>
   <trkpt lat="41.3467260" lon="-106.3326300">
    <ele>3527.7</ele>
    <time>2026-10-04T17:16:21Z</time>
   </trkpt>
   <trkpt lat="41.3467050" lon="-106.3326540">
    <ele>3527.5</ele>
    <time>2026-10-04T17:16:22Z</time>
   </trkpt>
   <trkpt lat="41.3467010" lon="-106.3326630">
    <ele>3527.5</ele>
    <time>2026-10-04T17:16:23Z</time>
   </trkpt>
   <trkpt lat="41.3466880" lon="-106.3326800">
    <ele>3527.4</ele>
    <time>2026-10-04T17:16:24Z</time>
   </trkpt>
   <trkpt lat="41.3466850" lon="-106.3327060">
    <ele>3527.3</ele>
    <time>2026-10-04T17:16:25Z</time>
   </trkpt>
   <trkpt lat="41.3466780" lon="-106.3327190">
    <ele>3527.2</ele>
    <time>2026-10-04T17:16:26Z</time>
   </trkpt>
   <trkpt lat="41.3466670" lon="-106.3327420">
    <ele>3527.1</ele>
    <time>2026-10-04T17:16:27Z</time>
   </trkpt>
   <trkpt lat="41.3466740" lon="-106.3327570">
    <ele>3527.0</ele>
    <time>2026-10-04T17:16:28Z</time>
   </trkpt>
   <trkpt lat="41.3466680" lon="-106.3327810">
    <ele>3526.9</ele>
    <time>2026-10-04T17:16:29Z</time>
   </trkpt>
   <trkpt lat="41.3466600" lon="-106.3328010">
    <ele>3526.8</ele>
    <time>2026-10-04T17:16:30Z</time>
   </trkpt>
   <trkpt lat="41.3466510" lon="-106.3328240">
    <ele>3526.7</ele>
    <time>2026-10-04T17:16:31Z</time>
   </trkpt>
   <trkpt lat="41.3466490" lon="-106.3328470">
    <ele>3526.6</ele>
    <time>2026-10-04T17:16:32Z</time>
   </trkpt>
   <trkpt lat="41.3466430" lon="-106.3328740">
    <ele>3526.4</ele>
    <time>2026-10-04T17:16:33Z</time>
   </trkpt>
   <trkpt lat="41.3466320" lon="-106.3328920">
    <ele>3526.3</ele>
    <time>2026-10-04T17:16:34Z</time>
   </trkpt>
   <trkpt lat="41.3466240" lon="-106.3329100">
    <ele>3526.2</ele>
    <time>2026-10-04T17:16:35Z</time>
   </trkpt>
   <trkpt lat="41.3466070" lon="-106.3329250">
    <ele>3526.1</ele>
    <time>2026-10-04T17:16:36Z</time>
   </trkpt>
   <trkpt lat="41.3465940" lon="-106.3329380">
    <ele>3526.0</ele>
    <time>2026-10-04T17:16:37Z</time>
   </trkpt>
   <trkpt lat="41.3465870" lon="-106.3329570">
    <ele>3525.9</ele>
    <time>2026-10-04T17:16:38Z</time>
   </trkpt>
   <trkpt lat="41.3465800" lon="-106.3329710">
    <ele>3525.8</ele>
    <time>2026-10-04T17:16:39Z</time>
   </trkpt>
   <trkpt lat="41.3465770" lon="-106.3329900">
    <ele>3525.7</ele>
    <time>2026-10-04T17:16:40Z</time>
   </trkpt>
   <trkpt lat="41.3465780" lon="-106.3330130">
    <ele>3525.5</ele>
    <time>2026-10-04T17:16:41Z</time>
   </trkpt>
   <trkpt lat="41.3465780" lon="-106.3330310">
    <ele>3525.4</ele>
    <time>2026-10-04T17:16:42Z</time>
   </trkpt>
   <trkpt lat="41.3465670" lon="-106.3330460">
    <ele>3525.3</ele>
    <time>2026-10-04T17:16:43Z</time>
   </trkpt>
   <trkpt lat="41.3465570" lon="-106.3330620">
    <ele>3525.2</ele>
    <time>2026-10-04T17:16:44Z</time>
   </trkpt>
   <trkpt lat="41.3465540" lon="-106.3330840">
    <ele>3525.1</ele>
    <time>2026-10-04T17:16:45Z</time>
   </trkpt>
   <trkpt lat="41.3465470" lon="-106.3331030">
    <ele>3525.0</ele>
    <time>2026-10-04T17:16:46Z</time>
   </trkpt>
   <trkpt lat="41.3465310" lon="-106.3331190">
    <ele>3524.9</ele>
    <time>2026-10-04T17:16:47Z</time>
   </trkpt>
   <trkpt lat="41.3465230" lon="-106.3331370">
    <ele>3524.8</ele>
    <time>2026-10-04T17:16:48Z</time>
   </trkpt>
   <trkpt lat="41.3465140" lon="-106.3331590">
    <ele>3524.7</ele>
    <time>2026-10-04T17:16:49Z</time>
   </trkpt>
   <trkpt lat="41.3465130" lon="-106.3331880">
    <ele>3524.6</ele>
    <time>2026-10-04T17:16:50Z</time>
   </trkpt>
   <trkpt lat="41.3464960" lon="-106.3332100">
    <ele>3524.5</ele>
    <time>2026-10-04T17:16:51Z</time>
   </trkpt>
   <trkpt lat="41.3464690" lon="-106.3332300">
    <ele>3524.3</ele>
    <time>2026-10-04T17:16:52Z</time>
   </trkpt>
   <trkpt lat="41.3464580" lon="-106.3332500">
    <ele>3524.2</ele>
    <time>2026-10-04T17:16:53Z</time>
   </trkpt>
   <trkpt lat="41.3464450" lon="-106.3332710">
    <ele>3524.2</ele>
    <time>2026-10-04T17:16:54Z</time>
   </trkpt>
   <trkpt lat="41.3464300" lon="-106.3332900">
    <ele>3524.1</ele>
    <time>2026-10-04T17:16:55Z</time>
   </trkpt>
   <trkpt lat="41.3464170" lon="-106.3333120">
    <ele>3524.0</ele>
    <time>2026-10-04T17:16:56Z</time>
   </trkpt>
   <trkpt lat="41.3464040" lon="-106.3333440">
    <ele>3523.9</ele>
    <time>2026-10-04T17:16:57Z</time>
   </trkpt>
   <trkpt lat="41.3463890" lon="-106.3333600">
    <ele>3523.8</ele>
    <time>2026-10-04T17:16:58Z</time>
   </trkpt>
   <trkpt lat="41.3463690" lon="-106.3333700">
    <ele>3523.7</ele>
    <time>2026-10-04T17:16:59Z</time>
   </trkpt>
   <trkpt lat="41.3463510" lon="-106.3333870">
    <ele>3523.7</ele>
    <time>2026-10-04T17:17:00Z</time>
   </trkpt>
   <trkpt lat="41.3463350" lon="-106.3334010">
    <ele>3523.6</ele>
    <time>2026-10-04T17:17:01Z</time>
   </trkpt>
   <trkpt lat="41.3463130" lon="-106.3334170">
    <ele>3523.5</ele>
    <time>2026-10-04T17:17:02Z</time>
   </trkpt>
   <trkpt lat="41.3463040" lon="-106.3334460">
    <ele>3523.4</ele>
    <time>2026-10-04T17:17:03Z</time>
   </trkpt>
   <trkpt lat="41.3462910" lon="-106.3334640">
    <ele>3523.4</ele>
    <time>2026-10-04T17:17:04Z</time>
   </trkpt>
   <trkpt lat="41.3462730" lon="-106.3334690">
    <ele>3523.4</ele>
    <time>2026-10-04T17:17:05Z</time>
   </trkpt>
   <trkpt lat="41.3462560" lon="-106.3334780">
    <ele>3523.3</ele>
    <time>2026-10-04T17:17:06Z</time>
   </trkpt>
   <trkpt lat="41.3462380" lon="-106.3334870">
    <ele>3523.3</ele>
    <time>2026-10-04T17:17:07Z</time>
   </trkpt>
   <trkpt lat="41.3462200" lon="-106.3334920">
    <ele>3523.3</ele>
    <time>2026-10-04T17:17:08Z</time>
   </trkpt>
   <trkpt lat="41.3462020" lon="-106.3334840">
    <ele>3523.2</ele>
    <time>2026-10-04T17:17:09Z</time>
   </trkpt>
   <trkpt lat="41.3461840" lon="-106.3334870">
    <ele>3523.2</ele>
    <time>2026-10-04T17:17:10Z</time>
   </trkpt>
   <trkpt lat="41.3461600" lon="-106.3334700">
    <ele>3523.1</ele>
    <time>2026-10-04T17:17:11Z</time>
   </trkpt>
   <trkpt lat="41.3461430" lon="-106.3334690">
    <ele>3523.1</ele>
    <time>2026-10-04T17:17:12Z</time>
   </trkpt>
   <trkpt lat="41.3461220" lon="-106.3334880">
    <ele>3523.1</ele>
    <time>2026-10-04T17:17:13Z</time>
   </trkpt>
   <trkpt lat="41.3461060" lon="-106.3334970">
    <ele>3523.1</ele>
    <time>2026-10-04T17:17:14Z</time>
   </trkpt>
   <trkpt lat="41.3460930" lon="-106.3335080">
    <ele>3523.1</ele>
    <time>2026-10-04T17:17:15Z</time>
   </trkpt>
   <trkpt lat="41.3460760" lon="-106.3335220">
    <ele>3523.0</ele>
    <time>2026-10-04T17:17:16Z</time>
   </trkpt>
   <trkpt lat="41.3460520" lon="-106.3335230">
    <ele>3523.0</ele>
    <time>2026-10-04T17:17:17Z</time>
   </trkpt>
   <trkpt lat="41.3460350" lon="-106.3335330">
    <ele>3523.0</ele>
    <time>2026-10-04T17:17:18Z</time>
   </trkpt>
   <trkpt lat="41.3460110" lon="-106.3335280">
    <ele>3523.0</ele>
    <time>2026-10-04T17:17:19Z</time>
   </trkpt>
   <trkpt lat="41.3459890" lon="-106.3335310">
    <ele>3523.0</ele>
    <time>2026-10-04T17:17:20Z</time>
   </trkpt>
   <trkpt lat="41.3459670" lon="-106.3335310">
    <ele>3522.9</ele>
    <time>2026-10-04T17:17:21Z</time>
   </trkpt>
   <trkpt lat="41.3459440" lon="-106.3335420">
    <ele>3522.9</ele>
    <time>2026-10-04T17:17:22Z</time>
   </trkpt>
   <trkpt lat="41.3459200" lon="-106.3335410">
    <ele>3522.9</ele>
    <time>2026-10-04T17:17:23Z</time>
   </trkpt>
   <trkpt lat="41.3459070" lon="-106.3335570">
    <ele>3522.9</ele>
    <time>2026-10-04T17:17:24Z</time>
   </trkpt>
   <trkpt lat="41.3458930" lon="-106.3335330">
    <ele>3522.9</ele>
    <time>2026-10-04T17:17:25Z</time>
   </trkpt>
   <trkpt lat="41.3458800" lon="-106.3335230">
    <ele>3522.9</ele>
    <time>2026-10-04T17:17:26Z</time>
   </trkpt>
   <trkpt lat="41.3458650" lon="-106.3335200">
    <ele>3522.9</ele>
    <time>2026-10-04T17:17:27Z</time>
   </trkpt>
   <trkpt lat="41.3458510" lon="-106.3335260">
    <ele>3522.9</ele>
    <time>2026-10-04T17:17:28Z</time>
   </trkpt>
   <trkpt lat="41.3458340" lon="-106.3335240">
    <ele>3522.9</ele>
    <time>2026-10-04T17:17:29Z</time>
   </trkpt>
   <trkpt lat="41.3458260" lon="-106.3334930">
    <ele>3522.9</ele>
    <time>2026-10-04T17:17:30Z</time>
   </trkpt>
   <trkpt lat="41.3458250" lon="-106.3334660">
    <ele>3522.9</ele>
    <time>2026-10-04T17:17:31Z</time>
   </trkpt>
   <trkpt lat="41.3458150" lon="-106.3334590">
    <ele>3522.9</ele>
    <time>2026-10-04T17:17:32Z</time>
   </trkpt>
   <trkpt lat="41.3457900" lon="-106.3334670">
    <ele>3522.9</ele>
    <time>2026-10-04T17:17:33Z</time>
   </trkpt>
   <trkpt lat="41.3457650" lon="-106.3334790">
    <ele>3522.9</ele>
    <time>2026-10-04T17:17:34Z</time>
   </trkpt>
   <trkpt lat="41.3457380" lon="-106.3334780">
    <ele>3522.9</ele>
    <time>2026-10-04T17:17:35Z</time>
   </trkpt>
   <trkpt lat="41.3457170" lon="-106.3334840">
    <ele>3522.8</ele>
    <time>2026-10-04T17:17:36Z</time>
   </trkpt>
   <trkpt lat="41.3456990" lon="-106.3334840">
    <ele>3522.8</ele>
    <time>2026-10-04T17:17:37Z</time>
   </trkpt>
   <trkpt lat="41.3456790" lon="-106.3334940">
    <ele>3522.8</ele>
    <time>2026-10-04T17:17:38Z</time>
   </trkpt>
   <trkpt lat="41.3456660" lon="-106.3334840">
    <ele>3522.8</ele>
    <time>2026-10-04T17:17:39Z</time>
   </trkpt>
   <trkpt lat="41.3456460" lon="-106.3334600">
    <ele>3522.8</ele>
    <time>2026-10-04T17:17:40Z</time>
   </trkpt>
   <trkpt lat="41.3456260" lon="-106.3334610">
    <ele>3522.8</ele>
    <time>2026-10-04T17:17:41Z</time>
   </trkpt>
   <trkpt lat="41.3456140" lon="-106.3334670">
    <ele>3522.8</ele>
    <time>2026-10-04T17:17:42Z</time>
   </trkpt>
   <trkpt lat="41.3456030" lon="-106.3334600">
    <ele>3522.8</ele>
    <time>2026-10-04T17:17:43Z</time>
   </trkpt>
   <trkpt lat="41.3455880" lon="-106.3334500">
    <ele>3522.8</ele>
    <time>2026-10-04T17:17:44Z</time>
   </trkpt>
   <trkpt lat="41.3455760" lon="-106.3334420">
    <ele>3522.8</ele>
    <time>2026-10-04T17:17:45Z</time>
   </trkpt>
   <trkpt lat="41.3455620" lon="-106.3334270">
    <ele>3522.8</ele>
    <time>2026-10-04T17:17:46Z</time>
   </trkpt>
   <trkpt lat="41.3455520" lon="-106.3334090">
    <ele>3522.8</ele>
    <time>2026-10-04T17:17:47Z</time>
   </trkpt>
   <trkpt lat="41.3455430" lon="-106.3333910">
    <ele>3522.8</ele>
    <time>2026-10-04T17:17:48Z</time>
   </trkpt>
   <trkpt lat="41.3455280" lon="-106.3333850">
    <ele>3522.8</ele>
    <time>2026-10-04T17:17:49Z</time>
   </trkpt>
   <trkpt lat="41.3455130" lon="-106.3333720">
    <ele>3522.9</ele>
    <time>2026-10-04T17:17:50Z</time>
   </trkpt>
   <trkpt lat="41.3454940" lon="-106.3333600">
    <ele>3522.9</ele>
    <time>2026-10-04T17:17:51Z</time>
   </trkpt>
   <trkpt lat="41.3454750" lon="-106.3333560">
    <ele>3522.9</ele>
    <time>2026-10-04T17:17:52Z</time>
   </trkpt>
   <trkpt lat="41.3454700" lon="-106.3333500">
    <ele>3522.9</ele>
    <time>2026-10-04T17:17:53Z</time>
   </trkpt>
   <trkpt lat="41.3454550" lon="-106.3333470">
    <ele>3522.9</ele>
    <time>2026-10-04T17:17:54Z</time>
   </trkpt>
   <trkpt lat="41.3454460" lon="-106.3333290">
    <ele>3522.9</ele>
    <time>2026-10-04T17:17:55Z</time>
   </trkpt>
   <trkpt lat="41.3454300" lon="-106.3333470">
    <ele>3522.9</ele>
    <time>2026-10-04T17:17:56Z</time>
   </trkpt>
   <trkpt lat="41.3454190" lon="-106.3333360">
    <ele>3522.9</ele>
    <time>2026-10-04T17:17:57Z</time>
   </trkpt>
   <trkpt lat="41.3454080" lon="-106.3333080">
    <ele>3522.9</ele>
    <time>2026-10-04T17:17:58Z</time>
   </trkpt>
   <trkpt lat="41.3453960" lon="-106.3332930">
    <ele>3522.9</ele>
    <time>2026-10-04T17:17:59Z</time>
   </trkpt>
   <trkpt lat="41.3453870" lon="-106.3332780">
    <ele>3522.9</ele>
    <time>2026-10-04T17:18:00Z</time>
   </trkpt>
   <trkpt lat="41.3453780" lon="-106.3332590">
    <ele>3522.9</ele>
    <time>2026-10-04T17:18:01Z</time>
   </trkpt>
   <trkpt lat="41.3453690" lon="-106.3332420">
    <ele>3522.9</ele>
    <time>2026-10-04T17:18:02Z</time>
   </trkpt>
   <trkpt lat="41.3453550" lon="-106.3332340">
    <ele>3522.9</ele>
    <time>2026-10-04T17:18:03Z</time>
   </trkpt>
   <trkpt lat="41.3453420" lon="-106.3332250">
    <ele>3522.9</ele>
    <time>2026-10-04T17:18:04Z</time>
   </trkpt>
   <trkpt lat="41.3453280" lon="-106.3332160">
    <ele>3522.8</ele>
    <time>2026-10-04T17:18:05Z</time>
   </trkpt>
   <trkpt lat="41.3453120" lon="-106.3332130">
    <ele>3522.8</ele>
    <time>2026-10-04T17:18:06Z</time>
   </trkpt>
   <trkpt lat="41.3452960" lon="-106.3332100">
    <ele>3522.8</ele>
    <time>2026-10-04T17:18:07Z</time>
   </trkpt>
   <trkpt lat="41.3452860" lon="-106.3331980">
    <ele>3522.8</ele>
    <time>2026-10-04T17:18:08Z</time>
   </trkpt>
   <trkpt lat="41.3452760" lon="-106.3331760">
    <ele>3522.7</ele>
    <time>2026-10-04T17:18:09Z</time>
   </trkpt>
   <trkpt lat="41.3452590" lon="-106.3331740">
    <ele>3522.7</ele>
    <time>2026-10-04T17:18:10Z</time>
   </trkpt>
   <trkpt lat="41.3452420" lon="-106.3331690">
    <ele>3522.6</ele>
    <time>2026-10-04T17:18:11Z</time>
   </trkpt>
   <trkpt lat="41.3452310" lon="-106.3331590">
    <ele>3522.6</ele>
    <time>2026-10-04T17:18:12Z</time>
   </trkpt>
   <trkpt lat="41.3452190" lon="-106.3331580">
    <ele>3522.5</ele>
    <time>2026-10-04T17:18:13Z</time>
   </trkpt>
   <trkpt lat="41.3452060" lon="-106.3331510">
    <ele>3522.5</ele>
    <time>2026-10-04T17:18:14Z</time>
   </trkpt>
   <trkpt lat="41.3451920" lon="-106.3331480">
    <ele>3522.4</ele>
    <time>2026-10-04T17:18:15Z</time>
   </trkpt>
   <trkpt lat="41.3451780" lon="-106.3331380">
    <ele>3522.4</ele>
    <time>2026-10-04T17:18:16Z</time>
   </trkpt>
   <trkpt lat="41.3451660" lon="-106.3331220">
    <ele>3522.3</ele>
    <time>2026-10-04T17:18:17Z</time>
   </trkpt>
   <trkpt lat="41.3451550" lon="-106.3331140">
    <ele>3522.3</ele>
    <time>2026-10-04T17:18:18Z</time>
   </trkpt>
   <trkpt lat="41.3451430" lon="-106.3331010">
    <ele>3522.2</ele>
    <time>2026-10-04T17:18:19Z</time>
   </trkpt>
   <trkpt lat="41.3451300" lon="-106.3330820">
    <ele>3522.1</ele>
    <time>2026-10-04T17:18:20Z</time>
   </trkpt>
   <trkpt lat="41.3451200" lon="-106.3330620">
    <ele>3522.0</ele>
    <time>2026-10-04T17:18:21Z</time>
   </trkpt>
   <trkpt lat="41.3451000" lon="-106.3330580">
    <ele>3521.9</ele>
    <time>2026-10-04T17:18:22Z</time>
   </trkpt>
   <trkpt lat="41.3450840" lon="-106.3330530">
    <ele>3521.8</ele>
    <time>2026-10-04T17:18:23Z</time>
   </trkpt>
   <trkpt lat="41.3450700" lon="-106.3330460">
    <ele>3521.8</ele>
    <time>2026-10-04T17:18:24Z</time>
   </trkpt>
   <trkpt lat="41.3450550" lon="-106.3330360">
    <ele>3521.7</ele>
    <time>2026-10-04T17:18:25Z</time>
   </trkpt>
   <trkpt lat="41.3450400" lon="-106.3330320">
    <ele>3521.6</ele>
    <time>2026-10-04T17:18:26Z</time>
   </trkpt>
   <trkpt lat="41.3450210" lon="-106.3330380">
    <ele>3521.5</ele>
    <time>2026-10-04T17:18:27Z</time>
   </trkpt>
   <trkpt lat="41.3450040" lon="-106.3330310">
    <ele>3521.4</ele>
    <time>2026-10-04T17:18:28Z</time>
   </trkpt>
   <trkpt lat="41.3449840" lon="-106.3330280">
    <ele>3521.3</ele>
    <time>2026-10-04T17:18:29Z</time>
   </trkpt>
   <trkpt lat="41.3449700" lon="-106.3330210">
    <ele>3521.2</ele>
    <time>2026-10-04T17:18:30Z</time>
   </trkpt>
   <trkpt lat="41.3449530" lon="-106.3330270">
    <ele>3521.1</ele>
    <time>2026-10-04T17:18:31Z</time>
   </trkpt>
   <trkpt lat="41.3449410" lon="-106.3330110">
    <ele>3521.0</ele>
    <time>2026-10-04T17:18:32Z</time>
   </trkpt>
   <trkpt lat="41.3449250" lon="-106.3330110">
    <ele>3520.9</ele>
    <time>2026-10-04T17:18:33Z</time>
   </trkpt>
   <trkpt lat="41.3449080" lon="-106.3330210">
    <ele>3520.7</ele>
    <time>2026-10-04T17:18:34Z</time>
   </trkpt>
   <trkpt lat="41.3448920" lon="-106.3330080">
    <ele>3520.6</ele>
    <time>2026-10-04T17:18:35Z</time>
   </trkpt>
   <trkpt lat="41.3448790" lon="-106.3329980">
    <ele>3520.5</ele>
    <time>2026-10-04T17:18:36Z</time>
   </trkpt>
   <trkpt lat="41.3448630" lon="-106.3330010">
    <ele>3520.4</ele>
    <time>2026-10-04T17:18:37Z</time>
   </trkpt>
   <trkpt lat="41.3448500" lon="-106.3329890">
    <ele>3520.3</ele>
    <time>2026-10-04T17:18:38Z</time>
   </trkpt>
   <trkpt lat="41.3448350" lon="-106.3329950">
    <ele>3520.2</ele>
    <time>2026-10-04T17:18:39Z</time>
   </trkpt>
   <trkpt lat="41.3448180" lon="-106.3329940">
    <ele>3520.0</ele>
    <time>2026-10-04T17:18:40Z</time>
   </trkpt>
   <trkpt lat="41.3448030" lon="-106.3329870">
    <ele>3519.9</ele>
    <time>2026-10-04T17:18:41Z</time>
   </trkpt>
   <trkpt lat="41.3447880" lon="-106.3330010">
    <ele>3519.7</ele>
    <time>2026-10-04T17:18:42Z</time>
   </trkpt>
   <trkpt lat="41.3447730" lon="-106.3329940">
    <ele>3519.6</ele>
    <time>2026-10-04T17:18:43Z</time>
   </trkpt>
   <trkpt lat="41.3447560" lon="-106.3330000">
    <ele>3519.5</ele>
    <time>2026-10-04T17:18:44Z</time>
   </trkpt>
   <trkpt lat="41.3447390" lon="-106.3329920">
    <ele>3519.3</ele>
    <time>2026-10-04T17:18:45Z</time>
   </trkpt>
   <trkpt lat="41.3447240" lon="-106.3329900">
    <ele>3519.1</ele>
    <time>2026-10-04T17:18:46Z</time>
   </trkpt>
   <trkpt lat="41.3447050" lon="-106.3329940">
    <ele>3519.0</ele>
    <time>2026-10-04T17:18:47Z</time>
   </trkpt>
   <trkpt lat="41.3446890" lon="-106.3329950">
    <ele>3518.8</ele>
    <time>2026-10-04T17:18:48Z</time>
   </trkpt>
   <trkpt lat="41.3446720" lon="-106.3329850">
    <ele>3518.6</ele>
    <time>2026-10-04T17:18:49Z</time>
   </trkpt>
   <trkpt lat="41.3446580" lon="-106.3329660">
    <ele>3518.4</ele>
    <time>2026-10-04T17:18:50Z</time>
   </trkpt>
   <trkpt lat="41.3446450" lon="-106.3329510">
    <ele>3518.2</ele>
    <time>2026-10-04T17:18:51Z</time>
   </trkpt>
   <trkpt lat="41.3446250" lon="-106.3329540">
    <ele>3517.9</ele>
    <time>2026-10-04T17:18:52Z</time>
   </trkpt>
   <trkpt lat="41.3446140" lon="-106.3329470">
    <ele>3517.8</ele>
    <time>2026-10-04T17:18:53Z</time>
   </trkpt>
   <trkpt lat="41.3445970" lon="-106.3329560">
    <ele>3517.6</ele>
    <time>2026-10-04T17:18:54Z</time>
   </trkpt>
   <trkpt lat="41.3445770" lon="-106.3329740">
    <ele>3517.3</ele>
    <time>2026-10-04T17:18:55Z</time>
   </trkpt>
   <trkpt lat="41.3445610" lon="-106.3329720">
    <ele>3517.0</ele>
    <time>2026-10-04T17:18:56Z</time>
   </trkpt>
   <trkpt lat="41.3445500" lon="-106.3329550">
    <ele>3516.8</ele>
    <time>2026-10-04T17:18:57Z</time>
   </trkpt>
   <trkpt lat="41.3445370" lon="-106.3329370">
    <ele>3516.5</ele>
    <time>2026-10-04T17:18:58Z</time>
   </trkpt>
   <trkpt lat="41.3445210" lon="-106.3329340">
    <ele>3516.3</ele>
    <time>2026-10-04T17:18:59Z</time>
   </trkpt>
   <trkpt lat="41.3445030" lon="-106.3329280">
    <ele>3516.0</ele>
    <time>2026-10-04T17:19:00Z</time>
   </trkpt>
   <trkpt lat="41.3444850" lon="-106.3329260">
    <ele>3515.7</ele>
    <time>2026-10-04T17:19:01Z</time>
   </trkpt>
   <trkpt lat="41.3444680" lon="-106.3329250">
    <ele>3515.4</ele>
    <time>2026-10-04T17:19:02Z</time>
   </trkpt>
   <trkpt lat="41.3444530" lon="-106.3329350">
    <ele>3515.1</ele>
    <time>2026-10-04T17:19:03Z</time>
   </trkpt>
   <trkpt lat="41.3444410" lon="-106.3329460">
    <ele>3514.8</ele>
    <time>2026-10-04T17:19:04Z</time>
   </trkpt>
   <trkpt lat="41.3444280" lon="-106.3329340">
    <ele>3514.5</ele>
    <time>2026-10-04T17:19:05Z</time>
   </trkpt>
   <trkpt lat="41.3444110" lon="-106.3329360">
    <ele>3514.2</ele>
    <time>2026-10-04T17:19:06Z</time>
   </trkpt>
   <trkpt lat="41.3443980" lon="-106.3329360">
    <ele>3514.0</ele>
    <time>2026-10-04T17:19:07Z</time>
   </trkpt>
   <trkpt lat="41.3443850" lon="-106.3329380">
    <ele>3513.7</ele>
    <time>2026-10-04T17:19:08Z</time>
   </trkpt>
   <trkpt lat="41.3443670" lon="-106.3329450">
    <ele>3513.4</ele>
    <time>2026-10-04T17:19:09Z</time>
   </trkpt>
   <trkpt lat="41.3443540" lon="-106.3329580">
    <ele>3513.1</ele>
    <time>2026-10-04T17:19:10Z</time>
   </trkpt>
   <trkpt lat="41.3443410" lon="-106.3329510">
    <ele>3512.8</ele>
    <time>2026-10-04T17:19:11Z</time>
   </trkpt>
   <trkpt lat="41.3443290" lon="-106.3329630">
    <ele>3512.5</ele>
    <time>2026-10-04T17:19:12Z</time>
   </trkpt>
   <trkpt lat="41.3443280" lon="-106.3329710">
    <ele>3512.4</ele>
    <time>2026-10-04T17:19:13Z</time>
   </trkpt>
   <trkpt lat="41.3443220" lon="-106.3329900">
    <ele>3512.1</ele>
    <time>2026-10-04T17:19:14Z</time>
   </trkpt>
   <trkpt lat="41.3443180" lon="-106.3330140">
    <ele>3511.8</ele>
    <time>2026-10-04T17:19:15Z</time>
   </trkpt>
   <trkpt lat="41.3443090" lon="-106.3330280">
    <ele>3511.6</ele>
    <time>2026-10-04T17:19:16Z</time>
   </trkpt>
   <trkpt lat="41.3442990" lon="-106.3330350">
    <ele>3511.4</ele>
    <time>2026-10-04T17:19:17Z</time>
   </trkpt>
   <trkpt lat="41.3443010" lon="-106.3330520">
    <ele>3511.1</ele>
    <time>2026-10-04T17:19:18Z</time>
   </trkpt>
   <trkpt lat="41.3442880" lon="-106.3330750">
    <ele>3510.8</ele>
    <time>2026-10-04T17:19:19Z</time>
   </trkpt>
   <trkpt lat="41.3442800" lon="-106.3330960">
    <ele>3510.5</ele>
    <time>2026-10-04T17:19:20Z</time>
   </trkpt>
   <trkpt lat="41.3442740" lon="-106.3331120">
    <ele>3510.2</ele>
    <time>2026-10-04T17:19:21Z</time>
   </trkpt>
   <trkpt lat="41.3442600" lon="-106.3331290">
    <ele>3509.9</ele>
    <time>2026-10-04T17:19:22Z</time>
   </trkpt>
   <trkpt lat="41.3442490" lon="-106.3331480">
    <ele>3509.6</ele>
    <time>2026-10-04T17:19:23Z</time>
   </trkpt>
   <trkpt lat="41.3442420" lon="-106.3331690">
    <ele>3509.3</ele>
    <time>2026-10-04T17:19:24Z</time>
   </trkpt>
   <trkpt lat="41.3442380" lon="-106.3331880">
    <ele>3509.1</ele>
    <time>2026-10-04T17:19:25Z</time>
   </trkpt>
   <trkpt lat="41.3442250" lon="-106.3332050">
    <ele>3508.8</ele>
    <time>2026-10-04T17:19:26Z</time>
   </trkpt>
   <trkpt lat="41.3442150" lon="-106.3332180">
    <ele>3508.5</ele>
    <time>2026-10-04T17:19:27Z</time>
   </trkpt>
   <trkpt lat="41.3441990" lon="-106.3332300">
    <ele>3508.2</ele>
    <time>2026-10-04T17:19:28Z</time>
   </trkpt>
   <trkpt lat="41.3441930" lon="-106.3332530">
    <ele>3507.9</ele>
    <time>2026-10-04T17:19:29Z</time>
   </trkpt>
   <trkpt lat="41.3441760" lon="-106.3332660">
    <ele>3507.5</ele>
    <time>2026-10-04T17:19:30Z</time>
   </trkpt>
   <trkpt lat="41.3441640" lon="-106.3332900">
    <ele>3507.1</ele>
    <time>2026-10-04T17:19:31Z</time>
   </trkpt>
   <trkpt lat="41.3441460" lon="-106.3333080">
    <ele>3506.7</ele>
    <time>2026-10-04T17:19:32Z</time>
   </trkpt>
   <trkpt lat="41.3441330" lon="-106.3333220">
    <ele>3506.4</ele>
    <time>2026-10-04T17:19:33Z</time>
   </trkpt>
   <trkpt lat="41.3441350" lon="-106.3333350">
    <ele>3506.2</ele>
    <time>2026-10-04T17:19:34Z</time>
   </trkpt>
   <trkpt lat="41.3441250" lon="-106.3333410">
    <ele>3506.0</ele>
    <time>2026-10-04T17:19:35Z</time>
   </trkpt>
   <trkpt lat="41.3441110" lon="-106.3333330">
    <ele>3505.7</ele>
    <time>2026-10-04T17:19:36Z</time>
   </trkpt>
   <trkpt lat="41.3440990" lon="-106.3333390">
    <ele>3505.4</ele>
    <time>2026-10-04T17:19:37Z</time>
   </trkpt>
   <trkpt lat="41.3440870" lon="-106.3333470">
    <ele>3505.2</ele>
    <time>2026-10-04T17:19:38Z</time>
   </trkpt>
   <trkpt lat="41.3440800" lon="-106.3333680">
    <ele>3504.8</ele>
    <time>2026-10-04T17:19:39Z</time>
   </trkpt>
   <trkpt lat="41.3440750" lon="-106.3333750">
    <ele>3504.7</ele>
    <time>2026-10-04T17:19:40Z</time>
   </trkpt>
   <trkpt lat="41.3440660" lon="-106.3333860">
    <ele>3504.4</ele>
    <time>2026-10-04T17:19:41Z</time>
   </trkpt>
   <trkpt lat="41.3440580" lon="-106.3334040">
    <ele>3504.1</ele>
    <time>2026-10-04T17:19:42Z</time>
   </trkpt>
   <trkpt lat="41.3440530" lon="-106.3334200">
    <ele>3503.9</ele>
    <time>2026-10-04T17:19:43Z</time>
   </trkpt>
   <trkpt lat="41.3440500" lon="-106.3334410">
    <ele>3503.6</ele>
    <time>2026-10-04T17:19:44Z</time>
   </trkpt>
   <trkpt lat="41.3440470" lon="-106.3334570">
    <ele>3503.3</ele>
    <time>2026-10-04T17:19:45Z</time>
   </trkpt>
   <trkpt lat="41.3440510" lon="-106.3334790">
    <ele>3503.0</ele>
    <time>2026-10-04T17:19:46Z</time>
   </trkpt>
   <trkpt lat="41.3440560" lon="-106.3334980">
    <ele>3502.7</ele>
    <time>2026-10-04T17:19:47Z</time>
   </trkpt>
   <trkpt lat="41.3440690" lon="-106.3335170">
    <ele>3502.3</ele>
    <time>2026-10-04T17:19:48Z</time>
   </trkpt>
   <trkpt lat="41.3440760" lon="-106.3335220">
    <ele>3502.2</ele>
    <time>2026-10-04T17:19:49Z</time>
   </trkpt>
   <trkpt lat="41.3440710" lon="-106.3335310">
    <ele>3502.0</ele>
    <time>2026-10-04T17:19:50Z</time>
   </trkpt>
   <trkpt lat="41.3440640" lon="-106.3335420">
    <ele>3501.8</ele>
    <time>2026-10-04T17:19:51Z</time>
   </trkpt>
   <trkpt lat="41.3440550" lon="-106.3335570">
    <ele>3501.6</ele>
    <time>2026-10-04T17:19:52Z</time>
   </trkpt>
   <trkpt lat="41.3440440" lon="-106.3335680">
    <ele>3501.3</ele>
    <time>2026-10-04T17:19:53Z</time>
   </trkpt>
   <trkpt lat="41.3440270" lon="-106.3335770">
    <ele>3501.0</ele>
    <time>2026-10-04T17:19:54Z</time>
   </trkpt>
   <trkpt lat="41.3440080" lon="-106.3335950">
    <ele>3500.6</ele>
    <time>2026-10-04T17:19:55Z</time>
   </trkpt>
   <trkpt lat="41.3439940" lon="-106.3336120">
    <ele>3500.3</ele>
    <time>2026-10-04T17:19:56Z</time>
   </trkpt>
   <trkpt lat="41.3439890" lon="-106.3336290">
    <ele>3500.1</ele>
    <time>2026-10-04T17:19:57Z</time>
   </trkpt>
   <trkpt lat="41.3439800" lon="-106.3336460">
    <ele>3499.8</ele>
    <time>2026-10-04T17:19:58Z</time>
   </trkpt>
   <trkpt lat="41.3439820" lon="-106.3336660">
    <ele>3499.6</ele>
    <time>2026-10-04T17:19:59Z</time>
   </trkpt>
   <trkpt lat="41.3439730" lon="-106.3336850">
    <ele>3499.3</ele>
    <time>2026-10-04T17:20:00Z</time>
   </trkpt>
   <trkpt lat="41.3439660" lon="-106.3336960">
    <ele>3499.2</ele>
    <time>2026-10-04T17:20:01Z</time>
   </trkpt>
   <trkpt lat="41.3439590" lon="-106.3337080">
    <ele>3499.0</ele>
    <time>2026-10-04T17:20:02Z</time>
   </trkpt>
   <trkpt lat="41.3439520" lon="-106.3337250">
    <ele>3498.8</ele>
    <time>2026-10-04T17:20:03Z</time>
   </trkpt>
   <trkpt lat="41.3439390" lon="-106.3337350">
    <ele>3498.6</ele>
    <time>2026-10-04T17:20:04Z</time>
   </trkpt>
   <trkpt lat="41.3439360" lon="-106.3337540">
    <ele>3498.4</ele>
    <time>2026-10-04T17:20:05Z</time>
   </trkpt>
   <trkpt lat="41.3439220" lon="-106.3337770">
    <ele>3498.1</ele>
    <time>2026-10-04T17:20:06Z</time>
   </trkpt>
   <trkpt lat="41.3439160" lon="-106.3337980">
    <ele>3497.8</ele>
    <time>2026-10-04T17:20:07Z</time>
   </trkpt>
   <trkpt lat="41.3438990" lon="-106.3338150">
    <ele>3497.6</ele>
    <time>2026-10-04T17:20:08Z</time>
   </trkpt>
   <trkpt lat="41.3438960" lon="-106.3338340">
    <ele>3497.4</ele>
    <time>2026-10-04T17:20:09Z</time>
   </trkpt>
   <trkpt lat="41.3438860" lon="-106.3338480">
    <ele>3497.2</ele>
    <time>2026-10-04T17:20:10Z</time>
   </trkpt>
   <trkpt lat="41.3438670" lon="-106.3338540">
    <ele>3496.9</ele>
    <time>2026-10-04T17:20:11Z</time>
   </trkpt>
   <trkpt lat="41.3438700" lon="-106.3338740">
    <ele>3496.7</ele>
    <time>2026-10-04T17:20:12Z</time>
   </trkpt>
   <trkpt lat="41.3438540" lon="-106.3338790">
    <ele>3496.5</ele>
    <time>2026-10-04T17:20:13Z</time>
   </trkpt>
   <trkpt lat="41.3438430" lon="-106.3338830">
    <ele>3496.3</ele>
    <time>2026-10-04T17:20:14Z</time>
   </trkpt>
   <trkpt lat="41.3438290" lon="-106.3338900">
    <ele>3496.1</ele>
    <time>2026-10-04T17:20:15Z</time>
   </trkpt>
   <trkpt lat="41.3438160" lon="-106.3338920">
    <ele>3496.0</ele>
    <time>2026-10-04T17:20:16Z</time>
   </trkpt>
   <trkpt lat="41.3437960" lon="-106.3338890">
    <ele>3495.7</ele>
    <time>2026-10-04T17:20:17Z</time>
   </trkpt>
   <trkpt lat="41.3437800" lon="-106.3339000">
    <ele>3495.5</ele>
    <time>2026-10-04T17:20:18Z</time>
   </trkpt>
   <trkpt lat="41.3437660" lon="-106.3338960">
    <ele>3495.3</ele>
    <time>2026-10-04T17:20:19Z</time>
   </trkpt>
   <trkpt lat="41.3437520" lon="-106.3338860">
    <ele>3495.1</ele>
    <time>2026-10-04T17:20:20Z</time>
   </trkpt>
   <trkpt lat="41.3437380" lon="-106.3338890">
    <ele>3494.9</ele>
    <time>2026-10-04T17:20:21Z</time>
   </trkpt>
   <trkpt lat="41.3437170" lon="-106.3338890">
    <ele>3494.6</ele>
    <time>2026-10-04T17:20:22Z</time>
   </trkpt>
   <trkpt lat="41.3436960" lon="-106.3338960">
    <ele>3494.3</ele>
    <time>2026-10-04T17:20:23Z</time>
   </trkpt>
   <trkpt lat="41.3436760" lon="-106.3339010">
    <ele>3494.1</ele>
    <time>2026-10-04T17:20:24Z</time>
   </trkpt>
   <trkpt lat="41.3436590" lon="-106.3338920">
    <ele>3493.8</ele>
    <time>2026-10-04T17:20:25Z</time>
   </trkpt>
   <trkpt lat="41.3436360" lon="-106.3339010">
    <ele>3493.5</ele>
    <time>2026-10-04T17:20:26Z</time>
   </trkpt>
   <trkpt lat="41.3436200" lon="-106.3339180">
    <ele>3493.2</ele>
    <time>2026-10-04T17:20:27Z</time>
   </trkpt>
   <trkpt lat="41.3436020" lon="-106.3339220">
    <ele>3492.9</ele>
    <time>2026-10-04T17:20:28Z</time>
   </trkpt>
   <trkpt lat="41.3435810" lon="-106.3339330">
    <ele>3492.6</ele>
    <time>2026-10-04T17:20:29Z</time>
   </trkpt>
   <trkpt lat="41.3435620" lon="-106.3339340">
    <ele>3492.3</ele>
    <time>2026-10-04T17:20:30Z</time>
   </trkpt>
   <trkpt lat="41.3435440" lon="-106.3339500">
    <ele>3492.0</ele>
    <time>2026-10-04T17:20:31Z</time>
   </trkpt>
   <trkpt lat="41.3435250" lon="-106.3339530">
    <ele>3491.7</ele>
    <time>2026-10-04T17:20:32Z</time>
   </trkpt>
   <trkpt lat="41.3435100" lon="-106.3339620">
    <ele>3491.5</ele>
    <time>2026-10-04T17:20:33Z</time>
   </trkpt>
   <trkpt lat="41.3434840" lon="-106.3339740">
    <ele>3491.1</ele>
    <time>2026-10-04T17:20:34Z</time>
   </trkpt>
   <trkpt lat="41.3434640" lon="-106.3339830">
    <ele>3490.8</ele>
    <time>2026-10-04T17:20:35Z</time>
   </trkpt>
   <trkpt lat="41.3434430" lon="-106.3339980">
    <ele>3490.5</ele>
    <time>2026-10-04T17:20:36Z</time>
   </trkpt>
   <trkpt lat="41.3434220" lon="-106.3340000">
    <ele>3490.2</ele>
    <time>2026-10-04T17:20:37Z</time>
   </trkpt>
   <trkpt lat="41.3434030" lon="-106.3340040">
    <ele>3490.0</ele>
    <time>2026-10-04T17:20:38Z</time>
   </trkpt>
   <trkpt lat="41.3433750" lon="-106.3340040">
    <ele>3489.7</ele>
    <time>2026-10-04T17:20:39Z</time>
   </trkpt>
   <trkpt lat="41.3433550" lon="-106.3340050">
    <ele>3489.4</ele>
    <time>2026-10-04T17:20:40Z</time>
   </trkpt>
   <trkpt lat="41.3433350" lon="-106.3339960">
    <ele>3489.2</ele>
    <time>2026-10-04T17:20:41Z</time>
   </trkpt>
   <trkpt lat="41.3433110" lon="-106.3339990">
    <ele>3488.9</ele>
    <time>2026-10-04T17:20:42Z</time>
   </trkpt>
   <trkpt lat="41.3432860" lon="-106.3340070">
    <ele>3488.6</ele>
    <time>2026-10-04T17:20:43Z</time>
   </trkpt>
   <trkpt lat="41.3432620" lon="-106.3340190">
    <ele>3488.2</ele>
    <time>2026-10-04T17:20:44Z</time>
   </trkpt>
   <trkpt lat="41.3432400" lon="-106.3340170">
    <ele>3487.9</ele>
    <time>2026-10-04T17:20:45Z</time>
   </trkpt>
   <trkpt lat="41.3432210" lon="-106.3340260">
    <ele>3487.6</ele>
    <time>2026-10-04T17:20:46Z</time>
   </trkpt>
   <trkpt lat="41.3432080" lon="-106.3340460">
    <ele>3487.3</ele>
    <time>2026-10-04T17:20:47Z</time>
   </trkpt>
   <trkpt lat="41.3431960" lon="-106.3340480">
    <ele>3487.1</ele>
    <time>2026-10-04T17:20:48Z</time>
   </trkpt>
   <trkpt lat="41.3431860" lon="-106.3340740">
    <ele>3486.7</ele>
    <time>2026-10-04T17:20:49Z</time>
   </trkpt>
   <trkpt lat="41.3431690" lon="-106.3340930">
    <ele>3486.3</ele>
    <time>2026-10-04T17:20:50Z</time>
   </trkpt>
   <trkpt lat="41.3431570" lon="-106.3341100">
    <ele>3486.0</ele>
    <time>2026-10-04T17:20:51Z</time>
   </trkpt>
   <trkpt lat="41.3431400" lon="-106.3341150">
    <ele>3485.6</ele>
    <time>2026-10-04T17:20:52Z</time>
   </trkpt>
   <trkpt lat="41.3431290" lon="-106.3341360">
    <ele>3485.3</ele>
    <time>2026-10-04T17:20:53Z</time>
   </trkpt>
   <trkpt lat="41.3431180" lon="-106.3341510">
    <ele>3484.9</ele>
    <time>2026-10-04T17:20:54Z</time>
   </trkpt>
   <trkpt lat="41.3431080" lon="-106.3341700">
    <ele>3484.6</ele>
    <time>2026-10-04T17:20:55Z</time>
   </trkpt>
   <trkpt lat="41.3430870" lon="-106.3341790">
    <ele>3484.2</ele>
    <time>2026-10-04T17:20:56Z</time>
   </trkpt>
   <trkpt lat="41.3430760" lon="-106.3342010">
    <ele>3483.8</ele>
    <time>2026-10-04T17:20:57Z</time>
   </trkpt>
   <trkpt lat="41.3430570" lon="-106.3342230">
    <ele>3483.3</ele>
    <time>2026-10-04T17:20:58Z</time>
   </trkpt>
   <trkpt lat="41.3430410" lon="-106.3342340">
    <ele>3483.0</ele>
    <time>2026-10-04T17:20:59Z</time>
   </trkpt>
   <trkpt lat="41.3430340" lon="-106.3342570">
    <ele>3482.6</ele>
    <time>2026-10-04T17:21:00Z</time>
   </trkpt>
   <trkpt lat="41.3430300" lon="-106.3342840">
    <ele>3482.3</ele>
    <time>2026-10-04T17:21:01Z</time>
   </trkpt>
   <trkpt lat="41.3430260" lon="-106.3343100">
    <ele>3481.9</ele>
    <time>2026-10-04T17:21:02Z</time>
   </trkpt>
   <trkpt lat="41.3430090" lon="-106.3343250">
    <ele>3481.6</ele>
    <time>2026-10-04T17:21:03Z</time>
   </trkpt>
   <trkpt lat="41.3429960" lon="-106.3343510">
    <ele>3481.2</ele>
    <time>2026-10-04T17:21:04Z</time>
   </trkpt>
   <trkpt lat="41.3429790" lon="-106.3343730">
    <ele>3480.9</ele>
    <time>2026-10-04T17:21:05Z</time>
   </trkpt>
   <trkpt lat="41.3429610" lon="-106.3343810">
    <ele>3480.6</ele>
    <time>2026-10-04T17:21:06Z</time>
   </trkpt>
   <trkpt lat="41.3429590" lon="-106.3344030">
    <ele>3480.3</ele>
    <time>2026-10-04T17:21:07Z</time>
   </trkpt>
   <trkpt lat="41.3429470" lon="-106.3344170">
    <ele>3480.1</ele>
    <time>2026-10-04T17:21:08Z</time>
   </trkpt>
   <trkpt lat="41.3429290" lon="-106.3344230">
    <ele>3479.8</ele>
    <time>2026-10-04T17:21:09Z</time>
   </trkpt>
   <trkpt lat="41.3429000" lon="-106.3344270">
    <ele>3479.4</ele>
    <time>2026-10-04T17:21:10Z</time>
   </trkpt>
   <trkpt lat="41.3428800" lon="-106.3344340">
    <ele>3479.1</ele>
    <time>2026-10-04T17:21:11Z</time>
   </trkpt>
   <trkpt lat="41.3428610" lon="-106.3344470">
    <ele>3478.8</ele>
    <time>2026-10-04T17:21:12Z</time>
   </trkpt>
   <trkpt lat="41.3428450" lon="-106.3344560">
    <ele>3478.6</ele>
    <time>2026-10-04T17:21:13Z</time>
   </trkpt>
   <trkpt lat="41.3428230" lon="-106.3344540">
    <ele>3478.4</ele>
    <time>2026-10-04T17:21:14Z</time>
   </trkpt>
   <trkpt lat="41.3428020" lon="-106.3344460">
    <ele>3478.1</ele>
    <time>2026-10-04T17:21:15Z</time>
   </trkpt>
   <trkpt lat="41.3427850" lon="-106.3344480">
    <ele>3478.0</ele>
    <time>2026-10-04T17:21:16Z</time>
   </trkpt>
   <trkpt lat="41.3427640" lon="-106.3344310">
    <ele>3477.8</ele>
    <time>2026-10-04T17:21:17Z</time>
   </trkpt>
   <trkpt lat="41.3427450" lon="-106.3344190">
    <ele>3477.6</ele>
    <time>2026-10-04T17:21:18Z</time>
   </trkpt>
   <trkpt lat="41.3427210" lon="-106.3344050">
    <ele>3477.5</ele>
    <time>2026-10-04T17:21:19Z</time>
   </trkpt>
   <trkpt lat="41.3427030" lon="-106.3343990">
    <ele>3477.4</ele>
    <time>2026-10-04T17:21:20Z</time>
   </trkpt>
   <trkpt lat="41.3426930" lon="-106.3343730">
    <ele>3477.3</ele>
    <time>2026-10-04T17:21:21Z</time>
   </trkpt>
   <trkpt lat="41.3426860" lon="-106.3343380">
    <ele>3477.2</ele>
    <time>2026-10-04T17:21:22Z</time>
   </trkpt>
   <trkpt lat="41.3426720" lon="-106.3343350">
    <ele>3477.2</ele>
    <time>2026-10-04T17:21:23Z</time>
   </trkpt>
   <trkpt lat="41.3426490" lon="-106.3343330">
    <ele>3477.2</ele>
    <time>2026-10-04T17:21:24Z</time>
   </trkpt>
   <trkpt lat="41.3426310" lon="-106.3343290">
    <ele>3477.2</ele>
    <time>2026-10-04T17:21:25Z</time>
   </trkpt>
   <trkpt lat="41.3426200" lon="-106.3343330">
    <ele>3477.2</ele>
    <time>2026-10-04T17:21:26Z</time>
   </trkpt>
   <trkpt lat="41.3426050" lon="-106.3343270">
    <ele>3477.2</ele>
    <time>2026-10-04T17:21:27Z</time>
   </trkpt>
   <trkpt lat="41.3425910" lon="-106.3343340">
    <ele>3477.3</ele>
    <time>2026-10-04T17:21:28Z</time>
   </trkpt>
   <trkpt lat="41.3425770" lon="-106.3343350">
    <ele>3477.3</ele>
    <time>2026-10-04T17:21:29Z</time>
   </trkpt>
   <trkpt lat="41.3425560" lon="-106.3343230">
    <ele>3477.3</ele>
    <time>2026-10-04T17:21:30Z</time>
   </trkpt>
   <trkpt lat="41.3425360" lon="-106.3343070">
    <ele>3477.4</ele>
    <time>2026-10-04T17:21:31Z</time>
   </trkpt>
   <trkpt lat="41.3425320" lon="-106.3342730">
    <ele>3477.5</ele>
    <time>2026-10-04T17:21:32Z</time>
   </trkpt>
   <trkpt lat="41.3425250" lon="-106.3342520">
    <ele>3477.5</ele>
    <time>2026-10-04T17:21:33Z</time>
   </trkpt>
   <trkpt lat="41.3425230" lon="-106.3342310">
    <ele>3477.6</ele>
    <time>2026-10-04T17:21:34Z</time>
   </trkpt>
   <trkpt lat="41.3425150" lon="-106.3342270">
    <ele>3477.6</ele>
    <time>2026-10-04T17:21:35Z</time>
   </trkpt>
   <trkpt lat="41.3424960" lon="-106.3342200">
    <ele>3477.6</ele>
    <time>2026-10-04T17:21:36Z</time>
   </trkpt>
   <trkpt lat="41.3424780" lon="-106.3342140">
    <ele>3477.7</ele>
    <time>2026-10-04T17:21:37Z</time>
   </trkpt>
   <trkpt lat="41.3424580" lon="-106.3342290">
    <ele>3477.8</ele>
    <time>2026-10-04T17:21:38Z</time>
   </trkpt>
   <trkpt lat="41.3424430" lon="-106.3342480">
    <ele>3477.8</ele>
    <time>2026-10-04T17:21:39Z</time>
   </trkpt>
   <trkpt lat="41.3424280" lon="-106.3342650">
    <ele>3477.9</ele>
    <time>2026-10-04T17:21:40Z</time>
   </trkpt>
   <trkpt lat="41.3424200" lon="-106.3342730">
    <ele>3478.0</ele>
    <time>2026-10-04T17:21:41Z</time>
   </trkpt>
   <trkpt lat="41.3424050" lon="-106.3342840">
    <ele>3478.0</ele>
    <time>2026-10-04T17:21:42Z</time>
   </trkpt>
   <trkpt lat="41.3423840" lon="-106.3342850">
    <ele>3478.1</ele>
    <time>2026-10-04T17:21:43Z</time>
   </trkpt>
   <trkpt lat="41.3423700" lon="-106.3342840">
    <ele>3478.2</ele>
    <time>2026-10-04T17:21:44Z</time>
   </trkpt>
   <trkpt lat="41.3423610" lon="-106.3342790">
    <ele>3478.3</ele>
    <time>2026-10-04T17:21:45Z</time>
   </trkpt>
   <trkpt lat="41.3423490" lon="-106.3342750">
    <ele>3478.3</ele>
    <time>2026-10-04T17:21:46Z</time>
   </trkpt>
   <trkpt lat="41.3423340" lon="-106.3342730">
    <ele>3478.4</ele>
    <time>2026-10-04T17:21:47Z</time>
   </trkpt>
   <trkpt lat="41.3423180" lon="-106.3342810">
    <ele>3478.5</ele>
    <time>2026-10-04T17:21:48Z</time>
   </trkpt>
   <trkpt lat="41.3423020" lon="-106.3342840">
    <ele>3478.7</ele>
    <time>2026-10-04T17:21:49Z</time>
   </trkpt>
   <trkpt lat="41.3422850" lon="-106.3342730">
    <ele>3478.8</ele>
    <time>2026-10-04T17:21:50Z</time>
   </trkpt>
   <trkpt lat="41.3422690" lon="-106.3342630">
    <ele>3478.9</ele>
    <time>2026-10-04T17:21:51Z</time>
   </trkpt>
   <trkpt lat="41.3422610" lon="-106.3342540">
    <ele>3479.0</ele>
    <time>2026-10-04T17:21:52Z</time>
   </trkpt>
   <trkpt lat="41.3422540" lon="-106.3342300">
    <ele>3479.1</ele>
    <time>2026-10-04T17:21:53Z</time>
   </trkpt>
   <trkpt lat="41.3422480" lon="-106.3342110">
    <ele>3479.2</ele>
    <time>2026-10-04T17:21:54Z</time>
   </trkpt>
   <trkpt lat="41.3422390" lon="-106.3341950">
    <ele>3479.3</ele>
    <time>2026-10-04T17:21:55Z</time>
   </trkpt>
   <trkpt lat="41.3422340" lon="-106.3341910">
    <ele>3479.4</ele>
    <time>2026-10-04T17:21:56Z</time>
   </trkpt>
   <trkpt lat="41.3422240" lon="-106.3341830">
    <ele>3479.4</ele>
    <time>2026-10-04T17:21:57Z</time>
   </trkpt>
   <trkpt lat="41.3422280" lon="-106.3341620">
    <ele>3479.5</ele>
    <time>2026-10-04T17:21:58Z</time>
   </trkpt>
   <trkpt lat="41.3422230" lon="-106.3341570">
    <ele>3479.5</ele>
    <time>2026-10-04T17:21:59Z</time>
   </trkpt>
   <trkpt lat="41.3422110" lon="-106.3341390">
    <ele>3479.6</ele>
    <time>2026-10-04T17:22:00Z</time>
   </trkpt>
   <trkpt lat="41.3422020" lon="-106.3341330">
    <ele>3479.6</ele>
    <time>2026-10-04T17:22:01Z</time>
   </trkpt>
   <trkpt lat="41.3421920" lon="-106.3341250">
    <ele>3479.6</ele>
    <time>2026-10-04T17:22:02Z</time>
   </trkpt>
   <trkpt lat="41.3421870" lon="-106.3341280">
    <ele>3479.6</ele>
    <time>2026-10-04T17:22:03Z</time>
   </trkpt>
   <trkpt lat="41.3421750" lon="-106.3341280">
    <ele>3479.6</ele>
    <time>2026-10-04T17:22:04Z</time>
   </trkpt>
   <trkpt lat="41.3421530" lon="-106.3341250">
    <ele>3479.5</ele>
    <time>2026-10-04T17:22:05Z</time>
   </trkpt>
   <trkpt lat="41.3421450" lon="-106.3341260">
    <ele>3479.5</ele>
    <time>2026-10-04T17:22:06Z</time>
   </trkpt>
   <trkpt lat="41.3421300" lon="-106.3341320">
    <ele>3479.4</ele>
    <time>2026-10-04T17:22:07Z</time>
   </trkpt>
   <trkpt lat="41.3421230" lon="-106.3341380">
    <ele>3479.4</ele>
    <time>2026-10-04T17:22:08Z</time>
   </trkpt>
   <trkpt lat="41.3421100" lon="-106.3341470">
    <ele>3479.3</ele>
    <time>2026-10-04T17:22:09Z</time>
   </trkpt>
   <trkpt lat="41.3421000" lon="-106.3341660">
    <ele>3479.2</ele>
    <time>2026-10-04T17:22:10Z</time>
   </trkpt>
   <trkpt lat="41.3420940" lon="-106.3341760">
    <ele>3479.2</ele>
    <time>2026-10-04T17:22:11Z</time>
   </trkpt>
   <trkpt lat="41.3420880" lon="-106.3341880">
    <ele>3479.1</ele>
    <time>2026-10-04T17:22:12Z</time>
   </trkpt>
   <trkpt lat="41.3420760" lon="-106.3342020">
    <ele>3479.0</ele>
    <time>2026-10-04T17:22:13Z</time>
   </trkpt>
   <trkpt lat="41.3420700" lon="-106.3342060">
    <ele>3478.9</ele>
    <time>2026-10-04T17:22:14Z</time>
   </trkpt>
   <trkpt lat="41.3420540" lon="-106.3342140">
    <ele>3478.8</ele>
    <time>2026-10-04T17:22:15Z</time>
   </trkpt>
   <trkpt lat="41.3420400" lon="-106.3342160">
    <ele>3478.7</ele>
    <time>2026-10-04T17:22:16Z</time>
   </trkpt>
   <trkpt lat="41.3420180" lon="-106.3342180">
    <ele>3478.5</ele>
    <time>2026-10-04T17:22:17Z</time>
   </trkpt>
   <trkpt lat="41.3420070" lon="-106.3342230">
    <ele>3478.4</ele>
    <time>2026-10-04T17:22:18Z</time>
   </trkpt>
   <trkpt lat="41.3419880" lon="-106.3342180">
    <ele>3478.2</ele>
    <time>2026-10-04T17:22:19Z</time>
   </trkpt>
   <trkpt lat="41.3419780" lon="-106.3342270">
    <ele>3478.1</ele>
    <time>2026-10-04T17:22:20Z</time>
   </trkpt>
   <trkpt lat="41.3419590" lon="-106.3342290">
    <ele>3478.0</ele>
    <time>2026-10-04T17:22:21Z</time>
   </trkpt>
   <trkpt lat="41.3419500" lon="-106.3342450">
    <ele>3477.8</ele>
    <time>2026-10-04T17:22:22Z</time>
   </trkpt>
   <trkpt lat="41.3419400" lon="-106.3342650">
    <ele>3477.7</ele>
    <time>2026-10-04T17:22:23Z</time>
   </trkpt>
   <trkpt lat="41.3419260" lon="-106.3342890">
    <ele>3477.5</ele>
    <time>2026-10-04T17:22:24Z</time>
   </trkpt>
   <trkpt lat="41.3419140" lon="-106.3342950">
    <ele>3477.4</ele>
    <time>2026-10-04T17:22:25Z</time>
   </trkpt>
   <trkpt lat="41.3418880" lon="-106.3342920">
    <ele>3477.2</ele>
    <time>2026-10-04T17:22:26Z</time>
   </trkpt>
   <trkpt lat="41.3418770" lon="-106.3343100">
    <ele>3477.0</ele>
    <time>2026-10-04T17:22:27Z</time>
   </trkpt>
   <trkpt lat="41.3418560" lon="-106.3343070">
    <ele>3476.8</ele>
    <time>2026-10-04T17:22:28Z</time>
   </trkpt>
   <trkpt lat="41.3418410" lon="-106.3342940">
    <ele>3476.7</ele>
    <time>2026-10-04T17:22:29Z</time>
   </trkpt>
   <trkpt lat="41.3418330" lon="-106.3342860">
    <ele>3476.6</ele>
    <time>2026-10-04T17:22:30Z</time>
   </trkpt>
   <trkpt lat="41.3418190" lon="-106.3342840">
    <ele>3476.5</ele>
    <time>2026-10-04T17:22:31Z</time>
   </trkpt>
   <trkpt lat="41.3418050" lon="-106.3342910">
    <ele>3476.3</ele>
    <time>2026-10-04T17:22:32Z</time>
   </trkpt>
   <trkpt lat="41.3417910" lon="-106.3342940">
    <ele>3476.2</ele>
    <time>2026-10-04T17:22:33Z</time>
   </trkpt>
   <trkpt lat="41.3417790" lon="-106.3343050">
    <ele>3476.1</ele>
    <time>2026-10-04T17:22:34Z</time>
   </trkpt>
   <trkpt lat="41.3417690" lon="-106.3343160">
    <ele>3476.0</ele>
    <time>2026-10-04T17:22:35Z</time>
   </trkpt>
   <trkpt lat="41.3417530" lon="-106.3343300">
    <ele>3475.8</ele>
    <time>2026-10-04T17:22:36Z</time>
   </trkpt>
   <trkpt lat="41.3417400" lon="-106.3343380">
    <ele>3475.7</ele>
    <time>2026-10-04T17:22:37Z</time>
   </trkpt>
   <trkpt lat="41.3417260" lon="-106.3343390">
    <ele>3475.5</ele>
    <time>2026-10-04T17:22:38Z</time>
   </trkpt>
   <trkpt lat="41.3417120" lon="-106.3343500">
    <ele>3475.4</ele>
    <time>2026-10-04T17:22:39Z</time>
   </trkpt>
   <trkpt lat="41.3416950" lon="-106.3343540">
    <ele>3475.4</ele>
    <time>2026-10-04T17:22:40Z</time>
   </trkpt>
   <trkpt lat="41.3416780" lon="-106.3343440">
    <ele>3475.3</ele>
    <time>2026-10-04T17:22:41Z</time>
   </trkpt>
   <trkpt lat="41.3416650" lon="-106.3343440">
    <ele>3475.3</ele>
    <time>2026-10-04T17:22:42Z</time>
   </trkpt>
   <trkpt lat="41.3416470" lon="-106.3343420">
    <ele>3475.3</ele>
    <time>2026-10-04T17:22:43Z</time>
   </trkpt>
   <trkpt lat="41.3416350" lon="-106.3343520">
    <ele>3475.3</ele>
    <time>2026-10-04T17:22:44Z</time>
   </trkpt>
   <trkpt lat="41.3416220" lon="-106.3343550">
    <ele>3475.4</ele>
    <time>2026-10-04T17:22:45Z</time>
   </trkpt>
   <trkpt lat="41.3416050" lon="-106.3343500">
    <ele>3475.4</ele>
    <time>2026-10-04T17:22:46Z</time>
   </trkpt>
   <trkpt lat="41.3415910" lon="-106.3343500">
    <ele>3475.5</ele>
    <time>2026-10-04T17:22:47Z</time>
   </trkpt>
   <trkpt lat="41.3415770" lon="-106.3343310">
    <ele>3475.6</ele>
    <time>2026-10-04T17:22:48Z</time>
   </trkpt>
   <trkpt lat="41.3415620" lon="-106.3343280">
    <ele>3475.7</ele>
    <time>2026-10-04T17:22:49Z</time>
   </trkpt>
   <trkpt lat="41.3415530" lon="-106.3343210">
    <ele>3475.8</ele>
    <time>2026-10-04T17:22:50Z</time>
   </trkpt>
   <trkpt lat="41.3415400" lon="-106.3343110">
    <ele>3475.9</ele>
    <time>2026-10-04T17:22:51Z</time>
   </trkpt>
   <trkpt lat="41.3415320" lon="-106.3342900">
    <ele>3476.1</ele>
    <time>2026-10-04T17:22:52Z</time>
   </trkpt>
   <trkpt lat="41.3415310" lon="-106.3342600">
    <ele>3476.4</ele>
    <time>2026-10-04T17:22:53Z</time>
   </trkpt>
   <trkpt lat="41.3415290" lon="-106.3342410">
    <ele>3476.6</ele>
    <time>2026-10-04T17:22:54Z</time>
   </trkpt>
   <trkpt lat="41.3415340" lon="-106.3342250">
    <ele>3476.7</ele>
    <time>2026-10-04T17:22:55Z</time>
   </trkpt>
   <trkpt lat="41.3415380" lon="-106.3342090">
    <ele>3476.9</ele>
    <time>2026-10-04T17:22:56Z</time>
   </trkpt>
   <trkpt lat="41.3415470" lon="-106.3342000">
    <ele>3477.0</ele>
    <time>2026-10-04T17:22:57Z</time>
   </trkpt>
   <trkpt lat="41.3415490" lon="-106.3341860">
    <ele>3477.2</ele>
    <time>2026-10-04T17:22:58Z</time>
   </trkpt>
   <trkpt lat="41.3415460" lon="-106.3341710">
    <ele>3477.3</ele>
    <time>2026-10-04T17:22:59Z</time>
   </trkpt>
   <trkpt lat="41.3415450" lon="-106.3341560">
    <ele>3477.5</ele>
    <time>2026-10-04T17:23:00Z</time>
   </trkpt>
   <trkpt lat="41.3415540" lon="-106.3341330">
    <ele>3477.7</ele>
    <time>2026-10-04T17:23:01Z</time>
   </trkpt>
   <trkpt lat="41.3415610" lon="-106.3341120">
    <ele>3477.9</ele>
    <time>2026-10-04T17:23:02Z</time>
   </trkpt>
   <trkpt lat="41.3415510" lon="-106.3341010">
    <ele>3478.1</ele>
    <time>2026-10-04T17:23:03Z</time>
   </trkpt>
   <trkpt lat="41.3415450" lon="-106.3340860">
    <ele>3478.3</ele>
    <time>2026-10-04T17:23:04Z</time>
   </trkpt>
   <trkpt lat="41.3415440" lon="-106.3340690">
    <ele>3478.4</ele>
    <time>2026-10-04T17:23:05Z</time>
   </trkpt>
   <trkpt lat="41.3415390" lon="-106.3340550">
    <ele>3478.6</ele>
    <time>2026-10-04T17:23:06Z</time>
   </trkpt>
   <trkpt lat="41.3415360" lon="-106.3340480">
    <ele>3478.7</ele>
    <time>2026-10-04T17:23:07Z</time>
   </trkpt>
   <trkpt lat="41.3415350" lon="-106.3340330">
    <ele>3478.8</ele>
    <time>2026-10-04T17:23:08Z</time>
   </trkpt>
   <trkpt lat="41.3415420" lon="-106.3340200">
    <ele>3479.0</ele>
    <time>2026-10-04T17:23:09Z</time>
   </trkpt>
   <trkpt lat="41.3415480" lon="-106.3340050">
    <ele>3479.2</ele>
    <time>2026-10-04T17:23:10Z</time>
   </trkpt>
   <trkpt lat="41.3415570" lon="-106.3339890">
    <ele>3479.4</ele>
    <time>2026-10-04T17:23:11Z</time>
   </trkpt>
   <trkpt lat="41.3415570" lon="-106.3339810">
    <ele>3479.4</ele>
    <time>2026-10-04T17:23:12Z</time>
   </trkpt>
   <trkpt lat="41.3415510" lon="-106.3339590">
    <ele>3479.7</ele>
    <time>2026-10-04T17:23:13Z</time>
   </trkpt>
   <trkpt lat="41.3415510" lon="-106.3339430">
    <ele>3479.9</ele>
    <time>2026-10-04T17:23:14Z</time>
   </trkpt>
   <trkpt lat="41.3415500" lon="-106.3339330">
    <ele>3480.0</ele>
    <time>2026-10-04T17:23:15Z</time>
   </trkpt>
   <trkpt lat="41.3415550" lon="-106.3339220">
    <ele>3480.2</ele>
    <time>2026-10-04T17:23:16Z</time>
   </trkpt>
   <trkpt lat="41.3415510" lon="-106.3339130">
    <ele>3480.3</ele>
    <time>2026-10-04T17:23:17Z</time>
   </trkpt>
   <trkpt lat="41.3415480" lon="-106.3338960">
    <ele>3480.5</ele>
    <time>2026-10-04T17:23:18Z</time>
   </trkpt>
   <trkpt lat="41.3415440" lon="-106.3338800">
    <ele>3480.7</ele>
    <time>2026-10-04T17:23:19Z</time>
   </trkpt>
   <trkpt lat="41.3415490" lon="-106.3338660">
    <ele>3480.8</ele>
    <time>2026-10-04T17:23:20Z</time>
   </trkpt>
   <trkpt lat="41.3415510" lon="-106.3338510">
    <ele>3481.0</ele>
    <time>2026-10-04T17:23:21Z</time>
   </trkpt>
   <trkpt lat="41.3415500" lon="-106.3338310">
    <ele>3481.2</ele>
    <time>2026-10-04T17:23:22Z</time>
   </trkpt>
   <trkpt lat="41.3415450" lon="-106.3338170">
    <ele>3481.4</ele>
    <time>2026-10-04T17:23:23Z</time>
   </trkpt>
   <trkpt lat="41.3415370" lon="-106.3338050">
    <ele>3481.6</ele>
    <time>2026-10-04T17:23:24Z</time>
   </trkpt>
   <trkpt lat="41.3415220" lon="-106.3338000">
    <ele>3481.8</ele>
    <time>2026-10-04T17:23:25Z</time>
   </trkpt>
   <trkpt lat="41.3415180" lon="-106.3337910">
    <ele>3482.0</ele>
    <time>2026-10-04T17:23:26Z</time>
   </trkpt>
   <trkpt lat="41.3415130" lon="-106.3337790">
    <ele>3482.1</ele>
    <time>2026-10-04T17:23:27Z</time>
   </trkpt>
   <trkpt lat="41.3415090" lon="-106.3337730">
    <ele>3482.2</ele>
    <time>2026-10-04T17:23:28Z</time>
   </trkpt>
   <trkpt lat="41.3415010" lon="-106.3337630">
    <ele>3482.4</ele>
    <time>2026-10-04T17:23:29Z</time>
   </trkpt>
   <trkpt lat="41.3414990" lon="-106.3337510">
    <ele>3482.5</ele>
    <time>2026-10-04T17:23:30Z</time>
   </trkpt>
   <trkpt lat="41.3414950" lon="-106.3337420">
    <ele>3482.6</ele>
    <time>2026-10-04T17:23:31Z</time>
   </trkpt>
   <trkpt lat="41.3414960" lon="-106.3337260">
    <ele>3482.8</ele>
    <time>2026-10-04T17:23:32Z</time>
   </trkpt>
   <trkpt lat="41.3414960" lon="-106.3337220">
    <ele>3482.8</ele>
    <time>2026-10-04T17:23:33Z</time>
   </trkpt>
   <trkpt lat="41.3414900" lon="-106.3337090">
    <ele>3483.0</ele>
    <time>2026-10-04T17:23:34Z</time>
   </trkpt>
   <trkpt lat="41.3414810" lon="-106.3337060">
    <ele>3483.1</ele>
    <time>2026-10-04T17:23:35Z</time>
   </trkpt>
   <trkpt lat="41.3414700" lon="-106.3336950">
    <ele>3483.3</ele>
    <time>2026-10-04T17:23:36Z</time>
   </trkpt>
   <trkpt lat="41.3414630" lon="-106.3336730">
    <ele>3483.5</ele>
    <time>2026-10-04T17:23:37Z</time>
   </trkpt>
   <trkpt lat="41.3414550" lon="-106.3336610">
    <ele>3483.7</ele>
    <time>2026-10-04T17:23:38Z</time>
   </trkpt>
   <trkpt lat="41.3414430" lon="-106.3336550">
    <ele>3483.9</ele>
    <time>2026-10-04T17:23:39Z</time>
   </trkpt>
   <trkpt lat="41.3414300" lon="-106.3336400">
    <ele>3484.1</ele>
    <time>2026-10-04T17:23:40Z</time>
   </trkpt>
   <trkpt lat="41.3414200" lon="-106.3336290">
    <ele>3484.3</ele>
    <time>2026-10-04T17:23:41Z</time>
   </trkpt>
   <trkpt lat="41.3414150" lon="-106.3336240">
    <ele>3484.4</ele>
    <time>2026-10-04T17:23:42Z</time>
   </trkpt>
   <trkpt lat="41.3413980" lon="-106.3336160">
    <ele>3484.6</ele>
    <time>2026-10-04T17:23:43Z</time>
   </trkpt>
   <trkpt lat="41.3413910" lon="-106.3336070">
    <ele>3484.7</ele>
    <time>2026-10-04T17:23:44Z</time>
   </trkpt>
   <trkpt lat="41.3413810" lon="-106.3336070">
    <ele>3484.9</ele>
    <time>2026-10-04T17:23:45Z</time>
   </trkpt>
   <trkpt lat="41.3413570" lon="-106.3336190">
    <ele>3485.2</ele>
    <time>2026-10-04T17:23:46Z</time>
   </trkpt>
   <trkpt lat="41.3413520" lon="-106.3335970">
    <ele>3485.4</ele>
    <time>2026-10-04T17:23:47Z</time>
   </trkpt>
   <trkpt lat="41.3413440" lon="-106.3335840">
    <ele>3485.6</ele>
    <time>2026-10-04T17:23:48Z</time>
   </trkpt>
   <trkpt lat="41.3411500" lon="-106.3333290">
    <ele>3487.7</ele>
    <time>2026-10-04T17:25:46Z</time>
   </trkpt>
   <trkpt lat="41.3410060" lon="-106.3332250">
    <ele>3488.1</ele>
    <time>2026-10-04T17:26:01Z</time>
   </trkpt>
   <trkpt lat="41.3409900" lon="-106.3332090">
    <ele>3488.2</ele>
    <time>2026-10-04T17:26:02Z</time>
   </trkpt>
   <trkpt lat="41.3409670" lon="-106.3332060">
    <ele>3488.2</ele>
    <time>2026-10-04T17:26:03Z</time>
   </trkpt>
   <trkpt lat="41.3409460" lon="-106.3331940">
    <ele>3488.2</ele>
    <time>2026-10-04T17:26:04Z</time>
   </trkpt>
   <trkpt lat="41.3409360" lon="-106.3331870">
    <ele>3488.2</ele>
    <time>2026-10-04T17:26:05Z</time>
   </trkpt>
   <trkpt lat="41.3409190" lon="-106.3331860">
    <ele>3488.2</ele>
    <time>2026-10-04T17:26:06Z</time>
   </trkpt>
   <trkpt lat="41.3409100" lon="-106.3331770">
    <ele>3488.2</ele>
    <time>2026-10-04T17:26:07Z</time>
   </trkpt>
   <trkpt lat="41.3408910" lon="-106.3331690">
    <ele>3488.2</ele>
    <time>2026-10-04T17:26:08Z</time>
   </trkpt>
   <trkpt lat="41.3408740" lon="-106.3331520">
    <ele>3488.2</ele>
    <time>2026-10-04T17:26:09Z</time>
   </trkpt>
   <trkpt lat="41.3408630" lon="-106.3331420">
    <ele>3488.2</ele>
    <time>2026-10-04T17:26:10Z</time>
   </trkpt>
   <trkpt lat="41.3408490" lon="-106.3331390">
    <ele>3488.1</ele>
    <time>2026-10-04T17:26:11Z</time>
   </trkpt>
   <trkpt lat="41.3408340" lon="-106.3331240">
    <ele>3488.1</ele>
    <time>2026-10-04T17:26:12Z</time>
   </trkpt>
   <trkpt lat="41.3408240" lon="-106.3331200">
    <ele>3488.1</ele>
    <time>2026-10-04T17:26:13Z</time>
   </trkpt>
   <trkpt lat="41.3408120" lon="-106.3331120">
    <ele>3488.0</ele>
    <time>2026-10-04T17:26:14Z</time>
   </trkpt>
   <trkpt lat="41.3407990" lon="-106.3331160">
    <ele>3488.0</ele>
    <time>2026-10-04T17:26:15Z</time>
   </trkpt>
   <trkpt lat="41.3407910" lon="-106.3331050">
    <ele>3488.0</ele>
    <time>2026-10-04T17:26:16Z</time>
   </trkpt>
   <trkpt lat="41.3407660" lon="-106.3330920">
    <ele>3487.8</ele>
    <time>2026-10-04T17:26:17Z</time>
   </trkpt>
   <trkpt lat="41.3407500" lon="-106.3330870">
    <ele>3487.8</ele>
    <time>2026-10-04T17:26:18Z</time>
   </trkpt>
   <trkpt lat="41.3407330" lon="-106.3330940">
    <ele>3487.7</ele>
    <time>2026-10-04T17:26:19Z</time>
   </trkpt>
   <trkpt lat="41.3407120" lon="-106.3330950">
    <ele>3487.6</ele>
    <time>2026-10-04T17:26:20Z</time>
   </trkpt>
   <trkpt lat="41.3406990" lon="-106.3331050">
    <ele>3487.5</ele>
    <time>2026-10-04T17:26:21Z</time>
   </trkpt>
   <trkpt lat="41.3406850" lon="-106.3331280">
    <ele>3487.4</ele>
    <time>2026-10-04T17:26:22Z</time>
   </trkpt>
   <trkpt lat="41.3406710" lon="-106.3331410">
    <ele>3487.3</ele>
    <time>2026-10-04T17:26:23Z</time>
   </trkpt>
   <trkpt lat="41.3406510" lon="-106.3331460">
    <ele>3487.1</ele>
    <time>2026-10-04T17:26:24Z</time>
   </trkpt>
   <trkpt lat="41.3406360" lon="-106.3331540">
    <ele>3487.0</ele>
    <time>2026-10-04T17:26:25Z</time>
   </trkpt>
   <trkpt lat="41.3406190" lon="-106.3331610">
    <ele>3486.9</ele>
    <time>2026-10-04T17:26:26Z</time>
   </trkpt>
   <trkpt lat="41.3406110" lon="-106.3331730">
    <ele>3486.8</ele>
    <time>2026-10-04T17:26:27Z</time>
   </trkpt>
   <trkpt lat="41.3406000" lon="-106.3331870">
    <ele>3486.8</ele>
    <time>2026-10-04T17:26:28Z</time>
   </trkpt>
   <trkpt lat="41.3405860" lon="-106.3331850">
    <ele>3486.7</ele>
    <time>2026-10-04T17:26:29Z</time>
   </trkpt>
   <trkpt lat="41.3405770" lon="-106.3331900">
    <ele>3486.6</ele>
    <time>2026-10-04T17:26:30Z</time>
   </trkpt>
   <trkpt lat="41.3405660" lon="-106.3332010">
    <ele>3486.6</ele>
    <time>2026-10-04T17:26:31Z</time>
   </trkpt>
   <trkpt lat="41.3405500" lon="-106.3332060">
    <ele>3486.5</ele>
    <time>2026-10-04T17:26:32Z</time>
   </trkpt>
   <trkpt lat="41.3405270" lon="-106.3332050">
    <ele>3486.4</ele>
    <time>2026-10-04T17:26:33Z</time>
   </trkpt>
   <trkpt lat="41.3405120" lon="-106.3332000">
    <ele>3486.3</ele>
    <time>2026-10-04T17:26:34Z</time>
   </trkpt>
   <trkpt lat="41.3404960" lon="-106.3331960">
    <ele>3486.3</ele>
    <time>2026-10-04T17:26:35Z</time>
   </trkpt>
   <trkpt lat="41.3404800" lon="-106.3331910">
    <ele>3486.2</ele>
    <time>2026-10-04T17:26:36Z</time>
   </trkpt>
   <trkpt lat="41.3404630" lon="-106.3331790">
    <ele>3486.2</ele>
    <time>2026-10-04T17:26:37Z</time>
   </trkpt>
   <trkpt lat="41.3404490" lon="-106.3331760">
    <ele>3486.1</ele>
    <time>2026-10-04T17:26:38Z</time>
   </trkpt>
   <trkpt lat="41.3404350" lon="-106.3331810">
    <ele>3486.1</ele>
    <time>2026-10-04T17:26:39Z</time>
   </trkpt>
   <trkpt lat="41.3404250" lon="-106.3331830">
    <ele>3486.1</ele>
    <time>2026-10-04T17:26:40Z</time>
   </trkpt>
   <trkpt lat="41.3404100" lon="-106.3331810">
    <ele>3486.1</ele>
    <time>2026-10-04T17:26:41Z</time>
   </trkpt>
   <trkpt lat="41.3403940" lon="-106.3331840">
    <ele>3486.1</ele>
    <time>2026-10-04T17:26:42Z</time>
   </trkpt>
   <trkpt lat="41.3403790" lon="-106.3331840">
    <ele>3486.1</ele>
    <time>2026-10-04T17:26:43Z</time>
   </trkpt>
   <trkpt lat="41.3403660" lon="-106.3331750">
    <ele>3486.1</ele>
    <time>2026-10-04T17:26:44Z</time>
   </trkpt>
   <trkpt lat="41.3403570" lon="-106.3331510">
    <ele>3486.1</ele>
    <time>2026-10-04T17:26:45Z</time>
   </trkpt>
   <trkpt lat="41.3403520" lon="-106.3331380">
    <ele>3486.0</ele>
    <time>2026-10-04T17:26:46Z</time>
   </trkpt>
   <trkpt lat="41.3403410" lon="-106.3331350">
    <ele>3486.0</ele>
    <time>2026-10-04T17:26:47Z</time>
   </trkpt>
   <trkpt lat="41.3403300" lon="-106.3331270">
    <ele>3486.0</ele>
    <time>2026-10-04T17:26:48Z</time>
   </trkpt>
   <trkpt lat="41.3403170" lon="-106.3331210">
    <ele>3486.0</ele>
    <time>2026-10-04T17:26:49Z</time>
   </trkpt>
   <trkpt lat="41.3403020" lon="-106.3331240">
    <ele>3486.0</ele>
    <time>2026-10-04T17:26:50Z</time>
   </trkpt>
   <trkpt lat="41.3402900" lon="-106.3331090">
    <ele>3486.0</ele>
    <time>2026-10-04T17:26:51Z</time>
   </trkpt>
   <trkpt lat="41.3402830" lon="-106.3331000">
    <ele>3486.0</ele>
    <time>2026-10-04T17:26:52Z</time>
   </trkpt>
   <trkpt lat="41.3402670" lon="-106.3330990">
    <ele>3485.9</ele>
    <time>2026-10-04T17:26:53Z</time>
   </trkpt>
   <trkpt lat="41.3402560" lon="-106.3330960">
    <ele>3485.9</ele>
    <time>2026-10-04T17:26:54Z</time>
   </trkpt>
   <trkpt lat="41.3402440" lon="-106.3331010">
    <ele>3485.9</ele>
    <time>2026-10-04T17:26:55Z</time>
   </trkpt>
   <trkpt lat="41.3402340" lon="-106.3331040">
    <ele>3485.9</ele>
    <time>2026-10-04T17:26:56Z</time>
   </trkpt>
   <trkpt lat="41.3402210" lon="-106.3330970">
    <ele>3485.9</ele>
    <time>2026-10-04T17:26:57Z</time>
   </trkpt>
   <trkpt lat="41.3402100" lon="-106.3331010">
    <ele>3485.9</ele>
    <time>2026-10-04T17:26:58Z</time>
   </trkpt>
   <trkpt lat="41.3401960" lon="-106.3330990">
    <ele>3485.8</ele>
    <time>2026-10-04T17:26:59Z</time>
   </trkpt>
   <trkpt lat="41.3401850" lon="-106.3330940">
    <ele>3485.8</ele>
    <time>2026-10-04T17:27:00Z</time>
   </trkpt>
   <trkpt lat="41.3401730" lon="-106.3330930">
    <ele>3485.8</ele>
    <time>2026-10-04T17:27:01Z</time>
   </trkpt>
   <trkpt lat="41.3401590" lon="-106.3330910">
    <ele>3485.8</ele>
    <time>2026-10-04T17:27:02Z</time>
   </trkpt>
   <trkpt lat="41.3401440" lon="-106.3330880">
    <ele>3485.8</ele>
    <time>2026-10-04T17:27:03Z</time>
   </trkpt>
   <trkpt lat="41.3401330" lon="-106.3330910">
    <ele>3485.8</ele>
    <time>2026-10-04T17:27:04Z</time>
   </trkpt>
   <trkpt lat="41.3401210" lon="-106.3330920">
    <ele>3485.8</ele>
    <time>2026-10-04T17:27:05Z</time>
   </trkpt>
   <trkpt lat="41.3401070" lon="-106.3330970">
    <ele>3485.8</ele>
    <time>2026-10-04T17:27:06Z</time>
   </trkpt>
   <trkpt lat="41.3400920" lon="-106.3330860">
    <ele>3485.8</ele>
    <time>2026-10-04T17:27:07Z</time>
   </trkpt>
   <trkpt lat="41.3400790" lon="-106.3330740">
    <ele>3485.8</ele>
    <time>2026-10-04T17:27:08Z</time>
   </trkpt>
   <trkpt lat="41.3400650" lon="-106.3330580">
    <ele>3485.8</ele>
    <time>2026-10-04T17:27:09Z</time>
   </trkpt>
   <trkpt lat="41.3400560" lon="-106.3330410">
    <ele>3485.8</ele>
    <time>2026-10-04T17:27:10Z</time>
   </trkpt>
   <trkpt lat="41.3400480" lon="-106.3330250">
    <ele>3485.9</ele>
    <time>2026-10-04T17:27:11Z</time>
   </trkpt>
   <trkpt lat="41.3400420" lon="-106.3330080">
    <ele>3485.9</ele>
    <time>2026-10-04T17:27:12Z</time>
   </trkpt>
   <trkpt lat="41.3400290" lon="-106.3329990">
    <ele>3486.0</ele>
    <time>2026-10-04T17:27:13Z</time>
   </trkpt>
   <trkpt lat="41.3400140" lon="-106.3329960">
    <ele>3486.0</ele>
    <time>2026-10-04T17:27:14Z</time>
   </trkpt>
   <trkpt lat="41.3400000" lon="-106.3329920">
    <ele>3486.1</ele>
    <time>2026-10-04T17:27:15Z</time>
   </trkpt>
   <trkpt lat="41.3399890" lon="-106.3329820">
    <ele>3486.2</ele>
    <time>2026-10-04T17:27:16Z</time>
   </trkpt>
   <trkpt lat="41.3399780" lon="-106.3329680">
    <ele>3486.3</ele>
    <time>2026-10-04T17:27:17Z</time>
   </trkpt>
   <trkpt lat="41.3399670" lon="-106.3329570">
    <ele>3486.3</ele>
    <time>2026-10-04T17:27:18Z</time>
   </trkpt>
   <trkpt lat="41.3399510" lon="-106.3329570">
    <ele>3486.5</ele>
    <time>2026-10-04T17:27:19Z</time>
   </trkpt>
   <trkpt lat="41.3399370" lon="-106.3329670">
    <ele>3486.6</ele>
    <time>2026-10-04T17:27:20Z</time>
   </trkpt>
   <trkpt lat="41.3399230" lon="-106.3329780">
    <ele>3486.7</ele>
    <time>2026-10-04T17:27:21Z</time>
   </trkpt>
   <trkpt lat="41.3399070" lon="-106.3329740">
    <ele>3486.8</ele>
    <time>2026-10-04T17:27:22Z</time>
   </trkpt>
   <trkpt lat="41.3398920" lon="-106.3329660">
    <ele>3487.0</ele>
    <time>2026-10-04T17:27:23Z</time>
   </trkpt>
   <trkpt lat="41.3398800" lon="-106.3329610">
    <ele>3487.1</ele>
    <time>2026-10-04T17:27:24Z</time>
   </trkpt>
   <trkpt lat="41.3398670" lon="-106.3329490">
    <ele>3487.2</ele>
    <time>2026-10-04T17:27:25Z</time>
   </trkpt>
   <trkpt lat="41.3398580" lon="-106.3329310">
    <ele>3487.4</ele>
    <time>2026-10-04T17:27:26Z</time>
   </trkpt>
   <trkpt lat="41.3398490" lon="-106.3329170">
    <ele>3487.5</ele>
    <time>2026-10-04T17:27:27Z</time>
   </trkpt>
   <trkpt lat="41.3398390" lon="-106.3329070">
    <ele>3487.7</ele>
    <time>2026-10-04T17:27:28Z</time>
   </trkpt>
   <trkpt lat="41.3398250" lon="-106.3329010">
    <ele>3487.8</ele>
    <time>2026-10-04T17:27:29Z</time>
   </trkpt>
   <trkpt lat="41.3398130" lon="-106.3328960">
    <ele>3488.0</ele>
    <time>2026-10-04T17:27:30Z</time>
   </trkpt>
   <trkpt lat="41.3398040" lon="-106.3328880">
    <ele>3488.1</ele>
    <time>2026-10-04T17:27:31Z</time>
   </trkpt>
   <trkpt lat="41.3397960" lon="-106.3328770">
    <ele>3488.3</ele>
    <time>2026-10-04T17:27:32Z</time>
   </trkpt>
   <trkpt lat="41.3397890" lon="-106.3328650">
    <ele>3488.4</ele>
    <time>2026-10-04T17:27:33Z</time>
   </trkpt>
   <trkpt lat="41.3397770" lon="-106.3328600">
    <ele>3488.6</ele>
    <time>2026-10-04T17:27:34Z</time>
   </trkpt>
   <trkpt lat="41.3397630" lon="-106.3328580">
    <ele>3488.7</ele>
    <time>2026-10-04T17:27:35Z</time>
   </trkpt>
   <trkpt lat="41.3397530" lon="-106.3328460">
    <ele>3488.9</ele>
    <time>2026-10-04T17:27:36Z</time>
   </trkpt>
   <trkpt lat="41.3397410" lon="-106.3328460">
    <ele>3489.1</ele>
    <time>2026-10-04T17:27:37Z</time>
   </trkpt>
   <trkpt lat="41.3397290" lon="-106.3328490">
    <ele>3489.2</ele>
    <time>2026-10-04T17:27:38Z</time>
   </trkpt>
   <trkpt lat="41.3397160" lon="-106.3328520">
    <ele>3489.4</ele>
    <time>2026-10-04T17:27:39Z</time>
   </trkpt>
   <trkpt lat="41.3397160" lon="-106.3328230">
    <ele>3489.7</ele>
    <time>2026-10-04T17:27:40Z</time>
   </trkpt>
   <trkpt lat="41.3397230" lon="-106.3328050">
    <ele>3489.9</ele>
    <time>2026-10-04T17:27:41Z</time>
   </trkpt>
   <trkpt lat="41.3397240" lon="-106.3327990">
    <ele>3489.9</ele>
    <time>2026-10-04T17:27:42Z</time>
   </trkpt>
   <trkpt lat="41.3397260" lon="-106.3327910">
    <ele>3490.0</ele>
    <time>2026-10-04T17:27:43Z</time>
   </trkpt>
   <trkpt lat="41.3397170" lon="-106.3327860">
    <ele>3490.1</ele>
    <time>2026-10-04T17:27:44Z</time>
   </trkpt>
   <trkpt lat="41.3397040" lon="-106.3327850">
    <ele>3490.3</ele>
    <time>2026-10-04T17:27:45Z</time>
   </trkpt>
   <trkpt lat="41.3396940" lon="-106.3327860">
    <ele>3490.4</ele>
    <time>2026-10-04T17:27:46Z</time>
   </trkpt>
   <trkpt lat="41.3396860" lon="-106.3327850">
    <ele>3490.5</ele>
    <time>2026-10-04T17:27:47Z</time>
   </trkpt>
   <trkpt lat="41.3396840" lon="-106.3327750">
    <ele>3490.6</ele>
    <time>2026-10-04T17:27:48Z</time>
   </trkpt>
   <trkpt lat="41.3396750" lon="-106.3327710">
    <ele>3490.7</ele>
    <time>2026-10-04T17:27:49Z</time>
   </trkpt>
   <trkpt lat="41.3396650" lon="-106.3327650">
    <ele>3490.8</ele>
    <time>2026-10-04T17:27:50Z</time>
   </trkpt>
   <trkpt lat="41.3396580" lon="-106.3327750">
    <ele>3490.9</ele>
    <time>2026-10-04T17:27:51Z</time>
   </trkpt>
   <trkpt lat="41.3396500" lon="-106.3327670">
    <ele>3491.0</ele>
    <time>2026-10-04T17:27:52Z</time>
   </trkpt>
   <trkpt lat="41.3396400" lon="-106.3327570">
    <ele>3491.1</ele>
    <time>2026-10-04T17:27:53Z</time>
   </trkpt>
   <trkpt lat="41.3396360" lon="-106.3327420">
    <ele>3491.2</ele>
    <time>2026-10-04T17:27:54Z</time>
   </trkpt>
   <trkpt lat="41.3396270" lon="-106.3327410">
    <ele>3491.2</ele>
    <time>2026-10-04T17:27:55Z</time>
   </trkpt>
   <trkpt lat="41.3396220" lon="-106.3327310">
    <ele>3491.3</ele>
    <time>2026-10-04T17:27:56Z</time>
   </trkpt>
   <trkpt lat="41.3396270" lon="-106.3327220">
    <ele>3491.3</ele>
    <time>2026-10-04T17:27:57Z</time>
   </trkpt>
   <trkpt lat="41.3396270" lon="-106.3327010">
    <ele>3491.4</ele>
    <time>2026-10-04T17:27:58Z</time>
   </trkpt>
   <trkpt lat="41.3396200" lon="-106.3326950">
    <ele>3491.5</ele>
    <time>2026-10-04T17:27:59Z</time>
   </trkpt>
   <trkpt lat="41.3396110" lon="-106.3326870">
    <ele>3491.5</ele>
    <time>2026-10-04T17:28:00Z</time>
   </trkpt>
   <trkpt lat="41.3396010" lon="-106.3326780">
    <ele>3491.5</ele>
    <time>2026-10-04T17:28:01Z</time>
   </trkpt>
   <trkpt lat="41.3395970" lon="-106.3326670">
    <ele>3491.6</ele>
    <time>2026-10-04T17:28:02Z</time>
   </trkpt>
   <trkpt lat="41.3395900" lon="-106.3326590">
    <ele>3491.6</ele>
    <time>2026-10-04T17:28:03Z</time>
   </trkpt>
   <trkpt lat="41.3395790" lon="-106.3326500">
    <ele>3491.6</ele>
    <time>2026-10-04T17:28:04Z</time>
   </trkpt>
   <trkpt lat="41.3395760" lon="-106.3326320">
    <ele>3491.6</ele>
    <time>2026-10-04T17:28:05Z</time>
   </trkpt>
   <trkpt lat="41.3395740" lon="-106.3326230">
    <ele>3491.6</ele>
    <time>2026-10-04T17:28:06Z</time>
   </trkpt>
   <trkpt lat="41.3395710" lon="-106.3326250">
    <ele>3491.6</ele>
    <time>2026-10-04T17:28:07Z</time>
   </trkpt>
   <trkpt lat="41.3395610" lon="-106.3326260">
    <ele>3491.6</ele>
    <time>2026-10-04T17:28:08Z</time>
   </trkpt>
   <trkpt lat="41.3395510" lon="-106.3326260">
    <ele>3491.6</ele>
    <time>2026-10-04T17:28:09Z</time>
   </trkpt>
   <trkpt lat="41.3395360" lon="-106.3326330">
    <ele>3491.6</ele>
    <time>2026-10-04T17:28:10Z</time>
   </trkpt>
   <trkpt lat="41.3395240" lon="-106.3326330">
    <ele>3491.6</ele>
    <time>2026-10-04T17:28:11Z</time>
   </trkpt>
   <trkpt lat="41.3395060" lon="-106.3326360">
    <ele>3491.5</ele>
    <time>2026-10-04T17:28:12Z</time>
   </trkpt>
   <trkpt lat="41.3394900" lon="-106.3326430">
    <ele>3491.5</ele>
    <time>2026-10-04T17:28:13Z</time>
   </trkpt>
   <trkpt lat="41.3394780" lon="-106.3326610">
    <ele>3491.5</ele>
    <time>2026-10-04T17:28:14Z</time>
   </trkpt>
   <trkpt lat="41.3394630" lon="-106.3326530">
    <ele>3491.5</ele>
    <time>2026-10-04T17:28:15Z</time>
   </trkpt>
   <trkpt lat="41.3394470" lon="-106.3326350">
    <ele>3491.4</ele>
    <time>2026-10-04T17:28:16Z</time>
   </trkpt>
   <trkpt lat="41.3394370" lon="-106.3326190">
    <ele>3491.4</ele>
    <time>2026-10-04T17:28:17Z</time>
   </trkpt>
   <trkpt lat="41.3394260" lon="-106.3326100">
    <ele>3491.4</ele>
    <time>2026-10-04T17:28:18Z</time>
   </trkpt>
   <trkpt lat="41.3394140" lon="-106.3326030">
    <ele>3491.4</ele>
    <time>2026-10-04T17:28:19Z</time>
   </trkpt>
   <trkpt lat="41.3394030" lon="-106.3325910">
    <ele>3491.3</ele>
    <time>2026-10-04T17:28:20Z</time>
   </trkpt>
   <trkpt lat="41.3394020" lon="-106.3325630">
    <ele>3491.3</ele>
    <time>2026-10-04T17:28:21Z</time>
   </trkpt>
   <trkpt lat="41.3394030" lon="-106.3325420">
    <ele>3491.3</ele>
    <time>2026-10-04T17:28:22Z</time>
   </trkpt>
   <trkpt lat="41.3393960" lon="-106.3325330">
    <ele>3491.3</ele>
    <time>2026-10-04T17:28:23Z</time>
   </trkpt>
   <trkpt lat="41.3393840" lon="-106.3325200">
    <ele>3491.2</ele>
    <time>2026-10-04T17:28:24Z</time>
   </trkpt>
   <trkpt lat="41.3393770" lon="-106.3325070">
    <ele>3491.2</ele>
    <time>2026-10-04T17:28:25Z</time>
   </trkpt>
   <trkpt lat="41.3393780" lon="-106.3324880">
    <ele>3491.2</ele>
    <time>2026-10-04T17:28:26Z</time>
   </trkpt>
   <trkpt lat="41.3393750" lon="-106.3324670">
    <ele>3491.1</ele>
    <time>2026-10-04T17:28:27Z</time>
   </trkpt>
   <trkpt lat="41.3393640" lon="-106.3324610">
    <ele>3491.1</ele>
    <time>2026-10-04T17:28:28Z</time>
   </trkpt>
   <trkpt lat="41.3393550" lon="-106.3324520">
    <ele>3491.1</ele>
    <time>2026-10-04T17:28:29Z</time>
   </trkpt>
   <trkpt lat="41.3393480" lon="-106.3324350">
    <ele>3491.0</ele>
    <time>2026-10-04T17:28:30Z</time>
   </trkpt>
   <trkpt lat="41.3393430" lon="-106.3324270">
    <ele>3491.0</ele>
    <time>2026-10-04T17:28:31Z</time>
   </trkpt>
   <trkpt lat="41.3393310" lon="-106.3324140">
    <ele>3490.9</ele>
    <time>2026-10-04T17:28:32Z</time>
   </trkpt>
   <trkpt lat="41.3393150" lon="-106.3324040">
    <ele>3490.9</ele>
    <time>2026-10-04T17:28:33Z</time>
   </trkpt>
   <trkpt lat="41.3393050" lon="-106.3323900">
    <ele>3490.8</ele>
    <time>2026-10-04T17:28:34Z</time>
   </trkpt>
   <trkpt lat="41.3392950" lon="-106.3323740">
    <ele>3490.8</ele>
    <time>2026-10-04T17:28:35Z</time>
   </trkpt>
   <trkpt lat="41.3392840" lon="-106.3323630">
    <ele>3490.7</ele>
    <time>2026-10-04T17:28:36Z</time>
   </trkpt>
   <trkpt lat="41.3392750" lon="-106.3323510">
    <ele>3490.6</ele>
    <time>2026-10-04T17:28:37Z</time>
   </trkpt>
   <trkpt lat="41.3392560" lon="-106.3323380">
    <ele>3490.5</ele>
    <time>2026-10-04T17:28:38Z</time>
   </trkpt>
   <trkpt lat="41.3392430" lon="-106.3323310">
    <ele>3490.5</ele>
    <time>2026-10-04T17:28:39Z</time>
   </trkpt>
   <trkpt lat="41.3392350" lon="-106.3323120">
    <ele>3490.4</ele>
    <time>2026-10-04T17:28:40Z</time>
   </trkpt>
   <trkpt lat="41.3392210" lon="-106.3323080">
    <ele>3490.4</ele>
    <time>2026-10-04T17:28:41Z</time>
   </trkpt>
   <trkpt lat="41.3392050" lon="-106.3323070">
    <ele>3490.3</ele>
    <time>2026-10-04T17:28:42Z</time>
   </trkpt>
   <trkpt lat="41.3391920" lon="-106.3322980">
    <ele>3490.2</ele>
    <time>2026-10-04T17:28:43Z</time>
   </trkpt>
   <trkpt lat="41.3391800" lon="-106.3322850">
    <ele>3490.2</ele>
    <time>2026-10-04T17:28:44Z</time>
   </trkpt>
   <trkpt lat="41.3391710" lon="-106.3322690">
    <ele>3490.1</ele>
    <time>2026-10-04T17:28:45Z</time>
   </trkpt>
   <trkpt lat="41.3391620" lon="-106.3322510">
    <ele>3490.0</ele>
    <time>2026-10-04T17:28:46Z</time>
   </trkpt>
   <trkpt lat="41.3391540" lon="-106.3322360">
    <ele>3490.0</ele>
    <time>2026-10-04T17:28:47Z</time>
   </trkpt>
   <trkpt lat="41.3391480" lon="-106.3322190">
    <ele>3489.9</ele>
    <time>2026-10-04T17:28:48Z</time>
   </trkpt>
   <trkpt lat="41.3391370" lon="-106.3322090">
    <ele>3489.9</ele>
    <time>2026-10-04T17:28:49Z</time>
   </trkpt>
   <trkpt lat="41.3391180" lon="-106.3322090">
    <ele>3489.8</ele>
    <time>2026-10-04T17:28:50Z</time>
   </trkpt>
   <trkpt lat="41.3391030" lon="-106.3322080">
    <ele>3489.7</ele>
    <time>2026-10-04T17:28:51Z</time>
   </trkpt>
   <trkpt lat="41.3390880" lon="-106.3322040">
    <ele>3489.7</ele>
    <time>2026-10-04T17:28:52Z</time>
   </trkpt>
   <trkpt lat="41.3390740" lon="-106.3322010">
    <ele>3489.6</ele>
    <time>2026-10-04T17:28:53Z</time>
   </trkpt>
   <trkpt lat="41.3390620" lon="-106.3321910">
    <ele>3489.6</ele>
    <time>2026-10-04T17:28:54Z</time>
   </trkpt>
   <trkpt lat="41.3390490" lon="-106.3321790">
    <ele>3489.5</ele>
    <time>2026-10-04T17:28:55Z</time>
   </trkpt>
   <trkpt lat="41.3390380" lon="-106.3321670">
    <ele>3489.4</ele>
    <time>2026-10-04T17:28:56Z</time>
   </trkpt>
   <trkpt lat="41.3390270" lon="-106.3321540">
    <ele>3489.4</ele>
    <time>2026-10-04T17:28:57Z</time>
   </trkpt>
   <trkpt lat="41.3390180" lon="-106.3321390">
    <ele>3489.3</ele>
    <time>2026-10-04T17:28:58Z</time>
   </trkpt>
   <trkpt lat="41.3390080" lon="-106.3321260">
    <ele>3489.2</ele>
    <time>2026-10-04T17:28:59Z</time>
   </trkpt>
   <trkpt lat="41.3390050" lon="-106.3321100">
    <ele>3489.2</ele>
    <time>2026-10-04T17:29:00Z</time>
   </trkpt>
   <trkpt lat="41.3389990" lon="-106.3320950">
    <ele>3489.1</ele>
    <time>2026-10-04T17:29:01Z</time>
   </trkpt>
   <trkpt lat="41.3389870" lon="-106.3320820">
    <ele>3489.0</ele>
    <time>2026-10-04T17:29:02Z</time>
   </trkpt>
   <trkpt lat="41.3389800" lon="-106.3320690">
    <ele>3488.9</ele>
    <time>2026-10-04T17:29:03Z</time>
   </trkpt>
   <trkpt lat="41.3389700" lon="-106.3320520">
    <ele>3488.8</ele>
    <time>2026-10-04T17:29:04Z</time>
   </trkpt>
   <trkpt lat="41.3389630" lon="-106.3320420">
    <ele>3488.8</ele>
    <time>2026-10-04T17:29:05Z</time>
   </trkpt>
   <trkpt lat="41.3389500" lon="-106.3320280">
    <ele>3488.7</ele>
    <time>2026-10-04T17:29:06Z</time>
   </trkpt>
   <trkpt lat="41.3389350" lon="-106.3320200">
    <ele>3488.5</ele>
    <time>2026-10-04T17:29:07Z</time>
   </trkpt>
   <trkpt lat="41.3389180" lon="-106.3320090">
    <ele>3488.4</ele>
    <time>2026-10-04T17:29:08Z</time>
   </trkpt>
   <trkpt lat="41.3389140" lon="-106.3319950">
    <ele>3488.3</ele>
    <time>2026-10-04T17:29:09Z</time>
   </trkpt>
   <trkpt lat="41.3389090" lon="-106.3319710">
    <ele>3488.1</ele>
    <time>2026-10-04T17:29:10Z</time>
   </trkpt>
   <trkpt lat="41.3389040" lon="-106.3319580">
    <ele>3488.0</ele>
    <time>2026-10-04T17:29:11Z</time>
   </trkpt>
   <trkpt lat="41.3388960" lon="-106.3319420">
    <ele>3487.9</ele>
    <time>2026-10-04T17:29:12Z</time>
   </trkpt>
   <trkpt lat="41.3388840" lon="-106.3319370">
    <ele>3487.7</ele>
    <time>2026-10-04T17:29:13Z</time>
   </trkpt>
   <trkpt lat="41.3388700" lon="-106.3319390">
    <ele>3487.6</ele>
    <time>2026-10-04T17:29:14Z</time>
   </trkpt>
   <trkpt lat="41.3388520" lon="-106.3319540">
    <ele>3487.3</ele>
    <time>2026-10-04T17:29:15Z</time>
   </trkpt>
   <trkpt lat="41.3388350" lon="-106.3319510">
    <ele>3487.1</ele>
    <time>2026-10-04T17:29:16Z</time>
   </trkpt>
   <trkpt lat="41.3388240" lon="-106.3319550">
    <ele>3487.0</ele>
    <time>2026-10-04T17:29:17Z</time>
   </trkpt>
   <trkpt lat="41.3388080" lon="-106.3319560">
    <ele>3486.8</ele>
    <time>2026-10-04T17:29:18Z</time>
   </trkpt>
   <trkpt lat="41.3387950" lon="-106.3319490">
    <ele>3486.6</ele>
    <time>2026-10-04T17:29:19Z</time>
   </trkpt>
   <trkpt lat="41.3387810" lon="-106.3319490">
    <ele>3486.4</ele>
    <time>2026-10-04T17:29:20Z</time>
   </trkpt>
   <trkpt lat="41.3387680" lon="-106.3319500">
    <ele>3486.2</ele>
    <time>2026-10-04T17:29:21Z</time>
   </trkpt>
   <trkpt lat="41.3387540" lon="-106.3319490">
    <ele>3486.0</ele>
    <time>2026-10-04T17:29:22Z</time>
   </trkpt>
   <trkpt lat="41.3387390" lon="-106.3319410">
    <ele>3485.7</ele>
    <time>2026-10-04T17:29:23Z</time>
   </trkpt>
   <trkpt lat="41.3387290" lon="-106.3319390">
    <ele>3485.6</ele>
    <time>2026-10-04T17:29:24Z</time>
   </trkpt>
   <trkpt lat="41.3387160" lon="-106.3319340">
    <ele>3485.4</ele>
    <time>2026-10-04T17:29:25Z</time>
   </trkpt>
   <trkpt lat="41.3387070" lon="-106.3319160">
    <ele>3485.2</ele>
    <time>2026-10-04T17:29:26Z</time>
   </trkpt>
   <trkpt lat="41.3386930" lon="-106.3319070">
    <ele>3484.9</ele>
    <time>2026-10-04T17:29:27Z</time>
   </trkpt>
   <trkpt lat="41.3386860" lon="-106.3318910">
    <ele>3484.7</ele>
    <time>2026-10-04T17:29:28Z</time>
   </trkpt>
   <trkpt lat="41.3386770" lon="-106.3318720">
    <ele>3484.5</ele>
    <time>2026-10-04T17:29:29Z</time>
   </trkpt>
   <trkpt lat="41.3386620" lon="-106.3318730">
    <ele>3484.3</ele>
    <time>2026-10-04T17:29:30Z</time>
   </trkpt>
   <trkpt lat="41.3386470" lon="-106.3318680">
    <ele>3484.1</ele>
    <time>2026-10-04T17:29:31Z</time>
   </trkpt>
   <trkpt lat="41.3386340" lon="-106.3318600">
    <ele>3483.9</ele>
    <time>2026-10-04T17:29:32Z</time>
   </trkpt>
   <trkpt lat="41.3386200" lon="-106.3318510">
    <ele>3483.7</ele>
    <time>2026-10-04T17:29:33Z</time>
   </trkpt>
   <trkpt lat="41.3385970" lon="-106.3318440">
    <ele>3483.4</ele>
    <time>2026-10-04T17:29:34Z</time>
   </trkpt>
   <trkpt lat="41.3385820" lon="-106.3318250">
    <ele>3483.1</ele>
    <time>2026-10-04T17:29:35Z</time>
   </trkpt>
   <trkpt lat="41.3385720" lon="-106.3318030">
    <ele>3482.9</ele>
    <time>2026-10-04T17:29:36Z</time>
   </trkpt>
   <trkpt lat="41.3385630" lon="-106.3317810">
    <ele>3482.7</ele>
    <time>2026-10-04T17:29:37Z</time>
   </trkpt>
   <trkpt lat="41.3385580" lon="-106.3317580">
    <ele>3482.5</ele>
    <time>2026-10-04T17:29:38Z</time>
   </trkpt>
   <trkpt lat="41.3385450" lon="-106.3317460">
    <ele>3482.4</ele>
    <time>2026-10-04T17:29:39Z</time>
   </trkpt>
   <trkpt lat="41.3385290" lon="-106.3317350">
    <ele>3482.2</ele>
    <time>2026-10-04T17:29:40Z</time>
   </trkpt>
   <trkpt lat="41.3385090" lon="-106.3317220">
    <ele>3482.0</ele>
    <time>2026-10-04T17:29:41Z</time>
   </trkpt>
   <trkpt lat="41.3385000" lon="-106.3317040">
    <ele>3481.9</ele>
    <time>2026-10-04T17:29:42Z</time>
   </trkpt>
   <trkpt lat="41.3384820" lon="-106.3316940">
    <ele>3481.7</ele>
    <time>2026-10-04T17:29:43Z</time>
   </trkpt>
   <trkpt lat="41.3384640" lon="-106.3316840">
    <ele>3481.6</ele>
    <time>2026-10-04T17:29:44Z</time>
   </trkpt>
   <trkpt lat="41.3384470" lon="-106.3316650">
    <ele>3481.4</ele>
    <time>2026-10-04T17:29:45Z</time>
   </trkpt>
   <trkpt lat="41.3384290" lon="-106.3316480">
    <ele>3481.3</ele>
    <time>2026-10-04T17:29:46Z</time>
   </trkpt>
   <trkpt lat="41.3384250" lon="-106.3316310">
    <ele>3481.2</ele>
    <time>2026-10-04T17:29:47Z</time>
   </trkpt>
   <trkpt lat="41.3384040" lon="-106.3316340">
    <ele>3481.0</ele>
    <time>2026-10-04T17:29:48Z</time>
   </trkpt>
   <trkpt lat="41.3383990" lon="-106.3316210">
    <ele>3481.0</ele>
    <time>2026-10-04T17:29:49Z</time>
   </trkpt>
   <trkpt lat="41.3383880" lon="-106.3315980">
    <ele>3480.9</ele>
    <time>2026-10-04T17:29:50Z</time>
   </trkpt>
   <trkpt lat="41.3383850" lon="-106.3315720">
    <ele>3480.7</ele>
    <time>2026-10-04T17:29:51Z</time>
   </trkpt>
   <trkpt lat="41.3383770" lon="-106.3315500">
    <ele>3480.6</ele>
    <time>2026-10-04T17:29:52Z</time>
   </trkpt>
   <trkpt lat="41.3383720" lon="-106.3315350">
    <ele>3480.6</ele>
    <time>2026-10-04T17:29:53Z</time>
   </trkpt>
   <trkpt lat="41.3383620" lon="-106.3315190">
    <ele>3480.5</ele>
    <time>2026-10-04T17:29:54Z</time>
   </trkpt>
   <trkpt lat="41.3383470" lon="-106.3315040">
    <ele>3480.4</ele>
    <time>2026-10-04T17:29:55Z</time>
   </trkpt>
   <trkpt lat="41.3383360" lon="-106.3314890">
    <ele>3480.3</ele>
    <time>2026-10-04T17:29:56Z</time>
   </trkpt>
   <trkpt lat="41.3383210" lon="-106.3314710">
    <ele>3480.2</ele>
    <time>2026-10-04T17:29:57Z</time>
   </trkpt>
   <trkpt lat="41.3383080" lon="-106.3314550">
    <ele>3480.1</ele>
    <time>2026-10-04T17:29:58Z</time>
   </trkpt>
   <trkpt lat="41.3382950" lon="-106.3314330">
    <ele>3479.9</ele>
    <time>2026-10-04T17:29:59Z</time>
   </trkpt>
   <trkpt lat="41.3382830" lon="-106.3314010">
    <ele>3479.8</ele>
    <time>2026-10-04T17:30:00Z</time>
   </trkpt>
   <trkpt lat="41.3382800" lon="-106.3313680">
    <ele>3479.6</ele>
    <time>2026-10-04T17:30:01Z</time>
   </trkpt>
   <trkpt lat="41.3382790" lon="-106.3313390">
    <ele>3479.5</ele>
    <time>2026-10-04T17:30:02Z</time>
   </trkpt>
   <trkpt lat="41.3382680" lon="-106.3313200">
    <ele>3479.4</ele>
    <time>2026-10-04T17:30:03Z</time>
   </trkpt>
   <trkpt lat="41.3382460" lon="-106.3313120">
    <ele>3479.3</ele>
    <time>2026-10-04T17:30:04Z</time>
   </trkpt>
   <trkpt lat="41.3382370" lon="-106.3312920">
    <ele>3479.2</ele>
    <time>2026-10-04T17:30:05Z</time>
   </trkpt>
   <trkpt lat="41.3382280" lon="-106.3312770">
    <ele>3479.1</ele>
    <time>2026-10-04T17:30:06Z</time>
   </trkpt>
   <trkpt lat="41.3382180" lon="-106.3312620">
    <ele>3479.0</ele>
    <time>2026-10-04T17:30:07Z</time>
   </trkpt>
   <trkpt lat="41.3382100" lon="-106.3312410">
    <ele>3478.9</ele>
    <time>2026-10-04T17:30:08Z</time>
   </trkpt>
   <trkpt lat="41.3382010" lon="-106.3312170">
    <ele>3478.8</ele>
    <time>2026-10-04T17:30:09Z</time>
   </trkpt>
   <trkpt lat="41.3381880" lon="-106.3311990">
    <ele>3478.7</ele>
    <time>2026-10-04T17:30:10Z</time>
   </trkpt>
   <trkpt lat="41.3381780" lon="-106.3311820">
    <ele>3478.6</ele>
    <time>2026-10-04T17:30:11Z</time>
   </trkpt>
   <trkpt lat="41.3381600" lon="-106.3311630">
    <ele>3478.4</ele>
    <time>2026-10-04T17:30:12Z</time>
   </trkpt>
   <trkpt lat="41.3381460" lon="-106.3311440">
    <ele>3478.3</ele>
    <time>2026-10-04T17:30:13Z</time>
   </trkpt>
   <trkpt lat="41.3381320" lon="-106.3311250">
    <ele>3478.2</ele>
    <time>2026-10-04T17:30:14Z</time>
   </trkpt>
   <trkpt lat="41.3381260" lon="-106.3311000">
    <ele>3478.1</ele>
    <time>2026-10-04T17:30:15Z</time>
   </trkpt>
   <trkpt lat="41.3381040" lon="-106.3310930">
    <ele>3477.9</ele>
    <time>2026-10-04T17:30:16Z</time>
   </trkpt>
   <trkpt lat="41.3380820" lon="-106.3310820">
    <ele>3477.8</ele>
    <time>2026-10-04T17:30:17Z</time>
   </trkpt>
   <trkpt lat="41.3380680" lon="-106.3310680">
    <ele>3477.7</ele>
    <time>2026-10-04T17:30:18Z</time>
   </trkpt>
   <trkpt lat="41.3380510" lon="-106.3310510">
    <ele>3477.5</ele>
    <time>2026-10-04T17:30:19Z</time>
   </trkpt>
   <trkpt lat="41.3380320" lon="-106.3310410">
    <ele>3477.4</ele>
    <time>2026-10-04T17:30:20Z</time>
   </trkpt>
   <trkpt lat="41.3380170" lon="-106.3310260">
    <ele>3477.3</ele>
    <time>2026-10-04T17:30:21Z</time>
   </trkpt>
   <trkpt lat="41.3379960" lon="-106.3310140">
    <ele>3477.1</ele>
    <time>2026-10-04T17:30:22Z</time>
   </trkpt>
   <trkpt lat="41.3379830" lon="-106.3309880">
    <ele>3476.9</ele>
    <time>2026-10-04T17:30:23Z</time>
   </trkpt>
   <trkpt lat="41.3379690" lon="-106.3309700">
    <ele>3476.8</ele>
    <time>2026-10-04T17:30:24Z</time>
   </trkpt>
   <trkpt lat="41.3379510" lon="-106.3309670">
    <ele>3476.7</ele>
    <time>2026-10-04T17:30:25Z</time>
   </trkpt>
   <trkpt lat="41.3379350" lon="-106.3309600">
    <ele>3476.5</ele>
    <time>2026-10-04T17:30:26Z</time>
   </trkpt>
   <trkpt lat="41.3379260" lon="-106.3309410">
    <ele>3476.4</ele>
    <time>2026-10-04T17:30:27Z</time>
   </trkpt>
   <trkpt lat="41.3379110" lon="-106.3309380">
    <ele>3476.3</ele>
    <time>2026-10-04T17:30:28Z</time>
   </trkpt>
   <trkpt lat="41.3378980" lon="-106.3309350">
    <ele>3476.2</ele>
    <time>2026-10-04T17:30:29Z</time>
   </trkpt>
   <trkpt lat="41.3378820" lon="-106.3309360">
    <ele>3476.1</ele>
    <time>2026-10-04T17:30:30Z</time>
   </trkpt>
   <trkpt lat="41.3378640" lon="-106.3309430">
    <ele>3475.9</ele>
    <time>2026-10-04T17:30:31Z</time>
   </trkpt>
   <trkpt lat="41.3378520" lon="-106.3309300">
    <ele>3475.8</ele>
    <time>2026-10-04T17:30:32Z</time>
   </trkpt>
   <trkpt lat="41.3378370" lon="-106.3309250">
    <ele>3475.7</ele>
    <time>2026-10-04T17:30:33Z</time>
   </trkpt>
   <trkpt lat="41.3378330" lon="-106.3309200">
    <ele>3475.6</ele>
    <time>2026-10-04T17:30:34Z</time>
   </trkpt>
   <trkpt lat="41.3378260" lon="-106.3309390">
    <ele>3475.5</ele>
    <time>2026-10-04T17:30:35Z</time>
   </trkpt>
   <trkpt lat="41.3378160" lon="-106.3309550">
    <ele>3475.3</ele>
    <time>2026-10-04T17:30:36Z</time>
   </trkpt>
   <trkpt lat="41.3378060" lon="-106.3309580">
    <ele>3475.3</ele>
    <time>2026-10-04T17:30:37Z</time>
   </trkpt>
   <trkpt lat="41.3377960" lon="-106.3309660">
    <ele>3475.2</ele>
    <time>2026-10-04T17:30:38Z</time>
   </trkpt>
   <trkpt lat="41.3377860" lon="-106.3309580">
    <ele>3475.0</ele>
    <time>2026-10-04T17:30:39Z</time>
   </trkpt>
   <trkpt lat="41.3377760" lon="-106.3309420">
    <ele>3474.9</ele>
    <time>2026-10-04T17:30:40Z</time>
   </trkpt>
   <trkpt lat="41.3377590" lon="-106.3309260">
    <ele>3474.7</ele>
    <time>2026-10-04T17:30:41Z</time>
   </trkpt>
   <trkpt lat="41.3377540" lon="-106.3309170">
    <ele>3474.7</ele>
    <time>2026-10-04T17:30:42Z</time>
   </trkpt>
   <trkpt lat="41.3377430" lon="-106.3309070">
    <ele>3474.5</ele>
    <time>2026-10-04T17:30:43Z</time>
   </trkpt>
   <trkpt lat="41.3377280" lon="-106.3308900">
    <ele>3474.3</ele>
    <time>2026-10-04T17:30:44Z</time>
   </trkpt>
   <trkpt lat="41.3377300" lon="-106.3308690">
    <ele>3474.2</ele>
    <time>2026-10-04T17:30:45Z</time>
   </trkpt>
   <trkpt lat="41.3377240" lon="-106.3308340">
    <ele>3473.9</ele>
    <time>2026-10-04T17:30:46Z</time>
   </trkpt>
   <trkpt lat="41.3377330" lon="-106.3308180">
    <ele>3473.8</ele>
    <time>2026-10-04T17:30:47Z</time>
   </trkpt>
   <trkpt lat="41.3377230" lon="-106.3307920">
    <ele>3473.5</ele>
    <time>2026-10-04T17:30:48Z</time>
   </trkpt>
   <trkpt lat="41.3377100" lon="-106.3307790">
    <ele>3473.4</ele>
    <time>2026-10-04T17:30:49Z</time>
   </trkpt>
   <trkpt lat="41.3376940" lon="-106.3307700">
    <ele>3473.1</ele>
    <time>2026-10-04T17:30:50Z</time>
   </trkpt>
   <trkpt lat="41.3376710" lon="-106.3307690">
    <ele>3472.9</ele>
    <time>2026-10-04T17:30:51Z</time>
   </trkpt>
   <trkpt lat="41.3376540" lon="-106.3307660">
    <ele>3472.7</ele>
    <time>2026-10-04T17:30:52Z</time>
   </trkpt>
   <trkpt lat="41.3376410" lon="-106.3307630">
    <ele>3472.5</ele>
    <time>2026-10-04T17:30:53Z</time>
   </trkpt>
   <trkpt lat="41.3376250" lon="-106.3307590">
    <ele>3472.3</ele>
    <time>2026-10-04T17:30:54Z</time>
   </trkpt>
   <trkpt lat="41.3376140" lon="-106.3307430">
    <ele>3472.1</ele>
    <time>2026-10-04T17:30:55Z</time>
   </trkpt>
   <trkpt lat="41.3376060" lon="-106.3307240">
    <ele>3471.9</ele>
    <time>2026-10-04T17:30:56Z</time>
   </trkpt>
   <trkpt lat="41.3375990" lon="-106.3307180">
    <ele>3471.8</ele>
    <time>2026-10-04T17:30:57Z</time>
   </trkpt>
   <trkpt lat="41.3375860" lon="-106.3307190">
    <ele>3471.6</ele>
    <time>2026-10-04T17:30:58Z</time>
   </trkpt>
   <trkpt lat="41.3375720" lon="-106.3307130">
    <ele>3471.4</ele>
    <time>2026-10-04T17:30:59Z</time>
   </trkpt>
   <trkpt lat="41.3375510" lon="-106.3307250">
    <ele>3471.1</ele>
    <time>2026-10-04T17:31:00Z</time>
   </trkpt>
   <trkpt lat="41.3375340" lon="-106.3307270">
    <ele>3470.9</ele>
    <time>2026-10-04T17:31:01Z</time>
   </trkpt>
   <trkpt lat="41.3375210" lon="-106.3307270">
    <ele>3470.8</ele>
    <time>2026-10-04T17:31:02Z</time>
   </trkpt>
   <trkpt lat="41.3375050" lon="-106.3307340">
    <ele>3470.6</ele>
    <time>2026-10-04T17:31:03Z</time>
   </trkpt>
   <trkpt lat="41.3374950" lon="-106.3307370">
    <ele>3470.4</ele>
    <time>2026-10-04T17:31:04Z</time>
   </trkpt>
   <trkpt lat="41.3374780" lon="-106.3307440">
    <ele>3470.2</ele>
    <time>2026-10-04T17:31:05Z</time>
   </trkpt>
   <trkpt lat="41.3374610" lon="-106.3307440">
    <ele>3470.1</ele>
    <time>2026-10-04T17:31:06Z</time>
   </trkpt>
   <trkpt lat="41.3374430" lon="-106.3307470">
    <ele>3469.9</ele>
    <time>2026-10-04T17:31:07Z</time>
   </trkpt>
   <trkpt lat="41.3374260" lon="-106.3307580">
    <ele>3469.7</ele>
    <time>2026-10-04T17:31:08Z</time>
   </trkpt>
   <trkpt lat="41.3374140" lon="-106.3307600">
    <ele>3469.5</ele>
    <time>2026-10-04T17:31:09Z</time>
   </trkpt>
   <trkpt lat="41.3374000" lon="-106.3307580">
    <ele>3469.4</ele>
    <time>2026-10-04T17:31:10Z</time>
   </trkpt>
   <trkpt lat="41.3373850" lon="-106.3307630">
    <ele>3469.2</ele>
    <time>2026-10-04T17:31:11Z</time>
   </trkpt>
   <trkpt lat="41.3373680" lon="-106.3307640">
    <ele>3469.0</ele>
    <time>2026-10-04T17:31:12Z</time>
   </trkpt>
   <trkpt lat="41.3373520" lon="-106.3307690">
    <ele>3468.8</ele>
    <time>2026-10-04T17:31:13Z</time>
   </trkpt>
   <trkpt lat="41.3373320" lon="-106.3307730">
    <ele>3468.6</ele>
    <time>2026-10-04T17:31:14Z</time>
   </trkpt>
   <trkpt lat="41.3373170" lon="-106.3307730">
    <ele>3468.4</ele>
    <time>2026-10-04T17:31:15Z</time>
   </trkpt>
   <trkpt lat="41.3373030" lon="-106.3307680">
    <ele>3468.3</ele>
    <time>2026-10-04T17:31:16Z</time>
   </trkpt>
   <trkpt lat="41.3372850" lon="-106.3307690">
    <ele>3468.1</ele>
    <time>2026-10-04T17:31:17Z</time>
   </trkpt>
   <trkpt lat="41.3372720" lon="-106.3307660">
    <ele>3467.9</ele>
    <time>2026-10-04T17:31:18Z</time>
   </trkpt>
   <trkpt lat="41.3372590" lon="-106.3307610">
    <ele>3467.7</ele>
    <time>2026-10-04T17:31:19Z</time>
   </trkpt>
   <trkpt lat="41.3372480" lon="-106.3307670">
    <ele>3467.6</ele>
    <time>2026-10-04T17:31:20Z</time>
   </trkpt>
   <trkpt lat="41.3372350" lon="-106.3307790">
    <ele>3467.4</ele>
    <time>2026-10-04T17:31:21Z</time>
   </trkpt>
   <trkpt lat="41.3372310" lon="-106.3307980">
    <ele>3467.2</ele>
    <time>2026-10-04T17:31:22Z</time>
   </trkpt>
   <trkpt lat="41.3372250" lon="-106.3308200">
    <ele>3467.0</ele>
    <time>2026-10-04T17:31:23Z</time>
   </trkpt>
   <trkpt lat="41.3372220" lon="-106.3308390">
    <ele>3466.7</ele>
    <time>2026-10-04T17:31:24Z</time>
   </trkpt>
   <trkpt lat="41.3372230" lon="-106.3308540">
    <ele>3466.6</ele>
    <time>2026-10-04T17:31:25Z</time>
   </trkpt>
   <trkpt lat="41.3372190" lon="-106.3308690">
    <ele>3466.4</ele>
    <time>2026-10-04T17:31:26Z</time>
   </trkpt>
   <trkpt lat="41.3372130" lon="-106.3308750">
    <ele>3466.3</ele>
    <time>2026-10-04T17:31:27Z</time>
   </trkpt>
   <trkpt lat="41.3372050" lon="-106.3308830">
    <ele>3466.1</ele>
    <time>2026-10-04T17:31:28Z</time>
   </trkpt>
   <trkpt lat="41.3371990" lon="-106.3308920">
    <ele>3466.0</ele>
    <time>2026-10-04T17:31:29Z</time>
   </trkpt>
   <trkpt lat="41.3371910" lon="-106.3308990">
    <ele>3465.8</ele>
    <time>2026-10-04T17:31:30Z</time>
   </trkpt>
   <trkpt lat="41.3371830" lon="-106.3309160">
    <ele>3465.6</ele>
    <time>2026-10-04T17:31:31Z</time>
   </trkpt>
   <trkpt lat="41.3371710" lon="-106.3309260">
    <ele>3465.3</ele>
    <time>2026-10-04T17:31:32Z</time>
   </trkpt>
   <trkpt lat="41.3371610" lon="-106.3309300">
    <ele>3465.1</ele>
    <time>2026-10-04T17:31:33Z</time>
   </trkpt>
   <trkpt lat="41.3371500" lon="-106.3309350">
    <ele>3464.9</ele>
    <time>2026-10-04T17:31:34Z</time>
   </trkpt>
   <trkpt lat="41.3371400" lon="-106.3309400">
    <ele>3464.8</ele>
    <time>2026-10-04T17:31:35Z</time>
   </trkpt>
   <trkpt lat="41.3371350" lon="-106.3309400">
    <ele>3464.7</ele>
    <time>2026-10-04T17:31:36Z</time>
   </trkpt>
   <trkpt lat="41.3371200" lon="-106.3309520">
    <ele>3464.4</ele>
    <time>2026-10-04T17:31:37Z</time>
   </trkpt>
   <trkpt lat="41.3371060" lon="-106.3309540">
    <ele>3464.1</ele>
    <time>2026-10-04T17:31:38Z</time>
   </trkpt>
   <trkpt lat="41.3370970" lon="-106.3309540">
    <ele>3464.0</ele>
    <time>2026-10-04T17:31:39Z</time>
   </trkpt>
   <trkpt lat="41.3370920" lon="-106.3309580">
    <ele>3463.9</ele>
    <time>2026-10-04T17:31:40Z</time>
   </trkpt>
   <trkpt lat="41.3370830" lon="-106.3309640">
    <ele>3463.7</ele>
    <time>2026-10-04T17:31:41Z</time>
   </trkpt>
   <trkpt lat="41.3370750" lon="-106.3309700">
    <ele>3463.5</ele>
    <time>2026-10-04T17:31:42Z</time>
   </trkpt>
   <trkpt lat="41.3370640" lon="-106.3309820">
    <ele>3463.3</ele>
    <time>2026-10-04T17:31:43Z</time>
   </trkpt>
   <trkpt lat="41.3370500" lon="-106.3309890">
    <ele>3463.0</ele>
    <time>2026-10-04T17:31:44Z</time>
   </trkpt>
   <trkpt lat="41.3370500" lon="-106.3310100">
    <ele>3462.7</ele>
    <time>2026-10-04T17:31:45Z</time>
   </trkpt>
   <trkpt lat="41.3370490" lon="-106.3310250">
    <ele>3462.5</ele>
    <time>2026-10-04T17:31:46Z</time>
   </trkpt>
   <trkpt lat="41.3370510" lon="-106.3310440">
    <ele>3462.3</ele>
    <time>2026-10-04T17:31:47Z</time>
   </trkpt>
   <trkpt lat="41.3370650" lon="-106.3310550">
    <ele>3462.0</ele>
    <time>2026-10-04T17:31:48Z</time>
   </trkpt>
   <trkpt lat="41.3370740" lon="-106.3310660">
    <ele>3461.9</ele>
    <time>2026-10-04T17:31:49Z</time>
   </trkpt>
   <trkpt lat="41.3370760" lon="-106.3310740">
    <ele>3461.8</ele>
    <time>2026-10-04T17:31:50Z</time>
   </trkpt>
   <trkpt lat="41.3370740" lon="-106.3310880">
    <ele>3461.6</ele>
    <time>2026-10-04T17:31:51Z</time>
   </trkpt>
   <trkpt lat="41.3370630" lon="-106.3310950">
    <ele>3461.4</ele>
    <time>2026-10-04T17:31:52Z</time>
   </trkpt>
   <trkpt lat="41.3370590" lon="-106.3311080">
    <ele>3461.3</ele>
    <time>2026-10-04T17:31:53Z</time>
   </trkpt>
   <trkpt lat="41.3370570" lon="-106.3311280">
    <ele>3461.0</ele>
    <time>2026-10-04T17:31:54Z</time>
   </trkpt>
   <trkpt lat="41.3370560" lon="-106.3311500">
    <ele>3460.8</ele>
    <time>2026-10-04T17:31:55Z</time>
   </trkpt>
   <trkpt lat="41.3370520" lon="-106.3311660">
    <ele>3460.6</ele>
    <time>2026-10-04T17:31:56Z</time>
   </trkpt>
   <trkpt lat="41.3370510" lon="-106.3311820">
    <ele>3460.4</ele>
    <time>2026-10-04T17:31:57Z</time>
   </trkpt>
   <trkpt lat="41.3370470" lon="-106.3311970">
    <ele>3460.2</ele>
    <time>2026-10-04T17:31:58Z</time>
   </trkpt>
   <trkpt lat="41.3370420" lon="-106.3312170">
    <ele>3460.0</ele>
    <time>2026-10-04T17:31:59Z</time>
   </trkpt>
   <trkpt lat="41.3370330" lon="-106.3312320">
    <ele>3459.8</ele>
    <time>2026-10-04T17:32:00Z</time>
   </trkpt>
   <trkpt lat="41.3370170" lon="-106.3312390">
    <ele>3459.5</ele>
    <time>2026-10-04T17:32:01Z</time>
   </trkpt>
   <trkpt lat="41.3370090" lon="-106.3312520">
    <ele>3459.3</ele>
    <time>2026-10-04T17:32:02Z</time>
   </trkpt>
   <trkpt lat="41.3369920" lon="-106.3312540">
    <ele>3459.1</ele>
    <time>2026-10-04T17:32:03Z</time>
   </trkpt>
   <trkpt lat="41.3369790" lon="-106.3312760">
    <ele>3458.7</ele>
    <time>2026-10-04T17:32:04Z</time>
   </trkpt>
   <trkpt lat="41.3369680" lon="-106.3312900">
    <ele>3458.5</ele>
    <time>2026-10-04T17:32:05Z</time>
   </trkpt>
   <trkpt lat="41.3369550" lon="-106.3313000">
    <ele>3458.2</ele>
    <time>2026-10-04T17:32:06Z</time>
   </trkpt>
   <trkpt lat="41.3369450" lon="-106.3313140">
    <ele>3458.0</ele>
    <time>2026-10-04T17:32:07Z</time>
   </trkpt>
   <trkpt lat="41.3369320" lon="-106.3313250">
    <ele>3457.7</ele>
    <time>2026-10-04T17:32:08Z</time>
   </trkpt>
   <trkpt lat="41.3369180" lon="-106.3313340">
    <ele>3457.4</ele>
    <time>2026-10-04T17:32:09Z</time>
   </trkpt>
   <trkpt lat="41.3369040" lon="-106.3313380">
    <ele>3457.2</ele>
    <time>2026-10-04T17:32:10Z</time>
   </trkpt>
   <trkpt lat="41.3368950" lon="-106.3313510">
    <ele>3456.9</ele>
    <time>2026-10-04T17:32:11Z</time>
   </trkpt>
   <trkpt lat="41.3368860" lon="-106.3313680">
    <ele>3456.6</ele>
    <time>2026-10-04T17:32:12Z</time>
   </trkpt>
   <trkpt lat="41.3368780" lon="-106.3313820">
    <ele>3456.3</ele>
    <time>2026-10-04T17:32:13Z</time>
   </trkpt>
   <trkpt lat="41.3368630" lon="-106.3313880">
    <ele>3456.0</ele>
    <time>2026-10-04T17:32:14Z</time>
   </trkpt>
   <trkpt lat="41.3368480" lon="-106.3313890">
    <ele>3455.7</ele>
    <time>2026-10-04T17:32:15Z</time>
   </trkpt>
   <trkpt lat="41.3368340" lon="-106.3313900">
    <ele>3455.4</ele>
    <time>2026-10-04T17:32:16Z</time>
   </trkpt>
   <trkpt lat="41.3368210" lon="-106.3314000">
    <ele>3455.0</ele>
    <time>2026-10-04T17:32:17Z</time>
   </trkpt>
   <trkpt lat="41.3368070" lon="-106.3313960">
    <ele>3454.7</ele>
    <time>2026-10-04T17:32:18Z</time>
   </trkpt>
   <trkpt lat="41.3367940" lon="-106.3313900">
    <ele>3454.4</ele>
    <time>2026-10-04T17:32:19Z</time>
   </trkpt>
   <trkpt lat="41.3367820" lon="-106.3313870">
    <ele>3454.1</ele>
    <time>2026-10-04T17:32:20Z</time>
   </trkpt>
   <trkpt lat="41.3367770" lon="-106.3313830">
    <ele>3453.9</ele>
    <time>2026-10-04T17:32:21Z</time>
   </trkpt>
   <trkpt lat="41.3367720" lon="-106.3313830">
    <ele>3453.8</ele>
    <time>2026-10-04T17:32:22Z</time>
   </trkpt>
   <trkpt lat="41.3367610" lon="-106.3313810">
    <ele>3453.5</ele>
    <time>2026-10-04T17:32:23Z</time>
   </trkpt>
   <trkpt lat="41.3367500" lon="-106.3313750">
    <ele>3453.2</ele>
    <time>2026-10-04T17:32:24Z</time>
   </trkpt>
   <trkpt lat="41.3367370" lon="-106.3313650">
    <ele>3452.9</ele>
    <time>2026-10-04T17:32:25Z</time>
   </trkpt>
   <trkpt lat="41.3367340" lon="-106.3313540">
    <ele>3452.6</ele>
    <time>2026-10-04T17:32:26Z</time>
   </trkpt>
   <trkpt lat="41.3367370" lon="-106.3313410">
    <ele>3452.4</ele>
    <time>2026-10-04T17:32:27Z</time>
   </trkpt>
   <trkpt lat="41.3367360" lon="-106.3313380">
    <ele>3452.3</ele>
    <time>2026-10-04T17:32:28Z</time>
   </trkpt>
   <trkpt lat="41.3367260" lon="-106.3313430">
    <ele>3452.1</ele>
    <time>2026-10-04T17:32:29Z</time>
   </trkpt>
   <trkpt lat="41.3367140" lon="-106.3313510">
    <ele>3451.7</ele>
    <time>2026-10-04T17:32:30Z</time>
   </trkpt>
   <trkpt lat="41.3367030" lon="-106.3313500">
    <ele>3451.4</ele>
    <time>2026-10-04T17:32:31Z</time>
   </trkpt>
   <trkpt lat="41.3366970" lon="-106.3313460">
    <ele>3451.3</ele>
    <time>2026-10-04T17:32:32Z</time>
   </trkpt>
   <trkpt lat="41.3366890" lon="-106.3313470">
    <ele>3451.1</ele>
    <time>2026-10-04T17:32:33Z</time>
   </trkpt>
   <trkpt lat="41.3366820" lon="-106.3313480">
    <ele>3450.9</ele>
    <time>2026-10-04T17:32:34Z</time>
   </trkpt>
   <trkpt lat="41.3366760" lon="-106.3313530">
    <ele>3450.7</ele>
    <time>2026-10-04T17:32:35Z</time>
   </trkpt>
   <trkpt lat="41.3366660" lon="-106.3313660">
    <ele>3450.4</ele>
    <time>2026-10-04T17:32:36Z</time>
   </trkpt>
   <trkpt lat="41.3366530" lon="-106.3313700">
    <ele>3450.1</ele>
    <time>2026-10-04T17:32:37Z</time>
   </trkpt>
   <trkpt lat="41.3366400" lon="-106.3313650">
    <ele>3449.7</ele>
    <time>2026-10-04T17:32:38Z</time>
   </trkpt>
   <trkpt lat="41.3366370" lon="-106.3313550">
    <ele>3449.5</ele>
    <time>2026-10-04T17:32:39Z</time>
   </trkpt>
   <trkpt lat="41.3366290" lon="-106.3313440">
    <ele>3449.2</ele>
    <time>2026-10-04T17:32:40Z</time>
   </trkpt>
   <trkpt lat="41.3366170" lon="-106.3313290">
    <ele>3448.8</ele>
    <time>2026-10-04T17:32:41Z</time>
   </trkpt>
   <trkpt lat="41.3366070" lon="-106.3313140">
    <ele>3448.4</ele>
    <time>2026-10-04T17:32:42Z</time>
   </trkpt>
   <trkpt lat="41.3366060" lon="-106.3312850">
    <ele>3447.9</ele>
    <time>2026-10-04T17:32:43Z</time>
   </trkpt>
   <trkpt lat="41.3366030" lon="-106.3312650">
    <ele>3447.5</ele>
    <time>2026-10-04T17:32:44Z</time>
   </trkpt>
   <trkpt lat="41.3365960" lon="-106.3312470">
    <ele>3447.1</ele>
    <time>2026-10-04T17:32:45Z</time>
   </trkpt>
   <trkpt lat="41.3365880" lon="-106.3312300">
    <ele>3446.8</ele>
    <time>2026-10-04T17:32:46Z</time>
   </trkpt>
   <trkpt lat="41.3365790" lon="-106.3312180">
    <ele>3446.4</ele>
    <time>2026-10-04T17:32:47Z</time>
   </trkpt>
   <trkpt lat="41.3365750" lon="-106.3312020">
    <ele>3446.1</ele>
    <time>2026-10-04T17:32:48Z</time>
   </trkpt>
   <trkpt lat="41.3365660" lon="-106.3311860">
    <ele>3445.7</ele>
    <time>2026-10-04T17:32:49Z</time>
   </trkpt>
   <trkpt lat="41.3365630" lon="-106.3311640">
    <ele>3445.2</ele>
    <time>2026-10-04T17:32:50Z</time>
   </trkpt>
   <trkpt lat="41.3365660" lon="-106.3311430">
    <ele>3444.8</ele>
    <time>2026-10-04T17:32:51Z</time>
   </trkpt>
   <trkpt lat="41.3365620" lon="-106.3311260">
    <ele>3444.4</ele>
    <time>2026-10-04T17:32:52Z</time>
   </trkpt>
   <trkpt lat="41.3365480" lon="-106.3311140">
    <ele>3443.9</ele>
    <time>2026-10-04T17:32:53Z</time>
   </trkpt>
   <trkpt lat="41.3365390" lon="-106.3311070">
    <ele>3443.6</ele>
    <time>2026-10-04T17:32:54Z</time>
   </trkpt>
   <trkpt lat="41.3365230" lon="-106.3311050">
    <ele>3443.1</ele>
    <time>2026-10-04T17:32:55Z</time>
   </trkpt>
   <trkpt lat="41.3365140" lon="-106.3310970">
    <ele>3442.7</ele>
    <time>2026-10-04T17:32:56Z</time>
   </trkpt>
   <trkpt lat="41.3365040" lon="-106.3310920">
    <ele>3442.4</ele>
    <time>2026-10-04T17:32:57Z</time>
   </trkpt>
   <trkpt lat="41.3364910" lon="-106.3310970">
    <ele>3441.9</ele>
    <time>2026-10-04T17:32:58Z</time>
   </trkpt>
   <trkpt lat="41.3364790" lon="-106.3311070">
    <ele>3441.5</ele>
    <time>2026-10-04T17:32:59Z</time>
   </trkpt>
   <trkpt lat="41.3364660" lon="-106.3311050">
    <ele>3441.0</ele>
    <time>2026-10-04T17:33:00Z</time>
   </trkpt>
   <trkpt lat="41.3364530" lon="-106.3311050">
    <ele>3440.6</ele>
    <time>2026-10-04T17:33:01Z</time>
   </trkpt>
   <trkpt lat="41.3364420" lon="-106.3311080">
    <ele>3440.2</ele>
    <time>2026-10-04T17:33:02Z</time>
   </trkpt>
   <trkpt lat="41.3364310" lon="-106.3311070">
    <ele>3439.8</ele>
    <time>2026-10-04T17:33:03Z</time>
   </trkpt>
   <trkpt lat="41.3364220" lon="-106.3311140">
    <ele>3439.5</ele>
    <time>2026-10-04T17:33:04Z</time>
   </trkpt>
   <trkpt lat="41.3364100" lon="-106.3311190">
    <ele>3439.1</ele>
    <time>2026-10-04T17:33:05Z</time>
   </trkpt>
   <trkpt lat="41.3363970" lon="-106.3311150">
    <ele>3438.6</ele>
    <time>2026-10-04T17:33:06Z</time>
   </trkpt>
   <trkpt lat="41.3363860" lon="-106.3311190">
    <ele>3438.2</ele>
    <time>2026-10-04T17:33:07Z</time>
   </trkpt>
   <trkpt lat="41.3363740" lon="-106.3311210">
    <ele>3437.8</ele>
    <time>2026-10-04T17:33:08Z</time>
   </trkpt>
   <trkpt lat="41.3363590" lon="-106.3311190">
    <ele>3437.3</ele>
    <time>2026-10-04T17:33:09Z</time>
   </trkpt>
   <trkpt lat="41.3363450" lon="-106.3311160">
    <ele>3436.8</ele>
    <time>2026-10-04T17:33:10Z</time>
   </trkpt>
   <trkpt lat="41.3363370" lon="-106.3311090">
    <ele>3436.5</ele>
    <time>2026-10-04T17:33:11Z</time>
   </trkpt>
   <trkpt lat="41.3363260" lon="-106.3310900">
    <ele>3435.9</ele>
    <time>2026-10-04T17:33:12Z</time>
   </trkpt>
   <trkpt lat="41.3363310" lon="-106.3310620">
    <ele>3435.1</ele>
    <time>2026-10-04T17:33:13Z</time>
   </trkpt>
   <trkpt lat="41.3363160" lon="-106.3310550">
    <ele>3434.6</ele>
    <time>2026-10-04T17:33:14Z</time>
   </trkpt>
   <trkpt lat="41.3363020" lon="-106.3310450">
    <ele>3434.1</ele>
    <time>2026-10-04T17:33:15Z</time>
   </trkpt>
   <trkpt lat="41.3362910" lon="-106.3310350">
    <ele>3433.6</ele>
    <time>2026-10-04T17:33:16Z</time>
   </trkpt>
   <trkpt lat="41.3362890" lon="-106.3310160">
    <ele>3433.2</ele>
    <time>2026-10-04T17:33:17Z</time>
   </trkpt>
   <trkpt lat="41.3362840" lon="-106.3310000">
    <ele>3432.8</ele>
    <time>2026-10-04T17:33:18Z</time>
   </trkpt>
   <trkpt lat="41.3362770" lon="-106.3309830">
    <ele>3432.3</ele>
    <time>2026-10-04T17:33:19Z</time>
   </trkpt>
   <trkpt lat="41.3362610" lon="-106.3309760">
    <ele>3431.8</ele>
    <time>2026-10-04T17:33:20Z</time>
   </trkpt>
   <trkpt lat="41.3362430" lon="-106.3309900">
    <ele>3431.2</ele>
    <time>2026-10-04T17:33:21Z</time>
   </trkpt>
   <trkpt lat="41.3362310" lon="-106.3310170">
    <ele>3430.5</ele>
    <time>2026-10-04T17:33:22Z</time>
   </trkpt>
   <trkpt lat="41.3362280" lon="-106.3310300">
    <ele>3430.2</ele>
    <time>2026-10-04T17:33:23Z</time>
   </trkpt>
   <trkpt lat="41.3362270" lon="-106.3310380">
    <ele>3430.1</ele>
    <time>2026-10-04T17:33:24Z</time>
   </trkpt>
   <trkpt lat="41.3362110" lon="-106.3310530">
    <ele>3429.6</ele>
    <time>2026-10-04T17:33:25Z</time>
   </trkpt>
   <trkpt lat="41.3361930" lon="-106.3310670">
    <ele>3429.1</ele>
    <time>2026-10-04T17:33:26Z</time>
   </trkpt>
   <trkpt lat="41.3361770" lon="-106.3310560">
    <ele>3428.6</ele>
    <time>2026-10-04T17:33:27Z</time>
   </trkpt>
   <trkpt lat="41.3361620" lon="-106.3310480">
    <ele>3428.3</ele>
    <time>2026-10-04T17:33:28Z</time>
   </trkpt>
   <trkpt lat="41.3361470" lon="-106.3310470">
    <ele>3428.0</ele>
    <time>2026-10-04T17:33:29Z</time>
   </trkpt>
   <trkpt lat="41.3361420" lon="-106.3310400">
    <ele>3427.9</ele>
    <time>2026-10-04T17:33:30Z</time>
   </trkpt>
   <trkpt lat="41.3361350" lon="-106.3310180">
    <ele>3427.5</ele>
    <time>2026-10-04T17:33:31Z</time>
   </trkpt>
   <trkpt lat="41.3361340" lon="-106.3310020">
    <ele>3427.3</ele>
    <time>2026-10-04T17:33:32Z</time>
   </trkpt>
   <trkpt lat="41.3361210" lon="-106.3310150">
    <ele>3427.1</ele>
    <time>2026-10-04T17:33:33Z</time>
   </trkpt>
   <trkpt lat="41.3361170" lon="-106.3310530">
    <ele>3426.6</ele>
    <time>2026-10-04T17:33:34Z</time>
   </trkpt>
   <trkpt lat="41.3361200" lon="-106.3310830">
    <ele>3426.3</ele>
    <time>2026-10-04T17:33:36Z</time>
   </trkpt>
   <trkpt lat="41.3361160" lon="-106.3310950">
    <ele>3426.1</ele>
    <time>2026-10-04T17:33:37Z</time>
   </trkpt>
   <trkpt lat="41.3360980" lon="-106.3311150">
    <ele>3425.8</ele>
    <time>2026-10-04T17:33:38Z</time>
   </trkpt>
   <trkpt lat="41.3360900" lon="-106.3311360">
    <ele>3425.5</ele>
    <time>2026-10-04T17:33:39Z</time>
   </trkpt>
   <trkpt lat="41.3360820" lon="-106.3311520">
    <ele>3425.3</ele>
    <time>2026-10-04T17:33:40Z</time>
   </trkpt>
   <trkpt lat="41.3360780" lon="-106.3311730">
    <ele>3425.1</ele>
    <time>2026-10-04T17:33:41Z</time>
   </trkpt>
   <trkpt lat="41.3360710" lon="-106.3311850">
    <ele>3424.9</ele>
    <time>2026-10-04T17:33:42Z</time>
   </trkpt>
   <trkpt lat="41.3360710" lon="-106.3312090">
    <ele>3424.6</ele>
    <time>2026-10-04T17:33:43Z</time>
   </trkpt>
   <trkpt lat="41.3360710" lon="-106.3312310">
    <ele>3424.3</ele>
    <time>2026-10-04T17:33:44Z</time>
   </trkpt>
   <trkpt lat="41.3360860" lon="-106.3312590">
    <ele>3423.9</ele>
    <time>2026-10-04T17:33:45Z</time>
   </trkpt>
   <trkpt lat="41.3360910" lon="-106.3312660">
    <ele>3423.8</ele>
    <time>2026-10-04T17:33:46Z</time>
   </trkpt>
   <trkpt lat="41.3360980" lon="-106.3312780">
    <ele>3423.6</ele>
    <time>2026-10-04T17:33:47Z</time>
   </trkpt>
   <trkpt lat="41.3360990" lon="-106.3312890">
    <ele>3423.4</ele>
    <time>2026-10-04T17:33:48Z</time>
   </trkpt>
   <trkpt lat="41.3360890" lon="-106.3312860">
    <ele>3423.2</ele>
    <time>2026-10-04T17:33:49Z</time>
   </trkpt>
   <trkpt lat="41.3360820" lon="-106.3312930">
    <ele>3423.1</ele>
    <time>2026-10-04T17:33:50Z</time>
   </trkpt>
   <trkpt lat="41.3360700" lon="-106.3313100">
    <ele>3422.8</ele>
    <time>2026-10-04T17:33:51Z</time>
   </trkpt>
   <trkpt lat="41.3360560" lon="-106.3313280">
    <ele>3422.4</ele>
    <time>2026-10-04T17:33:52Z</time>
   </trkpt>
   <trkpt lat="41.3360480" lon="-106.3313360">
    <ele>3422.2</ele>
    <time>2026-10-04T17:33:53Z</time>
   </trkpt>
   <trkpt lat="41.3360440" lon="-106.3313600">
    <ele>3421.9</ele>
    <time>2026-10-04T17:33:54Z</time>
   </trkpt>
   <trkpt lat="41.3360340" lon="-106.3313790">
    <ele>3421.6</ele>
    <time>2026-10-04T17:33:55Z</time>
   </trkpt>
   <trkpt lat="41.3360320" lon="-106.3313980">
    <ele>3421.4</ele>
    <time>2026-10-04T17:33:56Z</time>
   </trkpt>
   <trkpt lat="41.3360270" lon="-106.3314110">
    <ele>3421.2</ele>
    <time>2026-10-04T17:33:57Z</time>
   </trkpt>
   <trkpt lat="41.3360210" lon="-106.3314170">
    <ele>3421.1</ele>
    <time>2026-10-04T17:33:58Z</time>
   </trkpt>
   <trkpt lat="41.3360130" lon="-106.3314210">
    <ele>3420.9</ele>
    <time>2026-10-04T17:33:59Z</time>
   </trkpt>
   <trkpt lat="41.3360010" lon="-106.3314110">
    <ele>3420.7</ele>
    <time>2026-10-04T17:34:00Z</time>
   </trkpt>
   <trkpt lat="41.3359930" lon="-106.3314250">
    <ele>3420.5</ele>
    <time>2026-10-04T17:34:01Z</time>
   </trkpt>
   <trkpt lat="41.3359720" lon="-106.3314170">
    <ele>3420.2</ele>
    <time>2026-10-04T17:34:02Z</time>
   </trkpt>
   <trkpt lat="41.3359660" lon="-106.3313830">
    <ele>3419.9</ele>
    <time>2026-10-04T17:34:03Z</time>
   </trkpt>
   <trkpt lat="41.3359610" lon="-106.3313610">
    <ele>3419.7</ele>
    <time>2026-10-04T17:34:04Z</time>
   </trkpt>
   <trkpt lat="41.3359620" lon="-106.3313390">
    <ele>3419.5</ele>
    <time>2026-10-04T17:34:05Z</time>
   </trkpt>
   <trkpt lat="41.3359530" lon="-106.3313240">
    <ele>3419.3</ele>
    <time>2026-10-04T17:34:06Z</time>
   </trkpt>
   <trkpt lat="41.3359550" lon="-106.3312950">
    <ele>3419.0</ele>
    <time>2026-10-04T17:34:07Z</time>
   </trkpt>
   <trkpt lat="41.3359630" lon="-106.3312660">
    <ele>3418.7</ele>
    <time>2026-10-04T17:34:08Z</time>
   </trkpt>
   <trkpt lat="41.3359600" lon="-106.3312440">
    <ele>3418.4</ele>
    <time>2026-10-04T17:34:09Z</time>
   </trkpt>
   <trkpt lat="41.3359450" lon="-106.3312260">
    <ele>3418.1</ele>
    <time>2026-10-04T17:34:10Z</time>
   </trkpt>
   <trkpt lat="41.3359490" lon="-106.3312020">
    <ele>3417.8</ele>
    <time>2026-10-04T17:34:11Z</time>
   </trkpt>
   <trkpt lat="41.3359540" lon="-106.3311760">
    <ele>3417.5</ele>
    <time>2026-10-04T17:34:12Z</time>
   </trkpt>
   <trkpt lat="41.3359580" lon="-106.3311520">
    <ele>3417.2</ele>
    <time>2026-10-04T17:34:13Z</time>
   </trkpt>
   <trkpt lat="41.3359520" lon="-106.3311290">
    <ele>3416.8</ele>
    <time>2026-10-04T17:34:14Z</time>
   </trkpt>
   <trkpt lat="41.3359430" lon="-106.3311070">
    <ele>3416.5</ele>
    <time>2026-10-04T17:34:15Z</time>
   </trkpt>
   <trkpt lat="41.3359300" lon="-106.3310850">
    <ele>3416.1</ele>
    <time>2026-10-04T17:34:16Z</time>
   </trkpt>
   <trkpt lat="41.3359290" lon="-106.3310530">
    <ele>3415.6</ele>
    <time>2026-10-04T17:34:17Z</time>
   </trkpt>
   <trkpt lat="41.3359280" lon="-106.3310300">
    <ele>3415.2</ele>
    <time>2026-10-04T17:34:18Z</time>
   </trkpt>
   <trkpt lat="41.3359260" lon="-106.3310050">
    <ele>3414.8</ele>
    <time>2026-10-04T17:34:19Z</time>
   </trkpt>
   <trkpt lat="41.3359180" lon="-106.3309910">
    <ele>3414.6</ele>
    <time>2026-10-04T17:34:20Z</time>
   </trkpt>
   <trkpt lat="41.3359150" lon="-106.3309680">
    <ele>3414.2</ele>
    <time>2026-10-04T17:34:21Z</time>
   </trkpt>
   <trkpt lat="41.3359060" lon="-106.3309530">
    <ele>3413.9</ele>
    <time>2026-10-04T17:34:22Z</time>
   </trkpt>
   <trkpt lat="41.3359120" lon="-106.3309330">
    <ele>3413.6</ele>
    <time>2026-10-04T17:34:23Z</time>
   </trkpt>
   <trkpt lat="41.3359100" lon="-106.3309160">
    <ele>3413.3</ele>
    <time>2026-10-04T17:34:24Z</time>
   </trkpt>
   <trkpt lat="41.3359030" lon="-106.3309010">
    <ele>3413.1</ele>
    <time>2026-10-04T17:34:25Z</time>
   </trkpt>
   <trkpt lat="41.3358740" lon="-106.3308910">
    <ele>3412.6</ele>
    <time>2026-10-04T17:34:26Z</time>
   </trkpt>
   <trkpt lat="41.3358740" lon="-106.3308910">
    <ele>3412.6</ele>
    <time>2026-10-04T17:34:27Z</time>
   </trkpt>
   <trkpt lat="41.3358590" lon="-106.3308980">
    <ele>3412.3</ele>
    <time>2026-10-04T17:34:28Z</time>
   </trkpt>
   <trkpt lat="41.3358590" lon="-106.3308980">
    <ele>3412.3</ele>
    <time>2026-10-04T17:34:29Z</time>
   </trkpt>
   <trkpt lat="41.3358450" lon="-106.3309050">
    <ele>3412.1</ele>
    <time>2026-10-04T17:34:30Z</time>
   </trkpt>
   <trkpt lat="41.3358450" lon="-106.3309050">
    <ele>3412.1</ele>
    <time>2026-10-04T17:34:31Z</time>
   </trkpt>
   <trkpt lat="41.3358010" lon="-106.3309260">
    <ele>3411.4</ele>
    <time>2026-10-04T17:36:02Z</time>
   </trkpt>
   <trkpt lat="41.3358010" lon="-106.3309270">
    <ele>3411.4</ele>
    <time>2026-10-04T17:36:03Z</time>
   </trkpt>
   <trkpt lat="41.3358000" lon="-106.3309270">
    <ele>3411.4</ele>
    <time>2026-10-04T17:36:04Z</time>
   </trkpt>
   <trkpt lat="41.3358000" lon="-106.3309270">
    <ele>3411.4</ele>
    <time>2026-10-04T17:36:05Z</time>
   </trkpt>
   <trkpt lat="41.3357990" lon="-106.3309270">
    <ele>3411.3</ele>
    <time>2026-10-04T17:36:06Z</time>
   </trkpt>
   <trkpt lat="41.3357990" lon="-106.3309280">
    <ele>3411.3</ele>
    <time>2026-10-04T17:36:07Z</time>
   </trkpt>
   <trkpt lat="41.3357980" lon="-106.3309280">
    <ele>3411.3</ele>
    <time>2026-10-04T17:36:08Z</time>
   </trkpt>
   <trkpt lat="41.3357980" lon="-106.3309280">
    <ele>3411.3</ele>
    <time>2026-10-04T17:36:09Z</time>
   </trkpt>
   <trkpt lat="41.3357980" lon="-106.3309550">
    <ele>3411.0</ele>
    <time>2026-10-04T17:36:10Z</time>
   </trkpt>
   <trkpt lat="41.3357950" lon="-106.3309840">
    <ele>3410.8</ele>
    <time>2026-10-04T17:36:11Z</time>
   </trkpt>
   <trkpt lat="41.3357870" lon="-106.3310060">
    <ele>3410.5</ele>
    <time>2026-10-04T17:36:12Z</time>
   </trkpt>
   <trkpt lat="41.3357810" lon="-106.3310180">
    <ele>3410.4</ele>
    <time>2026-10-04T17:36:13Z</time>
   </trkpt>
   <trkpt lat="41.3357740" lon="-106.3310280">
    <ele>3410.3</ele>
    <time>2026-10-04T17:36:14Z</time>
   </trkpt>
   <trkpt lat="41.3357710" lon="-106.3310400">
    <ele>3410.1</ele>
    <time>2026-10-04T17:36:15Z</time>
   </trkpt>
   <trkpt lat="41.3357660" lon="-106.3310530">
    <ele>3410.0</ele>
    <time>2026-10-04T17:36:16Z</time>
   </trkpt>
   <trkpt lat="41.3357630" lon="-106.3310670">
    <ele>3409.9</ele>
    <time>2026-10-04T17:36:17Z</time>
   </trkpt>
   <trkpt lat="41.3357560" lon="-106.3310820">
    <ele>3409.7</ele>
    <time>2026-10-04T17:36:18Z</time>
   </trkpt>
   <trkpt lat="41.3357450" lon="-106.3311080">
    <ele>3409.4</ele>
    <time>2026-10-04T17:36:19Z</time>
   </trkpt>
   <trkpt lat="41.3357360" lon="-106.3311270">
    <ele>3409.1</ele>
    <time>2026-10-04T17:36:20Z</time>
   </trkpt>
   <trkpt lat="41.3357270" lon="-106.3311400">
    <ele>3408.9</ele>
    <time>2026-10-04T17:36:21Z</time>
   </trkpt>
   <trkpt lat="41.3357190" lon="-106.3311500">
    <ele>3408.8</ele>
    <time>2026-10-04T17:36:22Z</time>
   </trkpt>
   <trkpt lat="41.3357150" lon="-106.3311580">
    <ele>3408.6</ele>
    <time>2026-10-04T17:36:23Z</time>
   </trkpt>
   <trkpt lat="41.3357080" lon="-106.3311710">
    <ele>3408.5</ele>
    <time>2026-10-04T17:36:24Z</time>
   </trkpt>
   <trkpt lat="41.3357020" lon="-106.3311840">
    <ele>3408.3</ele>
    <time>2026-10-04T17:36:25Z</time>
   </trkpt>
   <trkpt lat="41.3357030" lon="-106.3312100">
    <ele>3407.9</ele>
    <time>2026-10-04T17:36:26Z</time>
   </trkpt>
   <trkpt lat="41.3357070" lon="-106.3312170">
    <ele>3407.8</ele>
    <time>2026-10-04T17:36:27Z</time>
   </trkpt>
   <trkpt lat="41.3357010" lon="-106.3312360">
    <ele>3407.6</ele>
    <time>2026-10-04T17:36:28Z</time>
   </trkpt>
   <trkpt lat="41.3356900" lon="-106.3312480">
    <ele>3407.3</ele>
    <time>2026-10-04T17:36:29Z</time>
   </trkpt>
   <trkpt lat="41.3356890" lon="-106.3312630">
    <ele>3407.1</ele>
    <time>2026-10-04T17:36:30Z</time>
   </trkpt>
   <trkpt lat="41.3356860" lon="-106.3312910">
    <ele>3406.7</ele>
    <time>2026-10-04T17:36:31Z</time>
   </trkpt>
   <trkpt lat="41.3356940" lon="-106.3313040">
    <ele>3406.5</ele>
    <time>2026-10-04T17:36:32Z</time>
   </trkpt>
   <trkpt lat="41.3356920" lon="-106.3313110">
    <ele>3406.4</ele>
    <time>2026-10-04T17:36:33Z</time>
   </trkpt>
   <trkpt lat="41.3356950" lon="-106.3313220">
    <ele>3406.2</ele>
    <time>2026-10-04T17:36:34Z</time>
   </trkpt>
   <trkpt lat="41.3356910" lon="-106.3313380">
    <ele>3405.9</ele>
    <time>2026-10-04T17:36:35Z</time>
   </trkpt>
   <trkpt lat="41.3356870" lon="-106.3313650">
    <ele>3405.6</ele>
    <time>2026-10-04T17:36:36Z</time>
   </trkpt>
   <trkpt lat="41.3356730" lon="-106.3313790">
    <ele>3405.2</ele>
    <time>2026-10-04T17:36:37Z</time>
   </trkpt>
   <trkpt lat="41.3356630" lon="-106.3313880">
    <ele>3405.0</ele>
    <time>2026-10-04T17:36:38Z</time>
   </trkpt>
   <trkpt lat="41.3356610" lon="-106.3314050">
    <ele>3404.8</ele>
    <time>2026-10-04T17:36:39Z</time>
   </trkpt>
   <trkpt lat="41.3356450" lon="-106.3314200">
    <ele>3404.4</ele>
    <time>2026-10-04T17:36:40Z</time>
   </trkpt>
   <trkpt lat="41.3356480" lon="-106.3314570">
    <ele>3404.0</ele>
    <time>2026-10-04T17:36:41Z</time>
   </trkpt>
   <trkpt lat="41.3356500" lon="-106.3314750">
    <ele>3403.7</ele>
    <time>2026-10-04T17:36:42Z</time>
   </trkpt>
   <trkpt lat="41.3356480" lon="-106.3314980">
    <ele>3403.4</ele>
    <time>2026-10-04T17:36:43Z</time>
   </trkpt>
   <trkpt lat="41.3356510" lon="-106.3315150">
    <ele>3403.2</ele>
    <time>2026-10-04T17:36:44Z</time>
   </trkpt>
   <trkpt lat="41.3356360" lon="-106.3315380">
    <ele>3402.8</ele>
    <time>2026-10-04T17:36:45Z</time>
   </trkpt>
   <trkpt lat="41.3356290" lon="-106.3315510">
    <ele>3402.6</ele>
    <time>2026-10-04T17:36:46Z</time>
   </trkpt>
   <trkpt lat="41.3356240" lon="-106.3315710">
    <ele>3402.3</ele>
    <time>2026-10-04T17:36:47Z</time>
   </trkpt>
   <trkpt lat="41.3356180" lon="-106.3315890">
    <ele>3402.0</ele>
    <time>2026-10-04T17:36:48Z</time>
   </trkpt>
   <trkpt lat="41.3356110" lon="-106.3316020">
    <ele>3401.8</ele>
    <time>2026-10-04T17:36:49Z</time>
   </trkpt>
   <trkpt lat="41.3356030" lon="-106.3316170">
    <ele>3401.6</ele>
    <time>2026-10-04T17:36:50Z</time>
   </trkpt>
   <trkpt lat="41.3355920" lon="-106.3316240">
    <ele>3401.3</ele>
    <time>2026-10-04T17:36:51Z</time>
   </trkpt>
   <trkpt lat="41.3355850" lon="-106.3316250">
    <ele>3401.2</ele>
    <time>2026-10-04T17:36:52Z</time>
   </trkpt>
   <trkpt lat="41.3355830" lon="-106.3316400">
    <ele>3401.0</ele>
    <time>2026-10-04T17:36:53Z</time>
   </trkpt>
   <trkpt lat="41.3355820" lon="-106.3316580">
    <ele>3400.7</ele>
    <time>2026-10-04T17:36:54Z</time>
   </trkpt>
   <trkpt lat="41.3355740" lon="-106.3316770">
    <ele>3400.4</ele>
    <time>2026-10-04T17:36:55Z</time>
   </trkpt>
   <trkpt lat="41.3355770" lon="-106.3317030">
    <ele>3400.0</ele>
    <time>2026-10-04T17:36:56Z</time>
   </trkpt>
   <trkpt lat="41.3355670" lon="-106.3317220">
    <ele>3399.7</ele>
    <time>2026-10-04T17:36:57Z</time>
   </trkpt>
   <trkpt lat="41.3355530" lon="-106.3317350">
    <ele>3399.4</ele>
    <time>2026-10-04T17:36:58Z</time>
   </trkpt>
   <trkpt lat="41.3355460" lon="-106.3317630">
    <ele>3399.0</ele>
    <time>2026-10-04T17:36:59Z</time>
   </trkpt>
   <trkpt lat="41.3355400" lon="-106.3317940">
    <ele>3398.5</ele>
    <time>2026-10-04T17:37:00Z</time>
   </trkpt>
   <trkpt lat="41.3355430" lon="-106.3318200">
    <ele>3398.2</ele>
    <time>2026-10-04T17:37:01Z</time>
   </trkpt>
   <trkpt lat="41.3355460" lon="-106.3318350">
    <ele>3398.0</ele>
    <time>2026-10-04T17:37:02Z</time>
   </trkpt>
   <trkpt lat="41.3355420" lon="-106.3318480">
    <ele>3397.8</ele>
    <time>2026-10-04T17:37:03Z</time>
   </trkpt>
   <trkpt lat="41.3355310" lon="-106.3318480">
    <ele>3397.6</ele>
    <time>2026-10-04T17:37:04Z</time>
   </trkpt>
   <trkpt lat="41.3355050" lon="-106.3318440">
    <ele>3397.1</ele>
    <time>2026-10-04T17:37:05Z</time>
   </trkpt>
   <trkpt lat="41.3354800" lon="-106.3318420">
    <ele>3396.7</ele>
    <time>2026-10-04T17:37:06Z</time>
   </trkpt>
   <trkpt lat="41.3354640" lon="-106.3318330">
    <ele>3396.2</ele>
    <time>2026-10-04T17:37:07Z</time>
   </trkpt>
   <trkpt lat="41.3354570" lon="-106.3318180">
    <ele>3396.0</ele>
    <time>2026-10-04T17:37:08Z</time>
   </trkpt>
   <trkpt lat="41.3354590" lon="-106.3317900">
    <ele>3395.7</ele>
    <time>2026-10-04T17:37:09Z</time>
   </trkpt>
   <trkpt lat="41.3354510" lon="-106.3317770">
    <ele>3395.6</ele>
    <time>2026-10-04T17:37:10Z</time>
   </trkpt>
   <trkpt lat="41.3354500" lon="-106.3317580">
    <ele>3395.4</ele>
    <time>2026-10-04T17:37:11Z</time>
   </trkpt>
   <trkpt lat="41.3354540" lon="-106.3317370">
    <ele>3395.1</ele>
    <time>2026-10-04T17:37:12Z</time>
   </trkpt>
   <trkpt lat="41.3354480" lon="-106.3317160">
    <ele>3394.9</ele>
    <time>2026-10-04T17:37:13Z</time>
   </trkpt>
   <trkpt lat="41.3354390" lon="-106.3316840">
    <ele>3394.6</ele>
    <time>2026-10-04T17:37:14Z</time>
   </trkpt>
   <trkpt lat="41.3354250" lon="-106.3316620">
    <ele>3394.3</ele>
    <time>2026-10-04T17:37:15Z</time>
   </trkpt>
   <trkpt lat="41.3354240" lon="-106.3316480">
    <ele>3394.2</ele>
    <time>2026-10-04T17:37:16Z</time>
   </trkpt>
   <trkpt lat="41.3354100" lon="-106.3316430">
    <ele>3394.0</ele>
    <time>2026-10-04T17:37:17Z</time>
   </trkpt>
   <trkpt lat="41.3354100" lon="-106.3316200">
    <ele>3393.8</ele>
    <time>2026-10-04T17:37:18Z</time>
   </trkpt>
   <trkpt lat="41.3354090" lon="-106.3315890">
    <ele>3393.6</ele>
    <time>2026-10-04T17:37:19Z</time>
   </trkpt>
   <trkpt lat="41.3354010" lon="-106.3315690">
    <ele>3393.4</ele>
    <time>2026-10-04T17:37:20Z</time>
   </trkpt>
   <trkpt lat="41.3353980" lon="-106.3315510">
    <ele>3393.3</ele>
    <time>2026-10-04T17:37:21Z</time>
   </trkpt>
   <trkpt lat="41.3353920" lon="-106.3315230">
    <ele>3393.1</ele>
    <time>2026-10-04T17:37:22Z</time>
   </trkpt>
   <trkpt lat="41.3353890" lon="-106.3314970">
    <ele>3392.9</ele>
    <time>2026-10-04T17:37:23Z</time>
   </trkpt>
   <trkpt lat="41.3353770" lon="-106.3314740">
    <ele>3392.7</ele>
    <time>2026-10-04T17:37:24Z</time>
   </trkpt>
   <trkpt lat="41.3353670" lon="-106.3314510">
    <ele>3392.6</ele>
    <time>2026-10-04T17:37:25Z</time>
   </trkpt>
   <trkpt lat="41.3353680" lon="-106.3314230">
    <ele>3392.4</ele>
    <time>2026-10-04T17:37:26Z</time>
   </trkpt>
   <trkpt lat="41.3353700" lon="-106.3313980">
    <ele>3392.3</ele>
    <time>2026-10-04T17:37:27Z</time>
   </trkpt>
   <trkpt lat="41.3353660" lon="-106.3313670">
    <ele>3392.1</ele>
    <time>2026-10-04T17:37:28Z</time>
   </trkpt>
   <trkpt lat="41.3353570" lon="-106.3313460">
    <ele>3392.0</ele>
    <time>2026-10-04T17:37:29Z</time>
   </trkpt>
   <trkpt lat="41.3353550" lon="-106.3313200">
    <ele>3391.9</ele>
    <time>2026-10-04T17:37:30Z</time>
   </trkpt>
   <trkpt lat="41.3353560" lon="-106.3312900">
    <ele>3391.8</ele>
    <time>2026-10-04T17:37:31Z</time>
   </trkpt>
   <trkpt lat="41.3353550" lon="-106.3312700">
    <ele>3391.7</ele>
    <time>2026-10-04T17:37:32Z</time>
   </trkpt>
   <trkpt lat="41.3353520" lon="-106.3312440">
    <ele>3391.6</ele>
    <time>2026-10-04T17:37:33Z</time>
   </trkpt>
   <trkpt lat="41.3353470" lon="-106.3312290">
    <ele>3391.6</ele>
    <time>2026-10-04T17:37:34Z</time>
   </trkpt>
   <trkpt lat="41.3353480" lon="-106.3312100">
    <ele>3391.5</ele>
    <time>2026-10-04T17:37:35Z</time>
   </trkpt>
   <trkpt lat="41.3353500" lon="-106.3311920">
    <ele>3391.4</ele>
    <time>2026-10-04T17:37:36Z</time>
   </trkpt>
   <trkpt lat="41.3353390" lon="-106.3311850">
    <ele>3391.3</ele>
    <time>2026-10-04T17:37:37Z</time>
   </trkpt>
   <trkpt lat="41.3353380" lon="-106.3311820">
    <ele>3391.3</ele>
    <time>2026-10-04T17:37:38Z</time>
   </trkpt>
   <trkpt lat="41.3353330" lon="-106.3311650">
    <ele>3391.3</ele>
    <time>2026-10-04T17:37:39Z</time>
   </trkpt>
   <trkpt lat="41.3353260" lon="-106.3311530">
    <ele>3391.2</ele>
    <time>2026-10-04T17:37:40Z</time>
   </trkpt>
   <trkpt lat="41.3353210" lon="-106.3311350">
    <ele>3391.1</ele>
    <time>2026-10-04T17:37:41Z</time>
   </trkpt>
   <trkpt lat="41.3353180" lon="-106.3311130">
    <ele>3391.0</ele>
    <time>2026-10-04T17:37:42Z</time>
   </trkpt>
   <trkpt lat="41.3353220" lon="-106.3310900">
    <ele>3390.9</ele>
    <time>2026-10-04T17:37:43Z</time>
   </trkpt>
   <trkpt lat="41.3353190" lon="-106.3310700">
    <ele>3390.8</ele>
    <time>2026-10-04T17:37:44Z</time>
   </trkpt>
   <trkpt lat="41.3353210" lon="-106.3310510">
    <ele>3390.7</ele>
    <time>2026-10-04T17:37:45Z</time>
   </trkpt>
   <trkpt lat="41.3353160" lon="-106.3310340">
    <ele>3390.6</ele>
    <time>2026-10-04T17:37:46Z</time>
   </trkpt>
   <trkpt lat="41.3353120" lon="-106.3310210">
    <ele>3390.5</ele>
    <time>2026-10-04T17:37:47Z</time>
   </trkpt>
   <trkpt lat="41.3353030" lon="-106.3310140">
    <ele>3390.4</ele>
    <time>2026-10-04T17:37:48Z</time>
   </trkpt>
   <trkpt lat="41.3352990" lon="-106.3309990">
    <ele>3390.3</ele>
    <time>2026-10-04T17:37:49Z</time>
   </trkpt>
   <trkpt lat="41.3353070" lon="-106.3309760">
    <ele>3390.2</ele>
    <time>2026-10-04T17:37:50Z</time>
   </trkpt>
   <trkpt lat="41.3353160" lon="-106.3309570">
    <ele>3390.0</ele>
    <time>2026-10-04T17:37:51Z</time>
   </trkpt>
   <trkpt lat="41.3353120" lon="-106.3309360">
    <ele>3389.9</ele>
    <time>2026-10-04T17:37:52Z</time>
   </trkpt>
   <trkpt lat="41.3353080" lon="-106.3309190">
    <ele>3389.8</ele>
    <time>2026-10-04T17:37:53Z</time>
   </trkpt>
   <trkpt lat="41.3353040" lon="-106.3309000">
    <ele>3389.6</ele>
    <time>2026-10-04T17:37:54Z</time>
   </trkpt>
   <trkpt lat="41.3352980" lon="-106.3308830">
    <ele>3389.5</ele>
    <time>2026-10-04T17:37:55Z</time>
   </trkpt>
   <trkpt lat="41.3352930" lon="-106.3308650">
    <ele>3389.4</ele>
    <time>2026-10-04T17:37:56Z</time>
   </trkpt>
   <trkpt lat="41.3352940" lon="-106.3308460">
    <ele>3389.2</ele>
    <time>2026-10-04T17:37:57Z</time>
   </trkpt>
   <trkpt lat="41.3352880" lon="-106.3308340">
    <ele>3389.1</ele>
    <time>2026-10-04T17:37:58Z</time>
   </trkpt>
   <trkpt lat="41.3352810" lon="-106.3308270">
    <ele>3389.0</ele>
    <time>2026-10-04T17:37:59Z</time>
   </trkpt>
   <trkpt lat="41.3352640" lon="-106.3308330">
    <ele>3388.9</ele>
    <time>2026-10-04T17:38:01Z</time>
   </trkpt>
   <trkpt lat="41.3352550" lon="-106.3308310">
    <ele>3388.8</ele>
    <time>2026-10-04T17:38:02Z</time>
   </trkpt>
   <trkpt lat="41.3352480" lon="-106.3308290">
    <ele>3388.7</ele>
    <time>2026-10-04T17:38:03Z</time>
   </trkpt>
   <trkpt lat="41.3352290" lon="-106.3308380">
    <ele>3388.5</ele>
    <time>2026-10-04T17:38:04Z</time>
   </trkpt>
   <trkpt lat="41.3352140" lon="-106.3308600">
    <ele>3388.3</ele>
    <time>2026-10-04T17:38:05Z</time>
   </trkpt>
   <trkpt lat="41.3352060" lon="-106.3308770">
    <ele>3388.1</ele>
    <time>2026-10-04T17:38:06Z</time>
   </trkpt>
   <trkpt lat="41.3352010" lon="-106.3308900">
    <ele>3388.0</ele>
    <time>2026-10-04T17:38:07Z</time>
   </trkpt>
   <trkpt lat="41.3351890" lon="-106.3309050">
    <ele>3387.9</ele>
    <time>2026-10-04T17:38:08Z</time>
   </trkpt>
   <trkpt lat="41.3351760" lon="-106.3309100">
    <ele>3387.7</ele>
    <time>2026-10-04T17:38:09Z</time>
   </trkpt>
   <trkpt lat="41.3351590" lon="-106.3309170">
    <ele>3387.5</ele>
    <time>2026-10-04T17:38:10Z</time>
   </trkpt>
   <trkpt lat="41.3351510" lon="-106.3308980">
    <ele>3387.4</ele>
    <time>2026-10-04T17:38:11Z</time>
   </trkpt>
   <trkpt lat="41.3351440" lon="-106.3308880">
    <ele>3387.3</ele>
    <time>2026-10-04T17:38:12Z</time>
   </trkpt>
   <trkpt lat="41.3351370" lon="-106.3308730">
    <ele>3387.1</ele>
    <time>2026-10-04T17:38:13Z</time>
   </trkpt>
   <trkpt lat="41.3351360" lon="-106.3308620">
    <ele>3387.1</ele>
    <time>2026-10-04T17:38:14Z</time>
   </trkpt>
   <trkpt lat="41.3351170" lon="-106.3308660">
    <ele>3386.8</ele>
    <time>2026-10-04T17:38:15Z</time>
   </trkpt>
   <trkpt lat="41.3350970" lon="-106.3308700">
    <ele>3386.6</ele>
    <time>2026-10-04T17:38:16Z</time>
   </trkpt>
   <trkpt lat="41.3350710" lon="-106.3308790">
    <ele>3386.3</ele>
    <time>2026-10-04T17:38:17Z</time>
   </trkpt>
   <trkpt lat="41.3350590" lon="-106.3308770">
    <ele>3386.1</ele>
    <time>2026-10-04T17:38:18Z</time>
   </trkpt>
   <trkpt lat="41.3350470" lon="-106.3308650">
    <ele>3385.9</ele>
    <time>2026-10-04T17:38:19Z</time>
   </trkpt>
   <trkpt lat="41.3350380" lon="-106.3308370">
    <ele>3385.6</ele>
    <time>2026-10-04T17:38:20Z</time>
   </trkpt>
   <trkpt lat="41.3350360" lon="-106.3308130">
    <ele>3385.4</ele>
    <time>2026-10-04T17:38:21Z</time>
   </trkpt>
   <trkpt lat="41.3350400" lon="-106.3307860">
    <ele>3385.1</ele>
    <time>2026-10-04T17:38:22Z</time>
   </trkpt>
   <trkpt lat="41.3350480" lon="-106.3307640">
    <ele>3384.8</ele>
    <time>2026-10-04T17:38:23Z</time>
   </trkpt>
   <trkpt lat="41.3350550" lon="-106.3307440">
    <ele>3384.6</ele>
    <time>2026-10-04T17:38:24Z</time>
   </trkpt>
   <trkpt lat="41.3350590" lon="-106.3307200">
    <ele>3384.3</ele>
    <time>2026-10-04T17:38:25Z</time>
   </trkpt>
   <trkpt lat="41.3350560" lon="-106.3306960">
    <ele>3384.0</ele>
    <time>2026-10-04T17:38:26Z</time>
   </trkpt>
   <trkpt lat="41.3350650" lon="-106.3306720">
    <ele>3383.7</ele>
    <time>2026-10-04T17:38:27Z</time>
   </trkpt>
   <trkpt lat="41.3350710" lon="-106.3306500">
    <ele>3383.4</ele>
    <time>2026-10-04T17:38:28Z</time>
   </trkpt>
   <trkpt lat="41.3350660" lon="-106.3306270">
    <ele>3383.1</ele>
    <time>2026-10-04T17:38:29Z</time>
   </trkpt>
   <trkpt lat="41.3350570" lon="-106.3306040">
    <ele>3382.8</ele>
    <time>2026-10-04T17:38:30Z</time>
   </trkpt>
   <trkpt lat="41.3350620" lon="-106.3305850">
    <ele>3382.6</ele>
    <time>2026-10-04T17:38:31Z</time>
   </trkpt>
   <trkpt lat="41.3350770" lon="-106.3305700">
    <ele>3382.3</ele>
    <time>2026-10-04T17:38:32Z</time>
   </trkpt>
   <trkpt lat="41.3350800" lon="-106.3305500">
    <ele>3382.0</ele>
    <time>2026-10-04T17:38:34Z</time>
   </trkpt>
   <trkpt lat="41.3350780" lon="-106.3305360">
    <ele>3381.9</ele>
    <time>2026-10-04T17:38:35Z</time>
   </trkpt>
   <trkpt lat="41.3350690" lon="-106.3305260">
    <ele>3381.7</ele>
    <time>2026-10-04T17:38:36Z</time>
   </trkpt>
   <trkpt lat="41.3350670" lon="-106.3304910">
    <ele>3381.3</ele>
    <time>2026-10-04T17:38:37Z</time>
   </trkpt>
   <trkpt lat="41.3350770" lon="-106.3304600">
    <ele>3380.9</ele>
    <time>2026-10-04T17:38:38Z</time>
   </trkpt>
   <trkpt lat="41.3350810" lon="-106.3304340">
    <ele>3380.7</ele>
    <time>2026-10-04T17:38:39Z</time>
   </trkpt>
   <trkpt lat="41.3350920" lon="-106.3304040">
    <ele>3380.3</ele>
    <time>2026-10-04T17:38:40Z</time>
   </trkpt>
   <trkpt lat="41.3350950" lon="-106.3303710">
    <ele>3380.0</ele>
    <time>2026-10-04T17:38:41Z</time>
   </trkpt>
   <trkpt lat="41.3350950" lon="-106.3303410">
    <ele>3379.7</ele>
    <time>2026-10-04T17:38:42Z</time>
   </trkpt>
   <trkpt lat="41.3351030" lon="-106.3303060">
    <ele>3379.4</ele>
    <time>2026-10-04T17:38:43Z</time>
   </trkpt>
   <trkpt lat="41.3351120" lon="-106.3302750">
    <ele>3379.1</ele>
    <time>2026-10-04T17:38:44Z</time>
   </trkpt>
   <trkpt lat="41.3351100" lon="-106.3302370">
    <ele>3378.9</ele>
    <time>2026-10-04T17:38:45Z</time>
   </trkpt>
   <trkpt lat="41.3351100" lon="-106.3302010">
    <ele>3378.6</ele>
    <time>2026-10-04T17:38:46Z</time>
   </trkpt>
   <trkpt lat="41.3350960" lon="-106.3301720">
    <ele>3378.4</ele>
    <time>2026-10-04T17:38:47Z</time>
   </trkpt>
   <trkpt lat="41.3350830" lon="-106.3301440">
    <ele>3378.2</ele>
    <time>2026-10-04T17:38:48Z</time>
   </trkpt>
   <trkpt lat="41.3350690" lon="-106.3301270">
    <ele>3378.1</ele>
    <time>2026-10-04T17:38:49Z</time>
   </trkpt>
   <trkpt lat="41.3350760" lon="-106.3300950">
    <ele>3377.9</ele>
    <time>2026-10-04T17:38:50Z</time>
   </trkpt>
   <trkpt lat="41.3350810" lon="-106.3300690">
    <ele>3377.8</ele>
    <time>2026-10-04T17:38:51Z</time>
   </trkpt>
   <trkpt lat="41.3350730" lon="-106.3300580">
    <ele>3377.7</ele>
    <time>2026-10-04T17:38:52Z</time>
   </trkpt>
   <trkpt lat="41.3350540" lon="-106.3300500">
    <ele>3377.6</ele>
    <time>2026-10-04T17:38:53Z</time>
   </trkpt>
   <trkpt lat="41.3349940" lon="-106.3296710">
    <ele>3375.9</ele>
    <time>2026-10-04T17:41:54Z</time>
   </trkpt>
   <trkpt lat="41.3350130" lon="-106.3297100">
    <ele>3375.7</ele>
    <time>2026-10-04T17:41:57Z</time>
   </trkpt>
   <trkpt lat="41.3350110" lon="-106.3297250">
    <ele>3375.6</ele>
    <time>2026-10-04T17:41:58Z</time>
   </trkpt>
   <trkpt lat="41.3350090" lon="-106.3297390">
    <ele>3375.5</ele>
    <time>2026-10-04T17:41:59Z</time>
   </trkpt>
   <trkpt lat="41.3350090" lon="-106.3297510">
    <ele>3375.5</ele>
    <time>2026-10-04T17:42:00Z</time>
   </trkpt>
   <trkpt lat="41.3350100" lon="-106.3297630">
    <ele>3375.4</ele>
    <time>2026-10-04T17:42:01Z</time>
   </trkpt>
   <trkpt lat="41.3350100" lon="-106.3297730">
    <ele>3375.4</ele>
    <time>2026-10-04T17:42:02Z</time>
   </trkpt>
   <trkpt lat="41.3350120" lon="-106.3297840">
    <ele>3375.3</ele>
    <time>2026-10-04T17:42:03Z</time>
   </trkpt>
   <trkpt lat="41.3350090" lon="-106.3297900">
    <ele>3375.3</ele>
    <time>2026-10-04T17:42:04Z</time>
   </trkpt>
   <trkpt lat="41.3350080" lon="-106.3297970">
    <ele>3375.2</ele>
    <time>2026-10-04T17:42:05Z</time>
   </trkpt>
   <trkpt lat="41.3350100" lon="-106.3298010">
    <ele>3375.2</ele>
    <time>2026-10-04T17:42:06Z</time>
   </trkpt>
   <trkpt lat="41.3350100" lon="-106.3298070">
    <ele>3375.2</ele>
    <time>2026-10-04T17:42:07Z</time>
   </trkpt>
   <trkpt lat="41.3350040" lon="-106.3298150">
    <ele>3375.1</ele>
    <time>2026-10-04T17:42:08Z</time>
   </trkpt>
   <trkpt lat="41.3349970" lon="-106.3298240">
    <ele>3375.1</ele>
    <time>2026-10-04T17:42:09Z</time>
   </trkpt>
   <trkpt lat="41.3349910" lon="-106.3298360">
    <ele>3375.0</ele>
    <time>2026-10-04T17:42:10Z</time>
   </trkpt>
   <trkpt lat="41.3349870" lon="-106.3298520">
    <ele>3374.9</ele>
    <time>2026-10-04T17:42:11Z</time>
   </trkpt>
   <trkpt lat="41.3349860" lon="-106.3298600">
    <ele>3374.8</ele>
    <time>2026-10-04T17:42:12Z</time>
   </trkpt>
   <trkpt lat="41.3349790" lon="-106.3298760">
    <ele>3374.7</ele>
    <time>2026-10-04T17:42:13Z</time>
   </trkpt>
   <trkpt lat="41.3349750" lon="-106.3298900">
    <ele>3374.6</ele>
    <time>2026-10-04T17:42:14Z</time>
   </trkpt>
   <trkpt lat="41.3349710" lon="-106.3299070">
    <ele>3374.5</ele>
    <time>2026-10-04T17:42:15Z</time>
   </trkpt>
   <trkpt lat="41.3349740" lon="-106.3299290">
    <ele>3374.4</ele>
    <time>2026-10-04T17:42:16Z</time>
   </trkpt>
   <trkpt lat="41.3349810" lon="-106.3299490">
    <ele>3374.3</ele>
    <time>2026-10-04T17:42:17Z</time>
   </trkpt>
   <trkpt lat="41.3349850" lon="-106.3299660">
    <ele>3374.1</ele>
    <time>2026-10-04T17:42:18Z</time>
   </trkpt>
   <trkpt lat="41.3349810" lon="-106.3299830">
    <ele>3374.0</ele>
    <time>2026-10-04T17:42:19Z</time>
   </trkpt>
   <trkpt lat="41.3349730" lon="-106.3300050">
    <ele>3373.9</ele>
    <time>2026-10-04T17:42:20Z</time>
   </trkpt>
   <trkpt lat="41.3349660" lon="-106.3300270">
    <ele>3373.7</ele>
    <time>2026-10-04T17:42:21Z</time>
   </trkpt>
   <trkpt lat="41.3349620" lon="-106.3300490">
    <ele>3373.6</ele>
    <time>2026-10-04T17:42:22Z</time>
   </trkpt>
   <trkpt lat="41.3349550" lon="-106.3300780">
    <ele>3373.4</ele>
    <time>2026-10-04T17:42:23Z</time>
   </trkpt>
   <trkpt lat="41.3349670" lon="-106.3301010">
    <ele>3373.2</ele>
    <time>2026-10-04T17:42:24Z</time>
   </trkpt>
   <trkpt lat="41.3349650" lon="-106.3301120">
    <ele>3373.1</ele>
    <time>2026-10-04T17:42:25Z</time>
   </trkpt>
   <trkpt lat="41.3349460" lon="-106.3301320">
    <ele>3372.9</ele>
    <time>2026-10-04T17:42:26Z</time>
   </trkpt>
   <trkpt lat="41.3349270" lon="-106.3301460">
    <ele>3372.7</ele>
    <time>2026-10-04T17:42:27Z</time>
   </trkpt>
   <trkpt lat="41.3349040" lon="-106.3301210">
    <ele>3372.4</ele>
    <time>2026-10-04T17:42:28Z</time>
   </trkpt>
   <trkpt lat="41.3349000" lon="-106.3301030">
    <ele>3372.3</ele>
    <time>2026-10-04T17:42:29Z</time>
   </trkpt>
   <trkpt lat="41.3348810" lon="-106.3300720">
    <ele>3372.0</ele>
    <time>2026-10-04T17:42:30Z</time>
   </trkpt>
   <trkpt lat="41.3348640" lon="-106.3300680">
    <ele>3371.9</ele>
    <time>2026-10-04T17:42:31Z</time>
   </trkpt>
   <trkpt lat="41.3348590" lon="-106.3300220">
    <ele>3371.6</ele>
    <time>2026-10-04T17:42:32Z</time>
   </trkpt>
   <trkpt lat="41.3348410" lon="-106.3300200">
    <ele>3371.5</ele>
    <time>2026-10-04T17:42:33Z</time>
   </trkpt>
   <trkpt lat="41.3348140" lon="-106.3300010">
    <ele>3371.2</ele>
    <time>2026-10-04T17:42:34Z</time>
   </trkpt>
   <trkpt lat="41.3347970" lon="-106.3299860">
    <ele>3371.1</ele>
    <time>2026-10-04T17:42:35Z</time>
   </trkpt>
   <trkpt lat="41.3347630" lon="-106.3299930">
    <ele>3370.8</ele>
    <time>2026-10-04T17:42:36Z</time>
   </trkpt>
   <trkpt lat="41.3347380" lon="-106.3299780">
    <ele>3370.6</ele>
    <time>2026-10-04T17:42:37Z</time>
   </trkpt>
   <trkpt lat="41.3347230" lon="-106.3299410">
    <ele>3370.4</ele>
    <time>2026-10-04T17:42:39Z</time>
   </trkpt>
   <trkpt lat="41.3346980" lon="-106.3299150">
    <ele>3370.1</ele>
    <time>2026-10-04T17:42:40Z</time>
   </trkpt>
   <trkpt lat="41.3346690" lon="-106.3299170">
    <ele>3369.9</ele>
    <time>2026-10-04T17:42:41Z</time>
   </trkpt>
   <trkpt lat="41.3346550" lon="-106.3299050">
    <ele>3369.8</ele>
    <time>2026-10-04T17:42:42Z</time>
   </trkpt>
   <trkpt lat="41.3346270" lon="-106.3299110">
    <ele>3369.6</ele>
    <time>2026-10-04T17:42:43Z</time>
   </trkpt>
   <trkpt lat="41.3345990" lon="-106.3299350">
    <ele>3369.4</ele>
    <time>2026-10-04T17:42:44Z</time>
   </trkpt>
   <trkpt lat="41.3345720" lon="-106.3299280">
    <ele>3369.2</ele>
    <time>2026-10-04T17:42:45Z</time>
   </trkpt>
   <trkpt lat="41.3345520" lon="-106.3299200">
    <ele>3369.1</ele>
    <time>2026-10-04T17:42:46Z</time>
   </trkpt>
   <trkpt lat="41.3345280" lon="-106.3299150">
    <ele>3368.9</ele>
    <time>2026-10-04T17:42:47Z</time>
   </trkpt>
   <trkpt lat="41.3345000" lon="-106.3299060">
    <ele>3368.7</ele>
    <time>2026-10-04T17:42:48Z</time>
   </trkpt>
   <trkpt lat="41.3344780" lon="-106.3298960">
    <ele>3368.5</ele>
    <time>2026-10-04T17:42:49Z</time>
   </trkpt>
   <trkpt lat="41.3344640" lon="-106.3298800">
    <ele>3368.4</ele>
    <time>2026-10-04T17:42:50Z</time>
   </trkpt>
   <trkpt lat="41.3344510" lon="-106.3298600">
    <ele>3368.3</ele>
    <time>2026-10-04T17:42:51Z</time>
   </trkpt>
   <trkpt lat="41.3344440" lon="-106.3298290">
    <ele>3368.1</ele>
    <time>2026-10-04T17:42:52Z</time>
   </trkpt>
   <trkpt lat="41.3344250" lon="-106.3298140">
    <ele>3368.0</ele>
    <time>2026-10-04T17:42:53Z</time>
   </trkpt>
   <trkpt lat="41.3344170" lon="-106.3298000">
    <ele>3367.9</ele>
    <time>2026-10-04T17:42:54Z</time>
   </trkpt>
   <trkpt lat="41.3343990" lon="-106.3297820">
    <ele>3367.7</ele>
    <time>2026-10-04T17:42:55Z</time>
   </trkpt>
   <trkpt lat="41.3343760" lon="-106.3297710">
    <ele>3367.5</ele>
    <time>2026-10-04T17:42:56Z</time>
   </trkpt>
   <trkpt lat="41.3343610" lon="-106.3297550">
    <ele>3367.4</ele>
    <time>2026-10-04T17:42:57Z</time>
   </trkpt>
   <trkpt lat="41.3343370" lon="-106.3297310">
    <ele>3367.2</ele>
    <time>2026-10-04T17:42:58Z</time>
   </trkpt>
   <trkpt lat="41.3343200" lon="-106.3297200">
    <ele>3367.0</ele>
    <time>2026-10-04T17:42:59Z</time>
   </trkpt>
   <trkpt lat="41.3343020" lon="-106.3297020">
    <ele>3366.9</ele>
    <time>2026-10-04T17:43:00Z</time>
   </trkpt>
   <trkpt lat="41.3342950" lon="-106.3296780">
    <ele>3366.7</ele>
    <time>2026-10-04T17:43:01Z</time>
   </trkpt>
   <trkpt lat="41.3342830" lon="-106.3296600">
    <ele>3366.6</ele>
    <time>2026-10-04T17:43:02Z</time>
   </trkpt>
   <trkpt lat="41.3342750" lon="-106.3296240">
    <ele>3366.4</ele>
    <time>2026-10-04T17:43:03Z</time>
   </trkpt>
   <trkpt lat="41.3342660" lon="-106.3295950">
    <ele>3366.2</ele>
    <time>2026-10-04T17:43:04Z</time>
   </trkpt>
   <trkpt lat="41.3342470" lon="-106.3295790">
    <ele>3366.1</ele>
    <time>2026-10-04T17:43:05Z</time>
   </trkpt>
   <trkpt lat="41.3342360" lon="-106.3295570">
    <ele>3365.9</ele>
    <time>2026-10-04T17:43:06Z</time>
   </trkpt>
   <trkpt lat="41.3342410" lon="-106.3295310">
    <ele>3365.8</ele>
    <time>2026-10-04T17:43:07Z</time>
   </trkpt>
   <trkpt lat="41.3342490" lon="-106.3295050">
    <ele>3365.7</ele>
    <time>2026-10-04T17:43:08Z</time>
   </trkpt>
   <trkpt lat="41.3342540" lon="-106.3294770">
    <ele>3365.5</ele>
    <time>2026-10-04T17:43:09Z</time>
   </trkpt>
   <trkpt lat="41.3342410" lon="-106.3294460">
    <ele>3365.3</ele>
    <time>2026-10-04T17:43:10Z</time>
   </trkpt>
   <trkpt lat="41.3341920" lon="-106.3295230">
    <ele>3364.7</ele>
    <time>2026-10-04T17:44:28Z</time>
   </trkpt>
   <trkpt lat="41.3341910" lon="-106.3295250">
    <ele>3364.7</ele>
    <time>2026-10-04T17:44:30Z</time>
   </trkpt>
   <trkpt lat="41.3341900" lon="-106.3295260">
    <ele>3364.7</ele>
    <time>2026-10-04T17:44:31Z</time>
   </trkpt>
   <trkpt lat="41.3341900" lon="-106.3295270">
    <ele>3364.7</ele>
    <time>2026-10-04T17:44:32Z</time>
   </trkpt>
   <trkpt lat="41.3341890" lon="-106.3295280">
    <ele>3364.6</ele>
    <time>2026-10-04T17:44:33Z</time>
   </trkpt>
   <trkpt lat="41.3341890" lon="-106.3295290">
    <ele>3364.6</ele>
    <time>2026-10-04T17:44:34Z</time>
   </trkpt>
   <trkpt lat="41.3341880" lon="-106.3295300">
    <ele>3364.6</ele>
    <time>2026-10-04T17:44:35Z</time>
   </trkpt>
   <trkpt lat="41.3341760" lon="-106.3295430">
    <ele>3364.5</ele>
    <time>2026-10-04T17:44:36Z</time>
   </trkpt>
   <trkpt lat="41.3341670" lon="-106.3295470">
    <ele>3364.4</ele>
    <time>2026-10-04T17:44:37Z</time>
   </trkpt>
   <trkpt lat="41.3341770" lon="-106.3295730">
    <ele>3364.1</ele>
    <time>2026-10-04T17:44:38Z</time>
   </trkpt>
   <trkpt lat="41.3341750" lon="-106.3296070">
    <ele>3363.8</ele>
    <time>2026-10-04T17:44:39Z</time>
   </trkpt>
   <trkpt lat="41.3341750" lon="-106.3296250">
    <ele>3363.6</ele>
    <time>2026-10-04T17:44:40Z</time>
   </trkpt>
   <trkpt lat="41.3341750" lon="-106.3296410">
    <ele>3363.5</ele>
    <time>2026-10-04T17:44:41Z</time>
   </trkpt>
   <trkpt lat="41.3341610" lon="-106.3296550">
    <ele>3363.2</ele>
    <time>2026-10-04T17:44:42Z</time>
   </trkpt>
   <trkpt lat="41.3341310" lon="-106.3296600">
    <ele>3362.7</ele>
    <time>2026-10-04T17:44:43Z</time>
   </trkpt>
   <trkpt lat="41.3341110" lon="-106.3296530">
    <ele>3362.4</ele>
    <time>2026-10-04T17:44:44Z</time>
   </trkpt>
   <trkpt lat="41.3341050" lon="-106.3296400">
    <ele>3362.2</ele>
    <time>2026-10-04T17:44:45Z</time>
   </trkpt>
   <trkpt lat="41.3340890" lon="-106.3296330">
    <ele>3361.8</ele>
    <time>2026-10-04T17:44:46Z</time>
   </trkpt>
   <trkpt lat="41.3337670" lon="-106.3296300">
    <ele>3355.2</ele>
    <time>2026-10-04T17:46:04Z</time>
   </trkpt>
   <trkpt lat="41.3337270" lon="-106.3296850">
    <ele>3353.7</ele>
    <time>2026-10-04T17:46:10Z</time>
   </trkpt>
   <trkpt lat="41.3337240" lon="-106.3296980">
    <ele>3353.5</ele>
    <time>2026-10-04T17:46:11Z</time>
   </trkpt>
   <trkpt lat="41.3337190" lon="-106.3297080">
    <ele>3353.3</ele>
    <time>2026-10-04T17:46:12Z</time>
   </trkpt>
   <trkpt lat="41.3333710" lon="-106.3303680">
    <ele>3340.7</ele>
    <time>2026-10-04T17:47:38Z</time>
   </trkpt>
   <trkpt lat="41.3333460" lon="-106.3303760">
    <ele>3340.3</ele>
    <time>2026-10-04T17:47:39Z</time>
   </trkpt>
   <trkpt lat="41.3333560" lon="-106.3304080">
    <ele>3339.9</ele>
    <time>2026-10-04T17:47:40Z</time>
   </trkpt>
   <trkpt lat="41.3333300" lon="-106.3304230">
    <ele>3339.4</ele>
    <time>2026-10-04T17:47:41Z</time>
   </trkpt>
   <trkpt lat="41.3333090" lon="-106.3304370">
    <ele>3339.0</ele>
    <time>2026-10-04T17:47:42Z</time>
   </trkpt>
   <trkpt lat="41.3332930" lon="-106.3304410">
    <ele>3338.7</ele>
    <time>2026-10-04T17:47:43Z</time>
   </trkpt>
   <trkpt lat="41.3332780" lon="-106.3304360">
    <ele>3338.4</ele>
    <time>2026-10-04T17:47:44Z</time>
   </trkpt>
   <trkpt lat="41.3332570" lon="-106.3304230">
    <ele>3338.1</ele>
    <time>2026-10-04T17:47:45Z</time>
   </trkpt>
   <trkpt lat="41.3332420" lon="-106.3304270">
    <ele>3337.8</ele>
    <time>2026-10-04T17:47:46Z</time>
   </trkpt>
   <trkpt lat="41.3332220" lon="-106.3304210">
    <ele>3337.5</ele>
    <time>2026-10-04T17:47:47Z</time>
   </trkpt>
   <trkpt lat="41.3332030" lon="-106.3304250">
    <ele>3337.2</ele>
    <time>2026-10-04T17:47:48Z</time>
   </trkpt>
   <trkpt lat="41.3331740" lon="-106.3304300">
    <ele>3336.8</ele>
    <time>2026-10-04T17:47:49Z</time>
   </trkpt>
   <trkpt lat="41.3331550" lon="-106.3304270">
    <ele>3336.6</ele>
    <time>2026-10-04T17:47:50Z</time>
   </trkpt>
   <trkpt lat="41.3331400" lon="-106.3304290">
    <ele>3336.5</ele>
    <time>2026-10-04T17:47:51Z</time>
   </trkpt>
   <trkpt lat="41.3331130" lon="-106.3304670">
    <ele>3336.1</ele>
    <time>2026-10-04T17:47:52Z</time>
   </trkpt>
   <trkpt lat="41.3330920" lon="-106.3304810">
    <ele>3335.9</ele>
    <time>2026-10-04T17:47:53Z</time>
   </trkpt>
   <trkpt lat="41.3330800" lon="-106.3305000">
    <ele>3335.7</ele>
    <time>2026-10-04T17:47:54Z</time>
   </trkpt>
   <trkpt lat="41.3330680" lon="-106.3305230">
    <ele>3335.6</ele>
    <time>2026-10-04T17:47:55Z</time>
   </trkpt>
   <trkpt lat="41.3330600" lon="-106.3305480">
    <ele>3335.4</ele>
    <time>2026-10-04T17:47:56Z</time>
   </trkpt>
   <trkpt lat="41.3330260" lon="-106.3305410">
    <ele>3335.1</ele>
    <time>2026-10-04T17:47:57Z</time>
   </trkpt>
   <trkpt lat="41.3330100" lon="-106.3305490">
    <ele>3335.0</ele>
    <time>2026-10-04T17:47:58Z</time>
   </trkpt>
   <trkpt lat="41.3329860" lon="-106.3305430">
    <ele>3334.8</ele>
    <time>2026-10-04T17:47:59Z</time>
   </trkpt>
   <trkpt lat="41.3329670" lon="-106.3305600">
    <ele>3334.6</ele>
    <time>2026-10-04T17:48:00Z</time>
   </trkpt>
   <trkpt lat="41.3329480" lon="-106.3305790">
    <ele>3334.3</ele>
    <time>2026-10-04T17:48:01Z</time>
   </trkpt>
   <trkpt lat="41.3329260" lon="-106.3305870">
    <ele>3334.1</ele>
    <time>2026-10-04T17:48:02Z</time>
   </trkpt>
   <trkpt lat="41.3329000" lon="-106.3305700">
    <ele>3333.8</ele>
    <time>2026-10-04T17:48:03Z</time>
   </trkpt>
   <trkpt lat="41.3328860" lon="-106.3305770">
    <ele>3333.7</ele>
    <time>2026-10-04T17:48:04Z</time>
   </trkpt>
   <trkpt lat="41.3328620" lon="-106.3305810">
    <ele>3333.4</ele>
    <time>2026-10-04T17:48:05Z</time>
   </trkpt>
   <trkpt lat="41.3328450" lon="-106.3306080">
    <ele>3333.2</ele>
    <time>2026-10-04T17:48:06Z</time>
   </trkpt>
   <trkpt lat="41.3328240" lon="-106.3306300">
    <ele>3332.9</ele>
    <time>2026-10-04T17:48:07Z</time>
   </trkpt>
   <trkpt lat="41.3328030" lon="-106.3306510">
    <ele>3332.6</ele>
    <time>2026-10-04T17:48:08Z</time>
   </trkpt>
   <trkpt lat="41.3327780" lon="-106.3306610">
    <ele>3332.3</ele>
    <time>2026-10-04T17:48:09Z</time>
   </trkpt>
   <trkpt lat="41.3327630" lon="-106.3306950">
    <ele>3332.0</ele>
    <time>2026-10-04T17:48:10Z</time>
   </trkpt>
   <trkpt lat="41.3327430" lon="-106.3307150">
    <ele>3331.7</ele>
    <time>2026-10-04T17:48:11Z</time>
   </trkpt>
   <trkpt lat="41.3327190" lon="-106.3307260">
    <ele>3331.4</ele>
    <time>2026-10-04T17:48:12Z</time>
   </trkpt>
   <trkpt lat="41.3326980" lon="-106.3307390">
    <ele>3331.1</ele>
    <time>2026-10-04T17:48:13Z</time>
   </trkpt>
   <trkpt lat="41.3326700" lon="-106.3307420">
    <ele>3330.7</ele>
    <time>2026-10-04T17:48:14Z</time>
   </trkpt>
   <trkpt lat="41.3326550" lon="-106.3307650">
    <ele>3330.4</ele>
    <time>2026-10-04T17:48:15Z</time>
   </trkpt>
   <trkpt lat="41.3326350" lon="-106.3307650">
    <ele>3330.1</ele>
    <time>2026-10-04T17:48:16Z</time>
   </trkpt>
   <trkpt lat="41.3326190" lon="-106.3307870">
    <ele>3329.8</ele>
    <time>2026-10-04T17:48:17Z</time>
   </trkpt>
   <trkpt lat="41.3325870" lon="-106.3307760">
    <ele>3329.4</ele>
    <time>2026-10-04T17:48:18Z</time>
   </trkpt>
   <trkpt lat="41.3325710" lon="-106.3307820">
    <ele>3329.2</ele>
    <time>2026-10-04T17:48:19Z</time>
   </trkpt>
   <trkpt lat="41.3325460" lon="-106.3307870">
    <ele>3328.9</ele>
    <time>2026-10-04T17:48:20Z</time>
   </trkpt>
   <trkpt lat="41.3325250" lon="-106.3307930">
    <ele>3328.6</ele>
    <time>2026-10-04T17:48:21Z</time>
   </trkpt>
   <trkpt lat="41.3325070" lon="-106.3308060">
    <ele>3328.3</ele>
    <time>2026-10-04T17:48:22Z</time>
   </trkpt>
   <trkpt lat="41.3324860" lon="-106.3308180">
    <ele>3328.1</ele>
    <time>2026-10-04T17:48:23Z</time>
   </trkpt>
   <trkpt lat="41.3324620" lon="-106.3308250">
    <ele>3327.8</ele>
    <time>2026-10-04T17:48:24Z</time>
   </trkpt>
   <trkpt lat="41.3324360" lon="-106.3308320">
    <ele>3327.6</ele>
    <time>2026-10-04T17:48:25Z</time>
   </trkpt>
   <trkpt lat="41.3324070" lon="-106.3308230">
    <ele>3327.3</ele>
    <time>2026-10-04T17:48:26Z</time>
   </trkpt>
   <trkpt lat="41.3323900" lon="-106.3308320">
    <ele>3327.1</ele>
    <time>2026-10-04T17:48:27Z</time>
   </trkpt>
   <trkpt lat="41.3323630" lon="-106.3308340">
    <ele>3326.8</ele>
    <time>2026-10-04T17:48:28Z</time>
   </trkpt>
   <trkpt lat="41.3323400" lon="-106.3308290">
    <ele>3326.6</ele>
    <time>2026-10-04T17:48:29Z</time>
   </trkpt>
   <trkpt lat="41.3323130" lon="-106.3308170">
    <ele>3326.3</ele>
    <time>2026-10-04T17:48:30Z</time>
   </trkpt>
   <trkpt lat="41.3322890" lon="-106.3308110">
    <ele>3326.1</ele>
    <time>2026-10-04T17:48:31Z</time>
   </trkpt>
   <trkpt lat="41.3322660" lon="-106.3308000">
    <ele>3325.9</ele>
    <time>2026-10-04T17:48:32Z</time>
   </trkpt>
   <trkpt lat="41.3322420" lon="-106.3307930">
    <ele>3325.6</ele>
    <time>2026-10-04T17:48:33Z</time>
   </trkpt>
   <trkpt lat="41.3322190" lon="-106.3307970">
    <ele>3325.4</ele>
    <time>2026-10-04T17:48:34Z</time>
   </trkpt>
   <trkpt lat="41.3321880" lon="-106.3307850">
    <ele>3325.0</ele>
    <time>2026-10-04T17:48:35Z</time>
   </trkpt>
   <trkpt lat="41.3321640" lon="-106.3307790">
    <ele>3324.7</ele>
    <time>2026-10-04T17:48:36Z</time>
   </trkpt>
   <trkpt lat="41.3321410" lon="-106.3307740">
    <ele>3324.4</ele>
    <time>2026-10-04T17:48:37Z</time>
   </trkpt>
   <trkpt lat="41.3321150" lon="-106.3307750">
    <ele>3324.0</ele>
    <time>2026-10-04T17:48:38Z</time>
   </trkpt>
   <trkpt lat="41.3320960" lon="-106.3307870">
    <ele>3323.7</ele>
    <time>2026-10-04T17:48:39Z</time>
   </trkpt>
   <trkpt lat="41.3320740" lon="-106.3307780">
    <ele>3323.4</ele>
    <time>2026-10-04T17:48:40Z</time>
   </trkpt>
   <trkpt lat="41.3320520" lon="-106.3307810">
    <ele>3323.1</ele>
    <time>2026-10-04T17:48:41Z</time>
   </trkpt>
   <trkpt lat="41.3320330" lon="-106.3307800">
    <ele>3322.8</ele>
    <time>2026-10-04T17:48:42Z</time>
   </trkpt>
   <trkpt lat="41.3320040" lon="-106.3307830">
    <ele>3322.4</ele>
    <time>2026-10-04T17:48:43Z</time>
   </trkpt>
   <trkpt lat="41.3319720" lon="-106.3307750">
    <ele>3322.0</ele>
    <time>2026-10-04T17:48:44Z</time>
   </trkpt>
   <trkpt lat="41.3319430" lon="-106.3307730">
    <ele>3321.6</ele>
    <time>2026-10-04T17:48:45Z</time>
   </trkpt>
   <trkpt lat="41.3319230" lon="-106.3307750">
    <ele>3321.3</ele>
    <time>2026-10-04T17:48:46Z</time>
   </trkpt>
   <trkpt lat="41.3318990" lon="-106.3307790">
    <ele>3321.0</ele>
    <time>2026-10-04T17:48:47Z</time>
   </trkpt>
   <trkpt lat="41.3318670" lon="-106.3307940">
    <ele>3320.5</ele>
    <time>2026-10-04T17:48:48Z</time>
   </trkpt>
   <trkpt lat="41.3318360" lon="-106.3308040">
    <ele>3320.1</ele>
    <time>2026-10-04T17:48:49Z</time>
   </trkpt>
   <trkpt lat="41.3318080" lon="-106.3308070">
    <ele>3319.7</ele>
    <time>2026-10-04T17:48:50Z</time>
   </trkpt>
   <trkpt lat="41.3317770" lon="-106.3308050">
    <ele>3319.3</ele>
    <time>2026-10-04T17:48:51Z</time>
   </trkpt>
   <trkpt lat="41.3317480" lon="-106.3307880">
    <ele>3318.9</ele>
    <time>2026-10-04T17:48:52Z</time>
   </trkpt>
   <trkpt lat="41.3317240" lon="-106.3307780">
    <ele>3318.6</ele>
    <time>2026-10-04T17:48:53Z</time>
   </trkpt>
   <trkpt lat="41.3317000" lon="-106.3307720">
    <ele>3318.3</ele>
    <time>2026-10-04T17:48:54Z</time>
   </trkpt>
   <trkpt lat="41.3316770" lon="-106.3307630">
    <ele>3318.0</ele>
    <time>2026-10-04T17:48:55Z</time>
   </trkpt>
   <trkpt lat="41.3316540" lon="-106.3307540">
    <ele>3317.6</ele>
    <time>2026-10-04T17:48:56Z</time>
   </trkpt>
   <trkpt lat="41.3316460" lon="-106.3307240">
    <ele>3317.3</ele>
    <time>2026-10-04T17:48:57Z</time>
   </trkpt>
   <trkpt lat="41.3316300" lon="-106.3307160">
    <ele>3317.0</ele>
    <time>2026-10-04T17:48:58Z</time>
   </trkpt>
   <trkpt lat="41.3316040" lon="-106.3307040">
    <ele>3316.6</ele>
    <time>2026-10-04T17:48:59Z</time>
   </trkpt>
   <trkpt lat="41.3315800" lon="-106.3306990">
    <ele>3316.2</ele>
    <time>2026-10-04T17:49:00Z</time>
   </trkpt>
   <trkpt lat="41.3315520" lon="-106.3306880">
    <ele>3315.7</ele>
    <time>2026-10-04T17:49:01Z</time>
   </trkpt>
   <trkpt lat="41.3315250" lon="-106.3306880">
    <ele>3315.3</ele>
    <time>2026-10-04T17:49:02Z</time>
   </trkpt>
   <trkpt lat="41.3315100" lon="-106.3306580">
    <ele>3314.8</ele>
    <time>2026-10-04T17:49:03Z</time>
   </trkpt>
   <trkpt lat="41.3315080" lon="-106.3306190">
    <ele>3314.3</ele>
    <time>2026-10-04T17:49:04Z</time>
   </trkpt>
   <trkpt lat="41.3315190" lon="-106.3305720">
    <ele>3313.7</ele>
    <time>2026-10-04T17:49:05Z</time>
   </trkpt>
   <trkpt lat="41.3315470" lon="-106.3305470">
    <ele>3313.1</ele>
    <time>2026-10-04T17:49:06Z</time>
   </trkpt>
   <trkpt lat="41.3315720" lon="-106.3305260">
    <ele>3312.5</ele>
    <time>2026-10-04T17:49:07Z</time>
   </trkpt>
   <trkpt lat="41.3315770" lon="-106.3304990">
    <ele>3312.1</ele>
    <time>2026-10-04T17:49:08Z</time>
   </trkpt>
   <trkpt lat="41.3315840" lon="-106.3304790">
    <ele>3311.8</ele>
    <time>2026-10-04T17:49:09Z</time>
   </trkpt>
   <trkpt lat="41.3315640" lon="-106.3304470">
    <ele>3311.2</ele>
    <time>2026-10-04T17:49:10Z</time>
   </trkpt>
   <trkpt lat="41.3315420" lon="-106.3304370">
    <ele>3310.8</ele>
    <time>2026-10-04T17:49:11Z</time>
   </trkpt>
   <trkpt lat="41.3315260" lon="-106.3304210">
    <ele>3310.3</ele>
    <time>2026-10-04T17:49:12Z</time>
   </trkpt>
   <trkpt lat="41.3315090" lon="-106.3304180">
    <ele>3310.0</ele>
    <time>2026-10-04T17:49:13Z</time>
   </trkpt>
   <trkpt lat="41.3314960" lon="-106.3304150">
    <ele>3309.7</ele>
    <time>2026-10-04T17:49:14Z</time>
   </trkpt>
   <trkpt lat="41.3314890" lon="-106.3303970">
    <ele>3309.4</ele>
    <time>2026-10-04T17:49:15Z</time>
   </trkpt>
   <trkpt lat="41.3314830" lon="-106.3303760">
    <ele>3309.1</ele>
    <time>2026-10-04T17:49:16Z</time>
   </trkpt>
   <trkpt lat="41.3314840" lon="-106.3303410">
    <ele>3308.6</ele>
    <time>2026-10-04T17:49:17Z</time>
   </trkpt>
   <trkpt lat="41.3314900" lon="-106.3303200">
    <ele>3308.2</ele>
    <time>2026-10-04T17:49:18Z</time>
   </trkpt>
   <trkpt lat="41.3314940" lon="-106.3302980">
    <ele>3307.9</ele>
    <time>2026-10-04T17:49:19Z</time>
   </trkpt>
   <trkpt lat="41.3314970" lon="-106.3302780">
    <ele>3307.6</ele>
    <time>2026-10-04T17:49:20Z</time>
   </trkpt>
   <trkpt lat="41.3315000" lon="-106.3302530">
    <ele>3307.2</ele>
    <time>2026-10-04T17:49:21Z</time>
   </trkpt>
   <trkpt lat="41.3315100" lon="-106.3302300">
    <ele>3306.8</ele>
    <time>2026-10-04T17:49:22Z</time>
   </trkpt>
   <trkpt lat="41.3315100" lon="-106.3302070">
    <ele>3306.4</ele>
    <time>2026-10-04T17:49:23Z</time>
   </trkpt>
   <trkpt lat="41.3315130" lon="-106.3301860">
    <ele>3306.1</ele>
    <time>2026-10-04T17:49:24Z</time>
   </trkpt>
   <trkpt lat="41.3315050" lon="-106.3301590">
    <ele>3305.7</ele>
    <time>2026-10-04T17:49:25Z</time>
   </trkpt>
   <trkpt lat="41.3315030" lon="-106.3301430">
    <ele>3305.5</ele>
    <time>2026-10-04T17:49:26Z</time>
   </trkpt>
   <trkpt lat="41.3315010" lon="-106.3301360">
    <ele>3305.3</ele>
    <time>2026-10-04T17:49:27Z</time>
   </trkpt>
   <trkpt lat="41.3314710" lon="-106.3301600">
    <ele>3304.7</ele>
    <time>2026-10-04T17:50:42Z</time>
   </trkpt>
   <trkpt lat="41.3315170" lon="-106.3300530">
    <ele>3302.9</ele>
    <time>2026-10-04T17:50:45Z</time>
   </trkpt>
   <trkpt lat="41.3315160" lon="-106.3300550">
    <ele>3302.9</ele>
    <time>2026-10-04T17:50:46Z</time>
   </trkpt>
   <trkpt lat="41.3315110" lon="-106.3300410">
    <ele>3302.7</ele>
    <time>2026-10-04T17:50:47Z</time>
   </trkpt>
   <trkpt lat="41.3315050" lon="-106.3300270">
    <ele>3302.4</ele>
    <time>2026-10-04T17:50:48Z</time>
   </trkpt>
   <trkpt lat="41.3314980" lon="-106.3300080">
    <ele>3302.1</ele>
    <time>2026-10-04T17:50:49Z</time>
   </trkpt>
   <trkpt lat="41.3314900" lon="-106.3299870">
    <ele>3301.8</ele>
    <time>2026-10-04T17:50:50Z</time>
   </trkpt>
   <trkpt lat="41.3314840" lon="-106.3299670">
    <ele>3301.5</ele>
    <time>2026-10-04T17:50:51Z</time>
   </trkpt>
   <trkpt lat="41.3314780" lon="-106.3299490">
    <ele>3301.3</ele>
    <time>2026-10-04T17:50:52Z</time>
   </trkpt>
   <trkpt lat="41.3314720" lon="-106.3299320">
    <ele>3301.0</ele>
    <time>2026-10-04T17:50:53Z</time>
   </trkpt>
   <trkpt lat="41.3314640" lon="-106.3299120">
    <ele>3300.8</ele>
    <time>2026-10-04T17:50:54Z</time>
   </trkpt>
   <trkpt lat="41.3314590" lon="-106.3298920">
    <ele>3300.5</ele>
    <time>2026-10-04T17:50:55Z</time>
   </trkpt>
   <trkpt lat="41.3314530" lon="-106.3298730">
    <ele>3300.2</ele>
    <time>2026-10-04T17:50:56Z</time>
   </trkpt>
   <trkpt lat="41.3314480" lon="-106.3298480">
    <ele>3299.9</ele>
    <time>2026-10-04T17:50:57Z</time>
   </trkpt>
   <trkpt lat="41.3314460" lon="-106.3298260">
    <ele>3299.6</ele>
    <time>2026-10-04T17:50:58Z</time>
   </trkpt>
   <trkpt lat="41.3314440" lon="-106.3298070">
    <ele>3299.4</ele>
    <time>2026-10-04T17:50:59Z</time>
   </trkpt>
   <trkpt lat="41.3314400" lon="-106.3297900">
    <ele>3299.2</ele>
    <time>2026-10-04T17:51:00Z</time>
   </trkpt>
   <trkpt lat="41.3314340" lon="-106.3297680">
    <ele>3298.9</ele>
    <time>2026-10-04T17:51:01Z</time>
   </trkpt>
   <trkpt lat="41.3314300" lon="-106.3297430">
    <ele>3298.6</ele>
    <time>2026-10-04T17:51:02Z</time>
   </trkpt>
   <trkpt lat="41.3314320" lon="-106.3297200">
    <ele>3298.3</ele>
    <time>2026-10-04T17:51:03Z</time>
   </trkpt>
   <trkpt lat="41.3314380" lon="-106.3297010">
    <ele>3298.1</ele>
    <time>2026-10-04T17:51:04Z</time>
   </trkpt>
   <trkpt lat="41.3314420" lon="-106.3296830">
    <ele>3297.8</ele>
    <time>2026-10-04T17:51:05Z</time>
   </trkpt>
   <trkpt lat="41.3314400" lon="-106.3296590">
    <ele>3297.5</ele>
    <time>2026-10-04T17:51:06Z</time>
   </trkpt>
   <trkpt lat="41.3314370" lon="-106.3296320">
    <ele>3297.2</ele>
    <time>2026-10-04T17:51:07Z</time>
   </trkpt>
   <trkpt lat="41.3314360" lon="-106.3296070">
    <ele>3296.9</ele>
    <time>2026-10-04T17:51:08Z</time>
   </trkpt>
   <trkpt lat="41.3314380" lon="-106.3295830">
    <ele>3296.7</ele>
    <time>2026-10-04T17:51:09Z</time>
   </trkpt>
   <trkpt lat="41.3314410" lon="-106.3295590">
    <ele>3296.4</ele>
    <time>2026-10-04T17:51:10Z</time>
   </trkpt>
   <trkpt lat="41.3314470" lon="-106.3295380">
    <ele>3296.2</ele>
    <time>2026-10-04T17:51:11Z</time>
   </trkpt>
   <trkpt lat="41.3314560" lon="-106.3295120">
    <ele>3295.9</ele>
    <time>2026-10-04T17:51:12Z</time>
   </trkpt>
   <trkpt lat="41.3314630" lon="-106.3294890">
    <ele>3295.6</ele>
    <time>2026-10-04T17:51:13Z</time>
   </trkpt>
   <trkpt lat="41.3314620" lon="-106.3294720">
    <ele>3295.4</ele>
    <time>2026-10-04T17:51:14Z</time>
   </trkpt>
   <trkpt lat="41.3314430" lon="-106.3294560">
    <ele>3295.2</ele>
    <time>2026-10-04T17:51:15Z</time>
   </trkpt>
   <trkpt lat="41.3314640" lon="-106.3294350">
    <ele>3294.8</ele>
    <time>2026-10-04T17:51:16Z</time>
   </trkpt>
   <trkpt lat="41.3314750" lon="-106.3294240">
    <ele>3294.7</ele>
    <time>2026-10-04T17:51:17Z</time>
   </trkpt>
   <trkpt lat="41.3314840" lon="-106.3294170">
    <ele>3294.6</ele>
    <time>2026-10-04T17:51:18Z</time>
   </trkpt>
   <trkpt lat="41.3315020" lon="-106.3294040">
    <ele>3294.4</ele>
    <time>2026-10-04T17:51:19Z</time>
   </trkpt>
   <trkpt lat="41.3315280" lon="-106.3293940">
    <ele>3294.1</ele>
    <time>2026-10-04T17:51:20Z</time>
   </trkpt>
   <trkpt lat="41.3315500" lon="-106.3293930">
    <ele>3293.9</ele>
    <time>2026-10-04T17:51:21Z</time>
   </trkpt>
   <trkpt lat="41.3315740" lon="-106.3293900">
    <ele>3293.6</ele>
    <time>2026-10-04T17:51:22Z</time>
   </trkpt>
   <trkpt lat="41.3315990" lon="-106.3293890">
    <ele>3293.4</ele>
    <time>2026-10-04T17:51:23Z</time>
   </trkpt>
   <trkpt lat="41.3316150" lon="-106.3293850">
    <ele>3293.2</ele>
    <time>2026-10-04T17:51:24Z</time>
   </trkpt>
   <trkpt lat="41.3316330" lon="-106.3293800">
    <ele>3293.0</ele>
    <time>2026-10-04T17:51:25Z</time>
   </trkpt>
   <trkpt lat="41.3316540" lon="-106.3293760">
    <ele>3292.8</ele>
    <time>2026-10-04T17:51:26Z</time>
   </trkpt>
   <trkpt lat="41.3316730" lon="-106.3293880">
    <ele>3292.6</ele>
    <time>2026-10-04T17:51:27Z</time>
   </trkpt>
   <trkpt lat="41.3316860" lon="-106.3294260">
    <ele>3292.3</ele>
    <time>2026-10-04T17:51:28Z</time>
   </trkpt>
   <trkpt lat="41.3316950" lon="-106.3294520">
    <ele>3292.1</ele>
    <time>2026-10-04T17:51:29Z</time>
   </trkpt>
   <trkpt lat="41.3317090" lon="-106.3294670">
    <ele>3291.9</ele>
    <time>2026-10-04T17:51:30Z</time>
   </trkpt>
   <trkpt lat="41.3317230" lon="-106.3294870">
    <ele>3291.7</ele>
    <time>2026-10-04T17:51:31Z</time>
   </trkpt>
   <trkpt lat="41.3317390" lon="-106.3295100">
    <ele>3291.4</ele>
    <time>2026-10-04T17:51:32Z</time>
   </trkpt>
   <trkpt lat="41.3317480" lon="-106.3295290">
    <ele>3291.2</ele>
    <time>2026-10-04T17:51:33Z</time>
   </trkpt>
   <trkpt lat="41.3317780" lon="-106.3295270">
    <ele>3290.9</ele>
    <time>2026-10-04T17:51:34Z</time>
   </trkpt>
   <trkpt lat="41.3318000" lon="-106.3295350">
    <ele>3290.6</ele>
    <time>2026-10-04T17:51:35Z</time>
   </trkpt>
   <trkpt lat="41.3318200" lon="-106.3295340">
    <ele>3290.4</ele>
    <time>2026-10-04T17:51:36Z</time>
   </trkpt>
   <trkpt lat="41.3318470" lon="-106.3295390">
    <ele>3290.0</ele>
    <time>2026-10-04T17:51:37Z</time>
   </trkpt>
   <trkpt lat="41.3318670" lon="-106.3295490">
    <ele>3289.7</ele>
    <time>2026-10-04T17:51:38Z</time>
   </trkpt>
   <trkpt lat="41.3318880" lon="-106.3295410">
    <ele>3289.4</ele>
    <time>2026-10-04T17:51:39Z</time>
   </trkpt>
   <trkpt lat="41.3319030" lon="-106.3295340">
    <ele>3289.2</ele>
    <time>2026-10-04T17:51:40Z</time>
   </trkpt>
   <trkpt lat="41.3319160" lon="-106.3295370">
    <ele>3289.0</ele>
    <time>2026-10-04T17:51:41Z</time>
   </trkpt>
   <trkpt lat="41.3319320" lon="-106.3295430">
    <ele>3288.7</ele>
    <time>2026-10-04T17:51:42Z</time>
   </trkpt>
   <trkpt lat="41.3319490" lon="-106.3295170">
    <ele>3288.4</ele>
    <time>2026-10-04T17:51:43Z</time>
   </trkpt>
   <trkpt lat="41.3319620" lon="-106.3294930">
    <ele>3288.0</ele>
    <time>2026-10-04T17:51:44Z</time>
   </trkpt>
   <trkpt lat="41.3319570" lon="-106.3294630">
    <ele>3287.7</ele>
    <time>2026-10-04T17:51:45Z</time>
   </trkpt>
   <trkpt lat="41.3319520" lon="-106.3294410">
    <ele>3287.4</ele>
    <time>2026-10-04T17:51:46Z</time>
   </trkpt>
   <trkpt lat="41.3319470" lon="-106.3294150">
    <ele>3287.1</ele>
    <time>2026-10-04T17:51:47Z</time>
   </trkpt>
   <trkpt lat="41.3319320" lon="-106.3293860">
    <ele>3286.7</ele>
    <time>2026-10-04T17:51:48Z</time>
   </trkpt>
   <trkpt lat="41.3319250" lon="-106.3293690">
    <ele>3286.5</ele>
    <time>2026-10-04T17:51:49Z</time>
   </trkpt>
   <trkpt lat="41.3319100" lon="-106.3293550">
    <ele>3286.2</ele>
    <time>2026-10-04T17:51:50Z</time>
   </trkpt>
   <trkpt lat="41.3318850" lon="-106.3293590">
    <ele>3285.8</ele>
    <time>2026-10-04T17:51:51Z</time>
   </trkpt>
   <trkpt lat="41.3318620" lon="-106.3293530">
    <ele>3285.5</ele>
    <time>2026-10-04T17:51:52Z</time>
   </trkpt>
   <trkpt lat="41.3318380" lon="-106.3293410">
    <ele>3285.1</ele>
    <time>2026-10-04T17:51:53Z</time>
   </trkpt>
   <trkpt lat="41.3318130" lon="-106.3293340">
    <ele>3284.7</ele>
    <time>2026-10-04T17:51:54Z</time>
   </trkpt>
   <trkpt lat="41.3318050" lon="-106.3293180">
    <ele>3284.5</ele>
    <time>2026-10-04T17:51:55Z</time>
   </trkpt>
   <trkpt lat="41.3318050" lon="-106.3292940">
    <ele>3284.3</ele>
    <time>2026-10-04T17:51:56Z</time>
   </trkpt>
   <trkpt lat="41.3318100" lon="-106.3292540">
    <ele>3283.8</ele>
    <time>2026-10-04T17:51:57Z</time>
   </trkpt>
   <trkpt lat="41.3318110" lon="-106.3292230">
    <ele>3283.5</ele>
    <time>2026-10-04T17:51:58Z</time>
   </trkpt>
   <trkpt lat="41.3318050" lon="-106.3291940">
    <ele>3283.2</ele>
    <time>2026-10-04T17:51:59Z</time>
   </trkpt>
   <trkpt lat="41.3318080" lon="-106.3291630">
    <ele>3282.9</ele>
    <time>2026-10-04T17:52:00Z</time>
   </trkpt>
   <trkpt lat="41.3318130" lon="-106.3291400">
    <ele>3282.7</ele>
    <time>2026-10-04T17:52:01Z</time>
   </trkpt>
   <trkpt lat="41.3318100" lon="-106.3291130">
    <ele>3282.4</ele>
    <time>2026-10-04T17:52:02Z</time>
   </trkpt>
   <trkpt lat="41.3318100" lon="-106.3290860">
    <ele>3282.1</ele>
    <time>2026-10-04T17:52:03Z</time>
   </trkpt>
   <trkpt lat="41.3318100" lon="-106.3290620">
    <ele>3281.9</ele>
    <time>2026-10-04T17:52:04Z</time>
   </trkpt>
   <trkpt lat="41.3318140" lon="-106.3290230">
    <ele>3281.5</ele>
    <time>2026-10-04T17:52:05Z</time>
   </trkpt>
   <trkpt lat="41.3318060" lon="-106.3290000">
    <ele>3281.2</ele>
    <time>2026-10-04T17:52:06Z</time>
   </trkpt>
   <trkpt lat="41.3317890" lon="-106.3289770">
    <ele>3280.9</ele>
    <time>2026-10-04T17:52:07Z</time>
   </trkpt>
   <trkpt lat="41.3317780" lon="-106.3289440">
    <ele>3280.5</ele>
    <time>2026-10-04T17:52:08Z</time>
   </trkpt>
   <trkpt lat="41.3317610" lon="-106.3289190">
    <ele>3280.2</ele>
    <time>2026-10-04T17:52:09Z</time>
   </trkpt>
   <trkpt lat="41.3317580" lon="-106.3288860">
    <ele>3279.8</ele>
    <time>2026-10-04T17:52:10Z</time>
   </trkpt>
   <trkpt lat="41.3317480" lon="-106.3288590">
    <ele>3279.5</ele>
    <time>2026-10-04T17:52:11Z</time>
   </trkpt>
   <trkpt lat="41.3317480" lon="-106.3288260">
    <ele>3279.1</ele>
    <time>2026-10-04T17:52:12Z</time>
   </trkpt>
   <trkpt lat="41.3317450" lon="-106.3287980">
    <ele>3278.8</ele>
    <time>2026-10-04T17:52:13Z</time>
   </trkpt>
   <trkpt lat="41.3317460" lon="-106.3287640">
    <ele>3278.5</ele>
    <time>2026-10-04T17:52:14Z</time>
   </trkpt>
   <trkpt lat="41.3317450" lon="-106.3287380">
    <ele>3278.2</ele>
    <time>2026-10-04T17:52:15Z</time>
   </trkpt>
   <trkpt lat="41.3317430" lon="-106.3287100">
    <ele>3277.9</ele>
    <time>2026-10-04T17:52:16Z</time>
   </trkpt>
   <trkpt lat="41.3317350" lon="-106.3286940">
    <ele>3277.7</ele>
    <time>2026-10-04T17:52:17Z</time>
   </trkpt>
   <trkpt lat="41.3317140" lon="-106.3286760">
    <ele>3277.3</ele>
    <time>2026-10-04T17:52:18Z</time>
   </trkpt>
   <trkpt lat="41.3316980" lon="-106.3286550">
    <ele>3277.0</ele>
    <time>2026-10-04T17:52:19Z</time>
   </trkpt>
   <trkpt lat="41.3316940" lon="-106.3286240">
    <ele>3276.7</ele>
    <time>2026-10-04T17:52:20Z</time>
   </trkpt>
   <trkpt lat="41.3316840" lon="-106.3285880">
    <ele>3276.3</ele>
    <time>2026-10-04T17:52:21Z</time>
   </trkpt>
   <trkpt lat="41.3316710" lon="-106.3285630">
    <ele>3276.0</ele>
    <time>2026-10-04T17:52:22Z</time>
   </trkpt>
   <trkpt lat="41.3316600" lon="-106.3285380">
    <ele>3275.7</ele>
    <time>2026-10-04T17:52:23Z</time>
   </trkpt>
   <trkpt lat="41.3316530" lon="-106.3285170">
    <ele>3275.4</ele>
    <time>2026-10-04T17:52:24Z</time>
   </trkpt>
   <trkpt lat="41.3316130" lon="-106.3285200">
    <ele>3274.8</ele>
    <time>2026-10-04T17:52:25Z</time>
   </trkpt>
   <trkpt lat="41.3316090" lon="-106.3284720">
    <ele>3274.3</ele>
    <time>2026-10-04T17:52:26Z</time>
   </trkpt>
   <trkpt lat="41.3316040" lon="-106.3284470">
    <ele>3274.0</ele>
    <time>2026-10-04T17:52:27Z</time>
   </trkpt>
   <trkpt lat="41.3315910" lon="-106.3284130">
    <ele>3273.6</ele>
    <time>2026-10-04T17:52:28Z</time>
   </trkpt>
   <trkpt lat="41.3315900" lon="-106.3283790">
    <ele>3273.3</ele>
    <time>2026-10-04T17:52:29Z</time>
   </trkpt>
   <trkpt lat="41.3315800" lon="-106.3283610">
    <ele>3273.1</ele>
    <time>2026-10-04T17:52:30Z</time>
   </trkpt>
   <trkpt lat="41.3315830" lon="-106.3283340">
    <ele>3272.8</ele>
    <time>2026-10-04T17:52:31Z</time>
   </trkpt>
   <trkpt lat="41.3315850" lon="-106.3283130">
    <ele>3272.6</ele>
    <time>2026-10-04T17:52:32Z</time>
   </trkpt>
   <trkpt lat="41.3315730" lon="-106.3283000">
    <ele>3272.4</ele>
    <time>2026-10-04T17:52:33Z</time>
   </trkpt>
   <trkpt lat="41.3315680" lon="-106.3282860">
    <ele>3272.2</ele>
    <time>2026-10-04T17:52:34Z</time>
   </trkpt>
   <trkpt lat="41.3315620" lon="-106.3282640">
    <ele>3272.0</ele>
    <time>2026-10-04T17:52:35Z</time>
   </trkpt>
   <trkpt lat="41.3315610" lon="-106.3282290">
    <ele>3271.7</ele>
    <time>2026-10-04T17:52:36Z</time>
   </trkpt>
   <trkpt lat="41.3315590" lon="-106.3281990">
    <ele>3271.4</ele>
    <time>2026-10-04T17:52:37Z</time>
   </trkpt>
   <trkpt lat="41.3315460" lon="-106.3281750">
    <ele>3271.1</ele>
    <time>2026-10-04T17:52:38Z</time>
   </trkpt>
   <trkpt lat="41.3315170" lon="-106.3281720">
    <ele>3270.7</ele>
    <time>2026-10-04T17:52:39Z</time>
   </trkpt>
   <trkpt lat="41.3314840" lon="-106.3281640">
    <ele>3270.3</ele>
    <time>2026-10-04T17:52:40Z</time>
   </trkpt>
   <trkpt lat="41.3314560" lon="-106.3281730">
    <ele>3269.9</ele>
    <time>2026-10-04T17:52:41Z</time>
   </trkpt>
   <trkpt lat="41.3314320" lon="-106.3281740">
    <ele>3269.6</ele>
    <time>2026-10-04T17:52:42Z</time>
   </trkpt>
   <trkpt lat="41.3314010" lon="-106.3281810">
    <ele>3269.1</ele>
    <time>2026-10-04T17:52:43Z</time>
   </trkpt>
   <trkpt lat="41.3313780" lon="-106.3281810">
    <ele>3268.8</ele>
    <time>2026-10-04T17:52:44Z</time>
   </trkpt>
   <trkpt lat="41.3313550" lon="-106.3281700">
    <ele>3268.4</ele>
    <time>2026-10-04T17:52:45Z</time>
   </trkpt>
   <trkpt lat="41.3313490" lon="-106.3281380">
    <ele>3268.0</ele>
    <time>2026-10-04T17:52:46Z</time>
   </trkpt>
   <trkpt lat="41.3313520" lon="-106.3280810">
    <ele>3267.3</ele>
    <time>2026-10-04T17:52:47Z</time>
   </trkpt>
   <trkpt lat="41.3313500" lon="-106.3280500">
    <ele>3266.9</ele>
    <time>2026-10-04T17:52:48Z</time>
   </trkpt>
   <trkpt lat="41.3313530" lon="-106.3280190">
    <ele>3266.5</ele>
    <time>2026-10-04T17:52:49Z</time>
   </trkpt>
   <trkpt lat="41.3313530" lon="-106.3280010">
    <ele>3266.3</ele>
    <time>2026-10-04T17:52:50Z</time>
   </trkpt>
   <trkpt lat="41.3313510" lon="-106.3279830">
    <ele>3266.1</ele>
    <time>2026-10-04T17:52:51Z</time>
   </trkpt>
   <trkpt lat="41.3313360" lon="-106.3279660">
    <ele>3265.7</ele>
    <time>2026-10-04T17:52:52Z</time>
   </trkpt>
   <trkpt lat="41.3313280" lon="-106.3279430">
    <ele>3265.4</ele>
    <time>2026-10-04T17:52:53Z</time>
   </trkpt>
   <trkpt lat="41.3313130" lon="-106.3279120">
    <ele>3265.0</ele>
    <time>2026-10-04T17:52:54Z</time>
   </trkpt>
   <trkpt lat="41.3312820" lon="-106.3279120">
    <ele>3264.6</ele>
    <time>2026-10-04T17:52:55Z</time>
   </trkpt>
   <trkpt lat="41.3312610" lon="-106.3279090">
    <ele>3264.2</ele>
    <time>2026-10-04T17:52:56Z</time>
   </trkpt>
   <trkpt lat="41.3312430" lon="-106.3279040">
    <ele>3264.0</ele>
    <time>2026-10-04T17:52:57Z</time>
   </trkpt>
   <trkpt lat="41.3312140" lon="-106.3279160">
    <ele>3263.5</ele>
    <time>2026-10-04T17:52:58Z</time>
   </trkpt>
   <trkpt lat="41.3311920" lon="-106.3279170">
    <ele>3263.2</ele>
    <time>2026-10-04T17:52:59Z</time>
   </trkpt>
   <trkpt lat="41.3311660" lon="-106.3279190">
    <ele>3262.8</ele>
    <time>2026-10-04T17:53:00Z</time>
   </trkpt>
   <trkpt lat="41.3311410" lon="-106.3279160">
    <ele>3262.5</ele>
    <time>2026-10-04T17:53:01Z</time>
   </trkpt>
   <trkpt lat="41.3311160" lon="-106.3278840">
    <ele>3262.0</ele>
    <time>2026-10-04T17:53:02Z</time>
   </trkpt>
   <trkpt lat="41.3310950" lon="-106.3278720">
    <ele>3261.7</ele>
    <time>2026-10-04T17:53:03Z</time>
   </trkpt>
   <trkpt lat="41.3310650" lon="-106.3278720">
    <ele>3261.3</ele>
    <time>2026-10-04T17:53:04Z</time>
   </trkpt>
   <trkpt lat="41.3310460" lon="-106.3278580">
    <ele>3261.1</ele>
    <time>2026-10-04T17:53:05Z</time>
   </trkpt>
   <trkpt lat="41.3310160" lon="-106.3278430">
    <ele>3260.7</ele>
    <time>2026-10-04T17:53:06Z</time>
   </trkpt>
   <trkpt lat="41.3309930" lon="-106.3278350">
    <ele>3260.4</ele>
    <time>2026-10-04T17:53:07Z</time>
   </trkpt>
   <trkpt lat="41.3309620" lon="-106.3278300">
    <ele>3260.0</ele>
    <time>2026-10-04T17:53:08Z</time>
   </trkpt>
   <trkpt lat="41.3309270" lon="-106.3278370">
    <ele>3259.6</ele>
    <time>2026-10-04T17:53:09Z</time>
   </trkpt>
   <trkpt lat="41.3308960" lon="-106.3278220">
    <ele>3259.3</ele>
    <time>2026-10-04T17:53:10Z</time>
   </trkpt>
   <trkpt lat="41.3308620" lon="-106.3278430">
    <ele>3258.9</ele>
    <time>2026-10-04T17:53:11Z</time>
   </trkpt>
   <trkpt lat="41.3308380" lon="-106.3278470">
    <ele>3258.6</ele>
    <time>2026-10-04T17:53:12Z</time>
   </trkpt>
   <trkpt lat="41.3308080" lon="-106.3278180">
    <ele>3258.2</ele>
    <time>2026-10-04T17:53:13Z</time>
   </trkpt>
   <trkpt lat="41.3307850" lon="-106.3277930">
    <ele>3257.9</ele>
    <time>2026-10-04T17:53:14Z</time>
   </trkpt>
   <trkpt lat="41.3307670" lon="-106.3277680">
    <ele>3257.7</ele>
    <time>2026-10-04T17:53:15Z</time>
   </trkpt>
   <trkpt lat="41.3307390" lon="-106.3277880">
    <ele>3257.4</ele>
    <time>2026-10-04T17:53:16Z</time>
   </trkpt>
   <trkpt lat="41.3307180" lon="-106.3277890">
    <ele>3257.2</ele>
    <time>2026-10-04T17:53:17Z</time>
   </trkpt>
   <trkpt lat="41.3306880" lon="-106.3278020">
    <ele>3257.0</ele>
    <time>2026-10-04T17:53:18Z</time>
   </trkpt>
   <trkpt lat="41.3306620" lon="-106.3278080">
    <ele>3256.8</ele>
    <time>2026-10-04T17:53:19Z</time>
   </trkpt>
   <trkpt lat="41.3306270" lon="-106.3278060">
    <ele>3256.5</ele>
    <time>2026-10-04T17:53:20Z</time>
   </trkpt>
   <trkpt lat="41.3306040" lon="-106.3278040">
    <ele>3256.4</ele>
    <time>2026-10-04T17:53:21Z</time>
   </trkpt>
   <trkpt lat="41.3305830" lon="-106.3278000">
    <ele>3256.2</ele>
    <time>2026-10-04T17:53:22Z</time>
   </trkpt>
   <trkpt lat="41.3305600" lon="-106.3278210">
    <ele>3256.0</ele>
    <time>2026-10-04T17:53:23Z</time>
   </trkpt>
   <trkpt lat="41.3305310" lon="-106.3278190">
    <ele>3255.8</ele>
    <time>2026-10-04T17:53:24Z</time>
   </trkpt>
   <trkpt lat="41.3305000" lon="-106.3278040">
    <ele>3255.5</ele>
    <time>2026-10-04T17:53:25Z</time>
   </trkpt>
   <trkpt lat="41.3304740" lon="-106.3277860">
    <ele>3255.3</ele>
    <time>2026-10-04T17:53:26Z</time>
   </trkpt>
   <trkpt lat="41.3304480" lon="-106.3277790">
    <ele>3255.1</ele>
    <time>2026-10-04T17:53:27Z</time>
   </trkpt>
   <trkpt lat="41.3304220" lon="-106.3277730">
    <ele>3254.9</ele>
    <time>2026-10-04T17:53:28Z</time>
   </trkpt>
   <trkpt lat="41.3304020" lon="-106.3277560">
    <ele>3254.7</ele>
    <time>2026-10-04T17:53:29Z</time>
   </trkpt>
   <trkpt lat="41.3303770" lon="-106.3277500">
    <ele>3254.5</ele>
    <time>2026-10-04T17:53:30Z</time>
   </trkpt>
   <trkpt lat="41.3303560" lon="-106.3277220">
    <ele>3254.2</ele>
    <time>2026-10-04T17:53:31Z</time>
   </trkpt>
   <trkpt lat="41.3303340" lon="-106.3276930">
    <ele>3253.8</ele>
    <time>2026-10-04T17:53:32Z</time>
   </trkpt>
   <trkpt lat="41.3303120" lon="-106.3276840">
    <ele>3253.6</ele>
    <time>2026-10-04T17:53:33Z</time>
   </trkpt>
   <trkpt lat="41.3302850" lon="-106.3276750">
    <ele>3253.2</ele>
    <time>2026-10-04T17:53:34Z</time>
   </trkpt>
   <trkpt lat="41.3302580" lon="-106.3276730">
    <ele>3252.9</ele>
    <time>2026-10-04T17:53:35Z</time>
   </trkpt>
   <trkpt lat="41.3302290" lon="-106.3276620">
    <ele>3252.4</ele>
    <time>2026-10-04T17:53:36Z</time>
   </trkpt>
   <trkpt lat="41.3302050" lon="-106.3276620">
    <ele>3252.1</ele>
    <time>2026-10-04T17:53:37Z</time>
   </trkpt>
   <trkpt lat="41.3301800" lon="-106.3276520">
    <ele>3251.7</ele>
    <time>2026-10-04T17:53:38Z</time>
   </trkpt>
   <trkpt lat="41.3301510" lon="-106.3276190">
    <ele>3251.2</ele>
    <time>2026-10-04T17:53:39Z</time>
   </trkpt>
   <trkpt lat="41.3301360" lon="-106.3276070">
    <ele>3251.0</ele>
    <time>2026-10-04T17:53:40Z</time>
   </trkpt>
   <trkpt lat="41.3301210" lon="-106.3276020">
    <ele>3250.7</ele>
    <time>2026-10-04T17:53:41Z</time>
   </trkpt>
   <trkpt lat="41.3301010" lon="-106.3275830">
    <ele>3250.4</ele>
    <time>2026-10-04T17:53:42Z</time>
   </trkpt>
   <trkpt lat="41.3300780" lon="-106.3275720">
    <ele>3250.0</ele>
    <time>2026-10-04T17:53:43Z</time>
   </trkpt>
   <trkpt lat="41.3300540" lon="-106.3275640">
    <ele>3249.7</ele>
    <time>2026-10-04T17:53:44Z</time>
   </trkpt>
   <trkpt lat="41.3300340" lon="-106.3275520">
    <ele>3249.4</ele>
    <time>2026-10-04T17:53:45Z</time>
   </trkpt>
   <trkpt lat="41.3300150" lon="-106.3275470">
    <ele>3249.1</ele>
    <time>2026-10-04T17:53:46Z</time>
   </trkpt>
   <trkpt lat="41.3299900" lon="-106.3275490">
    <ele>3248.7</ele>
    <time>2026-10-04T17:53:47Z</time>
   </trkpt>
   <trkpt lat="41.3299720" lon="-106.3275270">
    <ele>3248.4</ele>
    <time>2026-10-04T17:53:48Z</time>
   </trkpt>
   <trkpt lat="41.3299490" lon="-106.3275230">
    <ele>3248.0</ele>
    <time>2026-10-04T17:53:49Z</time>
   </trkpt>
   <trkpt lat="41.3299340" lon="-106.3275100">
    <ele>3247.8</ele>
    <time>2026-10-04T17:53:50Z</time>
   </trkpt>
   <trkpt lat="41.3299130" lon="-106.3274960">
    <ele>3247.4</ele>
    <time>2026-10-04T17:53:51Z</time>
   </trkpt>
   <trkpt lat="41.3298840" lon="-106.3274770">
    <ele>3247.0</ele>
    <time>2026-10-04T17:53:52Z</time>
   </trkpt>
   <trkpt lat="41.3298650" lon="-106.3274680">
    <ele>3246.7</ele>
    <time>2026-10-04T17:53:53Z</time>
   </trkpt>
   <trkpt lat="41.3298430" lon="-106.3274520">
    <ele>3246.4</ele>
    <time>2026-10-04T17:53:54Z</time>
   </trkpt>
   <trkpt lat="41.3298150" lon="-106.3274340">
    <ele>3246.0</ele>
    <time>2026-10-04T17:53:55Z</time>
   </trkpt>
   <trkpt lat="41.3297730" lon="-106.3273930">
    <ele>3245.4</ele>
    <time>2026-10-04T17:53:56Z</time>
   </trkpt>
   <trkpt lat="41.3297840" lon="-106.3273550">
    <ele>3245.0</ele>
    <time>2026-10-04T17:53:57Z</time>
   </trkpt>
   <trkpt lat="41.3298110" lon="-106.3273300">
    <ele>3244.7</ele>
    <time>2026-10-04T17:53:58Z</time>
   </trkpt>
   <trkpt lat="41.3298520" lon="-106.3273400">
    <ele>3244.2</ele>
    <time>2026-10-04T17:53:59Z</time>
   </trkpt>
   <trkpt lat="41.3298860" lon="-106.3273470">
    <ele>3243.9</ele>
    <time>2026-10-04T17:54:00Z</time>
   </trkpt>
   <trkpt lat="41.3299190" lon="-106.3273550">
    <ele>3243.6</ele>
    <time>2026-10-04T17:54:01Z</time>
   </trkpt>
   <trkpt lat="41.3299580" lon="-106.3273580">
    <ele>3243.2</ele>
    <time>2026-10-04T17:54:02Z</time>
   </trkpt>
   <trkpt lat="41.3299960" lon="-106.3273590">
    <ele>3242.8</ele>
    <time>2026-10-04T17:54:03Z</time>
   </trkpt>
   <trkpt lat="41.3300310" lon="-106.3273670">
    <ele>3242.5</ele>
    <time>2026-10-04T17:54:04Z</time>
   </trkpt>
   <trkpt lat="41.3300560" lon="-106.3273790">
    <ele>3242.2</ele>
    <time>2026-10-04T17:54:05Z</time>
   </trkpt>
   <trkpt lat="41.3300850" lon="-106.3273690">
    <ele>3241.9</ele>
    <time>2026-10-04T17:54:06Z</time>
   </trkpt>
   <trkpt lat="41.3301130" lon="-106.3273640">
    <ele>3241.7</ele>
    <time>2026-10-04T17:54:07Z</time>
   </trkpt>
   <trkpt lat="41.3301410" lon="-106.3273420">
    <ele>3241.4</ele>
    <time>2026-10-04T17:54:08Z</time>
   </trkpt>
   <trkpt lat="41.3301740" lon="-106.3273440">
    <ele>3241.1</ele>
    <time>2026-10-04T17:54:09Z</time>
   </trkpt>
   <trkpt lat="41.3302030" lon="-106.3273490">
    <ele>3240.9</ele>
    <time>2026-10-04T17:54:10Z</time>
   </trkpt>
   <trkpt lat="41.3302240" lon="-106.3273150">
    <ele>3240.7</ele>
    <time>2026-10-04T17:54:11Z</time>
   </trkpt>
   <trkpt lat="41.3302470" lon="-106.3272870">
    <ele>3240.4</ele>
    <time>2026-10-04T17:54:12Z</time>
   </trkpt>
   <trkpt lat="41.3302790" lon="-106.3272760">
    <ele>3240.2</ele>
    <time>2026-10-04T17:54:13Z</time>
   </trkpt>
   <trkpt lat="41.3303010" lon="-106.3272390">
    <ele>3239.9</ele>
    <time>2026-10-04T17:54:14Z</time>
   </trkpt>
   <trkpt lat="41.3303250" lon="-106.3272120">
    <ele>3239.6</ele>
    <time>2026-10-04T17:54:15Z</time>
   </trkpt>
   <trkpt lat="41.3303460" lon="-106.3271990">
    <ele>3239.4</ele>
    <time>2026-10-04T17:54:16Z</time>
   </trkpt>
   <trkpt lat="41.3303660" lon="-106.3271960">
    <ele>3239.2</ele>
    <time>2026-10-04T17:54:17Z</time>
   </trkpt>
   <trkpt lat="41.3303820" lon="-106.3271690">
    <ele>3238.9</ele>
    <time>2026-10-04T17:54:18Z</time>
   </trkpt>
   <trkpt lat="41.3304050" lon="-106.3271440">
    <ele>3238.5</ele>
    <time>2026-10-04T17:54:19Z</time>
   </trkpt>
   <trkpt lat="41.3304210" lon="-106.3271230">
    <ele>3238.2</ele>
    <time>2026-10-04T17:54:20Z</time>
   </trkpt>
   <trkpt lat="41.3304370" lon="-106.3271110">
    <ele>3238.0</ele>
    <time>2026-10-04T17:54:21Z</time>
   </trkpt>
   <trkpt lat="41.3304640" lon="-106.3271120">
    <ele>3237.6</ele>
    <time>2026-10-04T17:54:22Z</time>
   </trkpt>
   <trkpt lat="41.3304890" lon="-106.3271200">
    <ele>3237.3</ele>
    <time>2026-10-04T17:54:23Z</time>
   </trkpt>
   <trkpt lat="41.3305090" lon="-106.3271180">
    <ele>3237.0</ele>
    <time>2026-10-04T17:54:24Z</time>
   </trkpt>
   <trkpt lat="41.3305330" lon="-106.3271120">
    <ele>3236.6</ele>
    <time>2026-10-04T17:54:25Z</time>
   </trkpt>
   <trkpt lat="41.3305530" lon="-106.3271120">
    <ele>3236.3</ele>
    <time>2026-10-04T17:54:26Z</time>
   </trkpt>
   <trkpt lat="41.3305740" lon="-106.3271050">
    <ele>3236.0</ele>
    <time>2026-10-04T17:54:27Z</time>
   </trkpt>
   <trkpt lat="41.3305960" lon="-106.3270980">
    <ele>3235.7</ele>
    <time>2026-10-04T17:54:28Z</time>
   </trkpt>
   <trkpt lat="41.3306150" lon="-106.3270880">
    <ele>3235.4</ele>
    <time>2026-10-04T17:54:29Z</time>
   </trkpt>
   <trkpt lat="41.3306320" lon="-106.3271010">
    <ele>3235.1</ele>
    <time>2026-10-04T17:54:30Z</time>
   </trkpt>
   <trkpt lat="41.3306450" lon="-106.3271050">
    <ele>3234.9</ele>
    <time>2026-10-04T17:54:31Z</time>
   </trkpt>
   <trkpt lat="41.3306590" lon="-106.3271220">
    <ele>3234.6</ele>
    <time>2026-10-04T17:54:32Z</time>
   </trkpt>
   <trkpt lat="41.3306760" lon="-106.3271210">
    <ele>3234.4</ele>
    <time>2026-10-04T17:54:33Z</time>
   </trkpt>
   <trkpt lat="41.3307020" lon="-106.3271270">
    <ele>3234.1</ele>
    <time>2026-10-04T17:54:34Z</time>
   </trkpt>
   <trkpt lat="41.3307260" lon="-106.3271260">
    <ele>3233.8</ele>
    <time>2026-10-04T17:54:35Z</time>
   </trkpt>
   <trkpt lat="41.3307440" lon="-106.3271260">
    <ele>3233.6</ele>
    <time>2026-10-04T17:54:36Z</time>
   </trkpt>
   <trkpt lat="41.3307580" lon="-106.3271300">
    <ele>3233.4</ele>
    <time>2026-10-04T17:54:37Z</time>
   </trkpt>
   <trkpt lat="41.3307830" lon="-106.3271260">
    <ele>3233.2</ele>
    <time>2026-10-04T17:54:38Z</time>
   </trkpt>
   <trkpt lat="41.3308050" lon="-106.3271150">
    <ele>3233.0</ele>
    <time>2026-10-04T17:54:39Z</time>
   </trkpt>
   <trkpt lat="41.3308310" lon="-106.3271170">
    <ele>3232.7</ele>
    <time>2026-10-04T17:54:40Z</time>
   </trkpt>
   <trkpt lat="41.3308530" lon="-106.3271090">
    <ele>3232.5</ele>
    <time>2026-10-04T17:54:41Z</time>
   </trkpt>
   <trkpt lat="41.3308760" lon="-106.3270710">
    <ele>3232.2</ele>
    <time>2026-10-04T17:54:42Z</time>
   </trkpt>
   <trkpt lat="41.3309000" lon="-106.3270760">
    <ele>3232.0</ele>
    <time>2026-10-04T17:54:43Z</time>
   </trkpt>
   <trkpt lat="41.3309230" lon="-106.3270800">
    <ele>3231.8</ele>
    <time>2026-10-04T17:54:44Z</time>
   </trkpt>
   <trkpt lat="41.3309410" lon="-106.3270730">
    <ele>3231.6</ele>
    <time>2026-10-04T17:54:45Z</time>
   </trkpt>
   <trkpt lat="41.3309610" lon="-106.3270690">
    <ele>3231.3</ele>
    <time>2026-10-04T17:54:46Z</time>
   </trkpt>
   <trkpt lat="41.3309840" lon="-106.3270610">
    <ele>3231.1</ele>
    <time>2026-10-04T17:54:47Z</time>
   </trkpt>
   <trkpt lat="41.3310040" lon="-106.3270510">
    <ele>3230.8</ele>
    <time>2026-10-04T17:54:48Z</time>
   </trkpt>
   <trkpt lat="41.3310200" lon="-106.3270540">
    <ele>3230.6</ele>
    <time>2026-10-04T17:54:49Z</time>
   </trkpt>
   <trkpt lat="41.3310370" lon="-106.3270490">
    <ele>3230.4</ele>
    <time>2026-10-04T17:54:50Z</time>
   </trkpt>
   <trkpt lat="41.3310590" lon="-106.3270410">
    <ele>3230.1</ele>
    <time>2026-10-04T17:54:51Z</time>
   </trkpt>
   <trkpt lat="41.3310760" lon="-106.3270230">
    <ele>3229.7</ele>
    <time>2026-10-04T17:54:52Z</time>
   </trkpt>
   <trkpt lat="41.3310900" lon="-106.3270080">
    <ele>3229.4</ele>
    <time>2026-10-04T17:54:53Z</time>
   </trkpt>
   <trkpt lat="41.3311150" lon="-106.3270070">
    <ele>3228.9</ele>
    <time>2026-10-04T17:54:54Z</time>
   </trkpt>
   <trkpt lat="41.3311300" lon="-106.3270030">
    <ele>3228.7</ele>
    <time>2026-10-04T17:54:55Z</time>
   </trkpt>
   <trkpt lat="41.3311530" lon="-106.3269780">
    <ele>3228.1</ele>
    <time>2026-10-04T17:54:56Z</time>
   </trkpt>
   <trkpt lat="41.3311740" lon="-106.3269730">
    <ele>3227.7</ele>
    <time>2026-10-04T17:54:57Z</time>
   </trkpt>
   <trkpt lat="41.3311910" lon="-106.3269690">
    <ele>3227.4</ele>
    <time>2026-10-04T17:54:58Z</time>
   </trkpt>
   <trkpt lat="41.3312140" lon="-106.3269600">
    <ele>3226.9</ele>
    <time>2026-10-04T17:55:00Z</time>
   </trkpt>
   <trkpt lat="41.3312340" lon="-106.3269560">
    <ele>3226.5</ele>
    <time>2026-10-04T17:55:01Z</time>
   </trkpt>
   <trkpt lat="41.3312480" lon="-106.3269480">
    <ele>3226.2</ele>
    <time>2026-10-04T17:55:02Z</time>
   </trkpt>
   <trkpt lat="41.3312570" lon="-106.3269330">
    <ele>3225.9</ele>
    <time>2026-10-04T17:55:03Z</time>
   </trkpt>
   <trkpt lat="41.3312720" lon="-106.3269230">
    <ele>3225.5</ele>
    <time>2026-10-04T17:55:04Z</time>
   </trkpt>
   <trkpt lat="41.3312920" lon="-106.3269210">
    <ele>3225.1</ele>
    <time>2026-10-04T17:55:05Z</time>
   </trkpt>
   <trkpt lat="41.3313020" lon="-106.3269100">
    <ele>3224.9</ele>
    <time>2026-10-04T17:55:06Z</time>
   </trkpt>
   <trkpt lat="41.3313150" lon="-106.3268980">
    <ele>3224.5</ele>
    <time>2026-10-04T17:55:07Z</time>
   </trkpt>
   <trkpt lat="41.3313270" lon="-106.3268870">
    <ele>3224.2</ele>
    <time>2026-10-04T17:55:08Z</time>
   </trkpt>
   <trkpt lat="41.3313330" lon="-106.3268730">
    <ele>3224.0</ele>
    <time>2026-10-04T17:55:09Z</time>
   </trkpt>
   <trkpt lat="41.3313460" lon="-106.3268590">
    <ele>3223.7</ele>
    <time>2026-10-04T17:55:10Z</time>
   </trkpt>
   <trkpt lat="41.3313760" lon="-106.3268500">
    <ele>3223.1</ele>
    <time>2026-10-04T17:55:11Z</time>
   </trkpt>
   <trkpt lat="41.3313880" lon="-106.3268460">
    <ele>3222.9</ele>
    <time>2026-10-04T17:55:12Z</time>
   </trkpt>
   <trkpt lat="41.3314010" lon="-106.3268350">
    <ele>3222.6</ele>
    <time>2026-10-04T17:55:13Z</time>
   </trkpt>
   <trkpt lat="41.3314160" lon="-106.3268310">
    <ele>3222.3</ele>
    <time>2026-10-04T17:55:14Z</time>
   </trkpt>
   <trkpt lat="41.3314320" lon="-106.3268310">
    <ele>3222.1</ele>
    <time>2026-10-04T17:55:15Z</time>
   </trkpt>
   <trkpt lat="41.3314490" lon="-106.3268330">
    <ele>3221.8</ele>
    <time>2026-10-04T17:55:16Z</time>
   </trkpt>
   <trkpt lat="41.3314720" lon="-106.3268350">
    <ele>3221.4</ele>
    <time>2026-10-04T17:55:17Z</time>
   </trkpt>
   <trkpt lat="41.3314890" lon="-106.3268310">
    <ele>3221.2</ele>
    <time>2026-10-04T17:55:18Z</time>
   </trkpt>
   <trkpt lat="41.3315060" lon="-106.3268120">
    <ele>3220.8</ele>
    <time>2026-10-04T17:55:19Z</time>
   </trkpt>
   <trkpt lat="41.3315250" lon="-106.3268130">
    <ele>3220.6</ele>
    <time>2026-10-04T17:55:20Z</time>
   </trkpt>
   <trkpt lat="41.3315430" lon="-106.3268130">
    <ele>3220.3</ele>
    <time>2026-10-04T17:55:21Z</time>
   </trkpt>
   <trkpt lat="41.3315690" lon="-106.3268380">
    <ele>3219.8</ele>
    <time>2026-10-04T17:55:22Z</time>
   </trkpt>
   <trkpt lat="41.3315880" lon="-106.3268380">
    <ele>3219.5</ele>
    <time>2026-10-04T17:55:23Z</time>
   </trkpt>
   <trkpt lat="41.3316060" lon="-106.3268560">
    <ele>3219.2</ele>
    <time>2026-10-04T17:55:24Z</time>
   </trkpt>
   <trkpt lat="41.3316210" lon="-106.3268450">
    <ele>3218.9</ele>
    <time>2026-10-04T17:55:25Z</time>
   </trkpt>
   <trkpt lat="41.3316330" lon="-106.3268330">
    <ele>3218.7</ele>
    <time>2026-10-04T17:55:26Z</time>
   </trkpt>
   <trkpt lat="41.3316510" lon="-106.3268360">
    <ele>3218.4</ele>
    <time>2026-10-04T17:55:27Z</time>
   </trkpt>
   <trkpt lat="41.3316690" lon="-106.3268300">
    <ele>3218.2</ele>
    <time>2026-10-04T17:55:28Z</time>
   </trkpt>
   <trkpt lat="41.3316860" lon="-106.3268220">
    <ele>3217.9</ele>
    <time>2026-10-04T17:55:29Z</time>
   </trkpt>
   <trkpt lat="41.3317060" lon="-106.3268110">
    <ele>3217.6</ele>
    <time>2026-10-04T17:55:30Z</time>
   </trkpt>
   <trkpt lat="41.3317310" lon="-106.3268230">
    <ele>3217.2</ele>
    <time>2026-10-04T17:55:31Z</time>
   </trkpt>
   <trkpt lat="41.3317530" lon="-106.3268270">
    <ele>3216.9</ele>
    <time>2026-10-04T17:55:32Z</time>
   </trkpt>
   <trkpt lat="41.3317700" lon="-106.3268260">
    <ele>3216.7</ele>
    <time>2026-10-04T17:55:33Z</time>
   </trkpt>
   <trkpt lat="41.3317960" lon="-106.3268270">
    <ele>3216.3</ele>
    <time>2026-10-04T17:55:34Z</time>
   </trkpt>
   <trkpt lat="41.3318470" lon="-106.3268140">
    <ele>3215.7</ele>
    <time>2026-10-04T17:55:35Z</time>
   </trkpt>
   <trkpt lat="41.3318750" lon="-106.3268210">
    <ele>3215.3</ele>
    <time>2026-10-04T17:55:36Z</time>
   </trkpt>
   <trkpt lat="41.3319010" lon="-106.3268130">
    <ele>3215.0</ele>
    <time>2026-10-04T17:55:37Z</time>
   </trkpt>
   <trkpt lat="41.3319290" lon="-106.3268060">
    <ele>3214.7</ele>
    <time>2026-10-04T17:55:38Z</time>
   </trkpt>
   <trkpt lat="41.3319520" lon="-106.3267900">
    <ele>3214.4</ele>
    <time>2026-10-04T17:55:39Z</time>
   </trkpt>
   <trkpt lat="41.3319770" lon="-106.3267830">
    <ele>3214.1</ele>
    <time>2026-10-04T17:55:40Z</time>
   </trkpt>
   <trkpt lat="41.3320000" lon="-106.3267850">
    <ele>3213.8</ele>
    <time>2026-10-04T17:55:41Z</time>
   </trkpt>
   <trkpt lat="41.3320180" lon="-106.3267760">
    <ele>3213.6</ele>
    <time>2026-10-04T17:55:42Z</time>
   </trkpt>
   <trkpt lat="41.3320440" lon="-106.3267640">
    <ele>3213.2</ele>
    <time>2026-10-04T17:55:43Z</time>
   </trkpt>
   <trkpt lat="41.3320610" lon="-106.3267390">
    <ele>3212.9</ele>
    <time>2026-10-04T17:55:44Z</time>
   </trkpt>
   <trkpt lat="41.3320700" lon="-106.3267120">
    <ele>3212.7</ele>
    <time>2026-10-04T17:55:45Z</time>
   </trkpt>
   <trkpt lat="41.3320630" lon="-106.3266740">
    <ele>3212.3</ele>
    <time>2026-10-04T17:55:46Z</time>
   </trkpt>
   <trkpt lat="41.3320460" lon="-106.3266410">
    <ele>3212.0</ele>
    <time>2026-10-04T17:55:47Z</time>
   </trkpt>
   <trkpt lat="41.3320300" lon="-106.3266150">
    <ele>3211.8</ele>
    <time>2026-10-04T17:55:48Z</time>
   </trkpt>
   <trkpt lat="41.3320200" lon="-106.3265850">
    <ele>3211.5</ele>
    <time>2026-10-04T17:55:49Z</time>
   </trkpt>
   <trkpt lat="41.3320020" lon="-106.3265610">
    <ele>3211.3</ele>
    <time>2026-10-04T17:55:50Z</time>
   </trkpt>
   <trkpt lat="41.3320010" lon="-106.3265200">
    <ele>3211.0</ele>
    <time>2026-10-04T17:55:51Z</time>
   </trkpt>
   <trkpt lat="41.3320070" lon="-106.3264810">
    <ele>3210.8</ele>
    <time>2026-10-04T17:55:52Z</time>
   </trkpt>
   <trkpt lat="41.3320110" lon="-106.3264410">
    <ele>3210.6</ele>
    <time>2026-10-04T17:55:53Z</time>
   </trkpt>
   <trkpt lat="41.3320240" lon="-106.3264050">
    <ele>3210.4</ele>
    <time>2026-10-04T17:55:54Z</time>
   </trkpt>
   <trkpt lat="41.3320210" lon="-106.3263700">
    <ele>3210.1</ele>
    <time>2026-10-04T17:55:55Z</time>
   </trkpt>
   <trkpt lat="41.3320360" lon="-106.3263360">
    <ele>3209.9</ele>
    <time>2026-10-04T17:55:56Z</time>
   </trkpt>
   <trkpt lat="41.3320520" lon="-106.3262960">
    <ele>3209.6</ele>
    <time>2026-10-04T17:55:57Z</time>
   </trkpt>
   <trkpt lat="41.3320460" lon="-106.3262600">
    <ele>3209.3</ele>
    <time>2026-10-04T17:55:58Z</time>
   </trkpt>
   <trkpt lat="41.3320530" lon="-106.3262340">
    <ele>3209.1</ele>
    <time>2026-10-04T17:55:59Z</time>
   </trkpt>
   <trkpt lat="41.3320570" lon="-106.3262030">
    <ele>3208.9</ele>
    <time>2026-10-04T17:56:00Z</time>
   </trkpt>
   <trkpt lat="41.3320690" lon="-106.3261680">
    <ele>3208.6</ele>
    <time>2026-10-04T17:56:01Z</time>
   </trkpt>
   <trkpt lat="41.3320850" lon="-106.3261360">
    <ele>3208.3</ele>
    <time>2026-10-04T17:56:02Z</time>
   </trkpt>
   <trkpt lat="41.3321120" lon="-106.3261070">
    <ele>3208.2</ele>
    <time>2026-10-04T17:56:03Z</time>
   </trkpt>
   <trkpt lat="41.3321360" lon="-106.3260840">
    <ele>3208.4</ele>
    <time>2026-10-04T17:56:04Z</time>
   </trkpt>
   <trkpt lat="41.3321540" lon="-106.3260720">
    <ele>3208.4</ele>
    <time>2026-10-04T17:56:05Z</time>
   </trkpt>
   <trkpt lat="41.3321820" lon="-106.3260640">
    <ele>3208.2</ele>
    <time>2026-10-04T17:56:06Z</time>
   </trkpt>
   <trkpt lat="41.3322130" lon="-106.3260690">
    <ele>3208.4</ele>
    <time>2026-10-04T17:56:07Z</time>
   </trkpt>
   <trkpt lat="41.3322360" lon="-106.3260660">
    <ele>3208.6</ele>
    <time>2026-10-04T17:56:08Z</time>
   </trkpt>
   <trkpt lat="41.3322650" lon="-106.3260650">
    <ele>3208.7</ele>
    <time>2026-10-04T17:56:09Z</time>
   </trkpt>
   <trkpt lat="41.3322880" lon="-106.3260730">
    <ele>3209.2</ele>
    <time>2026-10-04T17:56:10Z</time>
   </trkpt>
   <trkpt lat="41.3323110" lon="-106.3260680">
    <ele>3208.8</ele>
    <time>2026-10-04T17:56:11Z</time>
   </trkpt>
   <trkpt lat="41.3323390" lon="-106.3260620">
    <ele>3208.7</ele>
    <time>2026-10-04T17:56:12Z</time>
   </trkpt>
   <trkpt lat="41.3323620" lon="-106.3260650">
    <ele>3208.6</ele>
    <time>2026-10-04T17:56:13Z</time>
   </trkpt>
   <trkpt lat="41.3323870" lon="-106.3260890">
    <ele>3208.6</ele>
    <time>2026-10-04T17:56:14Z</time>
   </trkpt>
   <trkpt lat="41.3324010" lon="-106.3261210">
    <ele>3208.8</ele>
    <time>2026-10-04T17:56:15Z</time>
   </trkpt>
   <trkpt lat="41.3324210" lon="-106.3261350">
    <ele>3208.4</ele>
    <time>2026-10-04T17:56:16Z</time>
   </trkpt>
   <trkpt lat="41.3324460" lon="-106.3261560">
    <ele>3208.5</ele>
    <time>2026-10-04T17:56:17Z</time>
   </trkpt>
   <trkpt lat="41.3324650" lon="-106.3261720">
    <ele>3208.1</ele>
    <time>2026-10-04T17:56:18Z</time>
   </trkpt>
   <trkpt lat="41.3324770" lon="-106.3261930">
    <ele>3208.1</ele>
    <time>2026-10-04T17:56:19Z</time>
   </trkpt>
   <trkpt lat="41.3324890" lon="-106.3261920">
    <ele>3207.8</ele>
    <time>2026-10-04T17:56:20Z</time>
   </trkpt>
   <trkpt lat="41.3325070" lon="-106.3261760">
    <ele>3207.8</ele>
    <time>2026-10-04T17:56:21Z</time>
   </trkpt>
   <trkpt lat="41.3325270" lon="-106.3261440">
    <ele>3207.4</ele>
    <time>2026-10-04T17:56:22Z</time>
   </trkpt>
   <trkpt lat="41.3325390" lon="-106.3261220">
    <ele>3207.4</ele>
    <time>2026-10-04T17:56:23Z</time>
   </trkpt>
   <trkpt lat="41.3325600" lon="-106.3260980">
    <ele>3206.9</ele>
    <time>2026-10-04T17:56:24Z</time>
   </trkpt>
   <trkpt lat="41.3325770" lon="-106.3260760">
    <ele>3206.9</ele>
    <time>2026-10-04T17:56:25Z</time>
   </trkpt>
   <trkpt lat="41.3325940" lon="-106.3260590">
    <ele>3206.3</ele>
    <time>2026-10-04T17:56:26Z</time>
   </trkpt>
   <trkpt lat="41.3326110" lon="-106.3260390">
    <ele>3206.3</ele>
    <time>2026-10-04T17:56:27Z</time>
   </trkpt>
   <trkpt lat="41.3326240" lon="-106.3260160">
    <ele>3205.8</ele>
    <time>2026-10-04T17:56:28Z</time>
   </trkpt>
   <trkpt lat="41.3326380" lon="-106.3260000">
    <ele>3205.8</ele>
    <time>2026-10-04T17:56:29Z</time>
   </trkpt>
   <trkpt lat="41.3326390" lon="-106.3259730">
    <ele>3205.5</ele>
    <time>2026-10-04T17:56:30Z</time>
   </trkpt>
   <trkpt lat="41.3326500" lon="-106.3259730">
    <ele>3205.2</ele>
    <time>2026-10-04T17:56:31Z</time>
   </trkpt>
   <trkpt lat="41.3326540" lon="-106.3259540">
    <ele>3205.2</ele>
    <time>2026-10-04T17:56:32Z</time>
   </trkpt>
   <trkpt lat="41.3326710" lon="-106.3259530">
    <ele>3205.2</ele>
    <time>2026-10-04T17:56:33Z</time>
   </trkpt>
   <trkpt lat="41.3326760" lon="-106.3259420">
    <ele>3204.9</ele>
    <time>2026-10-04T17:56:34Z</time>
   </trkpt>
   <trkpt lat="41.3326860" lon="-106.3259400">
    <ele>3204.7</ele>
    <time>2026-10-04T17:56:35Z</time>
   </trkpt>
   <trkpt lat="41.3326850" lon="-106.3259380">
    <ele>3204.7</ele>
    <time>2026-10-04T17:56:36Z</time>
   </trkpt>
   <trkpt lat="41.3326840" lon="-106.3259340">
    <ele>3204.7</ele>
    <time>2026-10-04T17:56:37Z</time>
   </trkpt>
   <trkpt lat="41.3326940" lon="-106.3259100">
    <ele>3204.6</ele>
    <time>2026-10-04T17:56:38Z</time>
   </trkpt>
   <trkpt lat="41.3327060" lon="-106.3258760">
    <ele>3204.4</ele>
    <time>2026-10-04T17:56:39Z</time>
   </trkpt>
   <trkpt lat="41.3327010" lon="-106.3258400">
    <ele>3204.1</ele>
    <time>2026-10-04T17:56:40Z</time>
   </trkpt>
   <trkpt lat="41.3326880" lon="-106.3258110">
    <ele>3203.8</ele>
    <time>2026-10-04T17:56:41Z</time>
   </trkpt>
   <trkpt lat="41.3326940" lon="-106.3257900">
    <ele>3203.8</ele>
    <time>2026-10-04T17:56:42Z</time>
   </trkpt>
   <trkpt lat="41.3327060" lon="-106.3257640">
    <ele>3203.5</ele>
    <time>2026-10-04T17:56:43Z</time>
   </trkpt>
   <trkpt lat="41.3327110" lon="-106.3257330">
    <ele>3203.3</ele>
    <time>2026-10-04T17:56:44Z</time>
   </trkpt>
   <trkpt lat="41.3327270" lon="-106.3257720">
    <ele>3203.6</ele>
    <time>2026-10-04T17:56:45Z</time>
   </trkpt>
   <trkpt lat="41.3326070" lon="-106.3257320">
    <ele>3203.9</ele>
    <time>2026-10-04T17:57:35Z</time>
   </trkpt>
   <trkpt lat="41.3326050" lon="-106.3257310">
    <ele>3203.9</ele>
    <time>2026-10-04T17:57:36Z</time>
   </trkpt>
   <trkpt lat="41.3326040" lon="-106.3257330">
    <ele>3203.9</ele>
    <time>2026-10-04T17:57:37Z</time>
   </trkpt>
   <trkpt lat="41.3325940" lon="-106.3257140">
    <ele>3203.6</ele>
    <time>2026-10-04T17:57:38Z</time>
   </trkpt>
   <trkpt lat="41.3325930" lon="-106.3256940">
    <ele>3203.6</ele>
    <time>2026-10-04T17:57:39Z</time>
   </trkpt>
   <trkpt lat="41.3326420" lon="-106.3256380">
    <ele>3202.7</ele>
    <time>2026-10-04T17:57:41Z</time>
   </trkpt>
   <trkpt lat="41.3326650" lon="-106.3256300">
    <ele>3202.6</ele>
    <time>2026-10-04T17:57:42Z</time>
   </trkpt>
   <trkpt lat="41.3326830" lon="-106.3256300">
    <ele>3202.5</ele>
    <time>2026-10-04T17:57:43Z</time>
   </trkpt>
   <trkpt lat="41.3327010" lon="-106.3256230">
    <ele>3202.5</ele>
    <time>2026-10-04T17:57:44Z</time>
   </trkpt>
   <trkpt lat="41.3327160" lon="-106.3256110">
    <ele>3202.5</ele>
    <time>2026-10-04T17:57:45Z</time>
   </trkpt>
   <trkpt lat="41.3327290" lon="-106.3255970">
    <ele>3202.3</ele>
    <time>2026-10-04T17:57:46Z</time>
   </trkpt>
   <trkpt lat="41.3327360" lon="-106.3255830">
    <ele>3202.3</ele>
    <time>2026-10-04T17:57:47Z</time>
   </trkpt>
   <trkpt lat="41.3327510" lon="-106.3255780">
    <ele>3202.3</ele>
    <time>2026-10-04T17:57:48Z</time>
   </trkpt>
   <trkpt lat="41.3327580" lon="-106.3255850">
    <ele>3202.3</ele>
    <time>2026-10-04T17:57:49Z</time>
   </trkpt>
   <trkpt lat="41.3327770" lon="-106.3255880">
    <ele>3202.3</ele>
    <time>2026-10-04T17:57:50Z</time>
   </trkpt>
   <trkpt lat="41.3327870" lon="-106.3255970">
    <ele>3202.3</ele>
    <time>2026-10-04T17:57:51Z</time>
   </trkpt>
   <trkpt lat="41.3327940" lon="-106.3256080">
    <ele>3202.4</ele>
    <time>2026-10-04T17:57:52Z</time>
   </trkpt>
   <trkpt lat="41.3327980" lon="-106.3256250">
    <ele>3202.4</ele>
    <time>2026-10-04T17:57:53Z</time>
   </trkpt>
   <trkpt lat="41.3328020" lon="-106.3256400">
    <ele>3202.4</ele>
    <time>2026-10-04T17:57:54Z</time>
   </trkpt>
   <trkpt lat="41.3328080" lon="-106.3256480">
    <ele>3202.6</ele>
    <time>2026-10-04T17:57:55Z</time>
   </trkpt>
   <trkpt lat="41.3328140" lon="-106.3256490">
    <ele>3202.6</ele>
    <time>2026-10-04T17:57:56Z</time>
   </trkpt>
   <trkpt lat="41.3328230" lon="-106.3256620">
    <ele>3202.6</ele>
    <time>2026-10-04T17:57:57Z</time>
   </trkpt>
   <trkpt lat="41.3328330" lon="-106.3256800">
    <ele>3202.6</ele>
    <time>2026-10-04T17:57:58Z</time>
   </trkpt>
   <trkpt lat="41.3328400" lon="-106.3256950">
    <ele>3202.7</ele>
    <time>2026-10-04T17:57:59Z</time>
   </trkpt>
   <trkpt lat="41.3328490" lon="-106.3257040">
    <ele>3202.7</ele>
    <time>2026-10-04T17:58:00Z</time>
   </trkpt>
   <trkpt lat="41.3328600" lon="-106.3257070">
    <ele>3202.7</ele>
    <time>2026-10-04T17:58:01Z</time>
   </trkpt>
   <trkpt lat="41.3329190" lon="-106.3259510">
    <ele>3203.2</ele>
    <time>2026-10-04T18:01:10Z</time>
   </trkpt>
   <trkpt lat="41.3329410" lon="-106.3259670">
    <ele>3203.0</ele>
    <time>2026-10-04T18:01:11Z</time>
   </trkpt>
   <trkpt lat="41.3329350" lon="-106.3259430">
    <ele>3203.0</ele>
    <time>2026-10-04T18:01:12Z</time>
   </trkpt>
   <trkpt lat="41.3329310" lon="-106.3259140">
    <ele>3203.1</ele>
    <time>2026-10-04T18:01:13Z</time>
   </trkpt>
   <trkpt lat="41.3329080" lon="-106.3258920">
    <ele>3203.0</ele>
    <time>2026-10-04T18:01:14Z</time>
   </trkpt>
   <trkpt lat="41.3328960" lon="-106.3258540">
    <ele>3203.0</ele>
    <time>2026-10-04T18:01:15Z</time>
   </trkpt>
   <trkpt lat="41.3329050" lon="-106.3258130">
    <ele>3202.9</ele>
    <time>2026-10-04T18:01:16Z</time>
   </trkpt>
   <trkpt lat="41.3328820" lon="-106.3257730">
    <ele>3202.9</ele>
    <time>2026-10-04T18:01:17Z</time>
   </trkpt>
   <trkpt lat="41.3328700" lon="-106.3257590">
    <ele>3202.7</ele>
    <time>2026-10-04T18:01:18Z</time>
   </trkpt>
   <trkpt lat="41.3328660" lon="-106.3257310">
    <ele>3202.8</ele>
    <time>2026-10-04T18:01:19Z</time>
   </trkpt>
   <trkpt lat="41.3328580" lon="-106.3257050">
    <ele>3202.6</ele>
    <time>2026-10-04T18:01:20Z</time>
   </trkpt>
   <trkpt lat="41.3328520" lon="-106.3256830">
    <ele>3202.4</ele>
    <time>2026-10-04T18:01:21Z</time>
   </trkpt>
   <trkpt lat="41.3328470" lon="-106.3256490">
    <ele>3202.4</ele>
    <time>2026-10-04T18:01:22Z</time>
   </trkpt>
   <trkpt lat="41.3328310" lon="-106.3256300">
    <ele>3202.3</ele>
    <time>2026-10-04T18:01:23Z</time>
   </trkpt>
   <trkpt lat="41.3328240" lon="-106.3256120">
    <ele>3202.3</ele>
    <time>2026-10-04T18:01:24Z</time>
   </trkpt>
   <trkpt lat="41.3328190" lon="-106.3255960">
    <ele>3202.2</ele>
    <time>2026-10-04T18:01:25Z</time>
   </trkpt>
   <trkpt lat="41.3328260" lon="-106.3255690">
    <ele>3202.2</ele>
    <time>2026-10-04T18:01:26Z</time>
   </trkpt>
   <trkpt lat="41.3328350" lon="-106.3255450">
    <ele>3202.0</ele>
    <time>2026-10-04T18:01:27Z</time>
   </trkpt>
   <trkpt lat="41.3328510" lon="-106.3255070">
    <ele>3202.0</ele>
    <time>2026-10-04T18:01:28Z</time>
   </trkpt>
   <trkpt lat="41.3328560" lon="-106.3254850">
    <ele>3202.0</ele>
    <time>2026-10-04T18:01:29Z</time>
   </trkpt>
   <trkpt lat="41.3328620" lon="-106.3254420">
    <ele>3201.9</ele>
    <time>2026-10-04T18:01:30Z</time>
   </trkpt>
   <trkpt lat="41.3328660" lon="-106.3254220">
    <ele>3201.8</ele>
    <time>2026-10-04T18:01:31Z</time>
   </trkpt>
   <trkpt lat="41.3328750" lon="-106.3253900">
    <ele>3201.9</ele>
    <time>2026-10-04T18:01:32Z</time>
   </trkpt>
   <trkpt lat="41.3328810" lon="-106.3253600">
    <ele>3201.8</ele>
    <time>2026-10-04T18:01:33Z</time>
   </trkpt>
   <trkpt lat="41.3328800" lon="-106.3253320">
    <ele>3201.7</ele>
    <time>2026-10-04T18:01:34Z</time>
   </trkpt>
   <trkpt lat="41.3328810" lon="-106.3253070">
    <ele>3201.7</ele>
    <time>2026-10-04T18:01:35Z</time>
   </trkpt>
   <trkpt lat="41.3328810" lon="-106.3252780">
    <ele>3201.6</ele>
    <time>2026-10-04T18:01:36Z</time>
   </trkpt>
   <trkpt lat="41.3328710" lon="-106.3252680">
    <ele>3201.5</ele>
    <time>2026-10-04T18:01:37Z</time>
   </trkpt>
   <trkpt lat="41.3328780" lon="-106.3252220">
    <ele>3201.4</ele>
    <time>2026-10-04T18:01:38Z</time>
   </trkpt>
   <trkpt lat="41.3328860" lon="-106.3252080">
    <ele>3201.2</ele>
    <time>2026-10-04T18:01:39Z</time>
   </trkpt>
   <trkpt lat="41.3328850" lon="-106.3251870">
    <ele>3201.2</ele>
    <time>2026-10-04T18:01:40Z</time>
   </trkpt>
   <trkpt lat="41.3328590" lon="-106.3251970">
    <ele>3201.1</ele>
    <time>2026-10-04T18:01:41Z</time>
   </trkpt>
   <trkpt lat="41.3328420" lon="-106.3251930">
    <ele>3201.1</ele>
    <time>2026-10-04T18:01:42Z</time>
   </trkpt>
   <trkpt lat="41.3328220" lon="-106.3251670">
    <ele>3200.7</ele>
    <time>2026-10-04T18:01:43Z</time>
   </trkpt>
   <trkpt lat="41.3327930" lon="-106.3251460">
    <ele>3200.5</ele>
    <time>2026-10-04T18:01:44Z</time>
   </trkpt>
   <trkpt lat="41.3328080" lon="-106.3250970">
    <ele>3200.4</ele>
    <time>2026-10-04T18:01:45Z</time>
   </trkpt>
   <trkpt lat="41.3328000" lon="-106.3250750">
    <ele>3200.0</ele>
    <time>2026-10-04T18:01:46Z</time>
   </trkpt>
   <trkpt lat="41.3328180" lon="-106.3250490">
    <ele>3200.2</ele>
    <time>2026-10-04T18:01:47Z</time>
   </trkpt>
   <trkpt lat="41.3327840" lon="-106.3250370">
    <ele>3200.1</ele>
    <time>2026-10-04T18:01:48Z</time>
   </trkpt>
   <trkpt lat="41.3327550" lon="-106.3250260">
    <ele>3200.0</ele>
    <time>2026-10-04T18:01:49Z</time>
   </trkpt>
   <trkpt lat="41.3327170" lon="-106.3250300">
    <ele>3199.9</ele>
    <time>2026-10-04T18:01:50Z</time>
   </trkpt>
   <trkpt lat="41.3326780" lon="-106.3250580">
    <ele>3199.7</ele>
    <time>2026-10-04T18:01:51Z</time>
   </trkpt>
   <trkpt lat="41.3326540" lon="-106.3250780">
    <ele>3199.6</ele>
    <time>2026-10-04T18:01:52Z</time>
   </trkpt>
   <trkpt lat="41.3326380" lon="-106.3250900">
    <ele>3199.6</ele>
    <time>2026-10-04T18:01:53Z</time>
   </trkpt>
   <trkpt lat="41.3326110" lon="-106.3250850">
    <ele>3199.4</ele>
    <time>2026-10-04T18:01:54Z</time>
   </trkpt>
   <trkpt lat="41.3325850" lon="-106.3250850">
    <ele>3199.3</ele>
    <time>2026-10-04T18:01:55Z</time>
   </trkpt>
   <trkpt lat="41.3325610" lon="-106.3250770">
    <ele>3199.2</ele>
    <time>2026-10-04T18:01:56Z</time>
   </trkpt>
   <trkpt lat="41.3325490" lon="-106.3250630">
    <ele>3199.1</ele>
    <time>2026-10-04T18:01:57Z</time>
   </trkpt>
   <trkpt lat="41.3326940" lon="-106.3247630">
    <ele>3199.6</ele>
    <time>2026-10-04T18:05:16Z</time>
   </trkpt>
   <trkpt lat="41.3326860" lon="-106.3248260">
    <ele>3199.7</ele>
    <time>2026-10-04T18:05:18Z</time>
   </trkpt>
   <trkpt lat="41.3326920" lon="-106.3247920">
    <ele>3199.7</ele>
    <time>2026-10-04T18:05:19Z</time>
   </trkpt>
   <trkpt lat="41.3327000" lon="-106.3247590">
    <ele>3199.8</ele>
    <time>2026-10-04T18:05:20Z</time>
   </trkpt>
   <trkpt lat="41.3327220" lon="-106.3247330">
    <ele>3199.8</ele>
    <time>2026-10-04T18:05:21Z</time>
   </trkpt>
   <trkpt lat="41.3327360" lon="-106.3247120">
    <ele>3199.8</ele>
    <time>2026-10-04T18:05:22Z</time>
   </trkpt>
   <trkpt lat="41.3327500" lon="-106.3246880">
    <ele>3199.9</ele>
    <time>2026-10-04T18:05:23Z</time>
   </trkpt>
   <trkpt lat="41.3327650" lon="-106.3246660">
    <ele>3199.9</ele>
    <time>2026-10-04T18:05:24Z</time>
   </trkpt>
   <trkpt lat="41.3327850" lon="-106.3246430">
    <ele>3199.9</ele>
    <time>2026-10-04T18:05:25Z</time>
   </trkpt>
   <trkpt lat="41.3328050" lon="-106.3246220">
    <ele>3200.0</ele>
    <time>2026-10-04T18:05:26Z</time>
   </trkpt>
   <trkpt lat="41.3328180" lon="-106.3245990">
    <ele>3200.0</ele>
    <time>2026-10-04T18:05:27Z</time>
   </trkpt>
   <trkpt lat="41.3328270" lon="-106.3245790">
    <ele>3200.0</ele>
    <time>2026-10-04T18:05:28Z</time>
   </trkpt>
   <trkpt lat="41.3328350" lon="-106.3245640">
    <ele>3200.0</ele>
    <time>2026-10-04T18:05:29Z</time>
   </trkpt>
   <trkpt lat="41.3328450" lon="-106.3245450">
    <ele>3200.1</ele>
    <time>2026-10-04T18:05:30Z</time>
   </trkpt>
   <trkpt lat="41.3328620" lon="-106.3245190">
    <ele>3200.1</ele>
    <time>2026-10-04T18:05:31Z</time>
   </trkpt>
   <trkpt lat="41.3328760" lon="-106.3244980">
    <ele>3200.1</ele>
    <time>2026-10-04T18:05:32Z</time>
   </trkpt>
   <trkpt lat="41.3328940" lon="-106.3244790">
    <ele>3200.1</ele>
    <time>2026-10-04T18:05:33Z</time>
   </trkpt>
   <trkpt lat="41.3329140" lon="-106.3244610">
    <ele>3200.2</ele>
    <time>2026-10-04T18:05:34Z</time>
   </trkpt>
   <trkpt lat="41.3329350" lon="-106.3244410">
    <ele>3200.2</ele>
    <time>2026-10-04T18:05:35Z</time>
   </trkpt>
   <trkpt lat="41.3329570" lon="-106.3244190">
    <ele>3200.2</ele>
    <time>2026-10-04T18:05:36Z</time>
   </trkpt>
   <trkpt lat="41.3329750" lon="-106.3243980">
    <ele>3200.3</ele>
    <time>2026-10-04T18:05:37Z</time>
   </trkpt>
   <trkpt lat="41.3329980" lon="-106.3243800">
    <ele>3200.3</ele>
    <time>2026-10-04T18:05:38Z</time>
   </trkpt>
   <trkpt lat="41.3330170" lon="-106.3243570">
    <ele>3200.4</ele>
    <time>2026-10-04T18:05:39Z</time>
   </trkpt>
   <trkpt lat="41.3330360" lon="-106.3243290">
    <ele>3200.4</ele>
    <time>2026-10-04T18:05:40Z</time>
   </trkpt>
   <trkpt lat="41.3330500" lon="-106.3243000">
    <ele>3200.5</ele>
    <time>2026-10-04T18:05:41Z</time>
   </trkpt>
   <trkpt lat="41.3330640" lon="-106.3242760">
    <ele>3200.5</ele>
    <time>2026-10-04T18:05:42Z</time>
   </trkpt>
   <trkpt lat="41.3330780" lon="-106.3242510">
    <ele>3200.6</ele>
    <time>2026-10-04T18:05:43Z</time>
   </trkpt>
   <trkpt lat="41.3330940" lon="-106.3242290">
    <ele>3200.6</ele>
    <time>2026-10-04T18:05:44Z</time>
   </trkpt>
   <trkpt lat="41.3331070" lon="-106.3242120">
    <ele>3200.7</ele>
    <time>2026-10-04T18:05:45Z</time>
   </trkpt>
   <trkpt lat="41.3331250" lon="-106.3241890">
    <ele>3200.7</ele>
    <time>2026-10-04T18:05:46Z</time>
   </trkpt>
   <trkpt lat="41.3331440" lon="-106.3241650">
    <ele>3200.8</ele>
    <time>2026-10-04T18:05:47Z</time>
   </trkpt>
   <trkpt lat="41.3331640" lon="-106.3241420">
    <ele>3200.8</ele>
    <time>2026-10-04T18:05:48Z</time>
   </trkpt>
   <trkpt lat="41.3331820" lon="-106.3241220">
    <ele>3200.8</ele>
    <time>2026-10-04T18:05:49Z</time>
   </trkpt>
   <trkpt lat="41.3332000" lon="-106.3241090">
    <ele>3200.9</ele>
    <time>2026-10-04T18:05:50Z</time>
   </trkpt>
   <trkpt lat="41.3332190" lon="-106.3240880">
    <ele>3200.9</ele>
    <time>2026-10-04T18:05:51Z</time>
   </trkpt>
   <trkpt lat="41.3332340" lon="-106.3240600">
    <ele>3201.0</ele>
    <time>2026-10-04T18:05:52Z</time>
   </trkpt>
   <trkpt lat="41.3332530" lon="-106.3240370">
    <ele>3201.1</ele>
    <time>2026-10-04T18:05:53Z</time>
   </trkpt>
   <trkpt lat="41.3332830" lon="-106.3240280">
    <ele>3201.2</ele>
    <time>2026-10-04T18:05:54Z</time>
   </trkpt>
   <trkpt lat="41.3333080" lon="-106.3240120">
    <ele>3201.2</ele>
    <time>2026-10-04T18:05:55Z</time>
   </trkpt>
   <trkpt lat="41.3333280" lon="-106.3240010">
    <ele>3201.3</ele>
    <time>2026-10-04T18:05:56Z</time>
   </trkpt>
   <trkpt lat="41.3333420" lon="-106.3239780">
    <ele>3201.3</ele>
    <time>2026-10-04T18:05:57Z</time>
   </trkpt>
   <trkpt lat="41.3333610" lon="-106.3239590">
    <ele>3201.4</ele>
    <time>2026-10-04T18:05:58Z</time>
   </trkpt>
   <trkpt lat="41.3333730" lon="-106.3239410">
    <ele>3201.5</ele>
    <time>2026-10-04T18:05:59Z</time>
   </trkpt>
   <trkpt lat="41.3333940" lon="-106.3239180">
    <ele>3201.5</ele>
    <time>2026-10-04T18:06:00Z</time>
   </trkpt>
   <trkpt lat="41.3334200" lon="-106.3239100">
    <ele>3201.6</ele>
    <time>2026-10-04T18:06:01Z</time>
   </trkpt>
   <trkpt lat="41.3334360" lon="-106.3238860">
    <ele>3201.7</ele>
    <time>2026-10-04T18:06:02Z</time>
   </trkpt>
   <trkpt lat="41.3334560" lon="-106.3238790">
    <ele>3201.8</ele>
    <time>2026-10-04T18:06:03Z</time>
   </trkpt>
   <trkpt lat="41.3334770" lon="-106.3238530">
    <ele>3201.9</ele>
    <time>2026-10-04T18:06:04Z</time>
   </trkpt>
   <trkpt lat="41.3334960" lon="-106.3238390">
    <ele>3202.0</ele>
    <time>2026-10-04T18:06:05Z</time>
   </trkpt>
   <trkpt lat="41.3335180" lon="-106.3238240">
    <ele>3202.1</ele>
    <time>2026-10-04T18:06:06Z</time>
   </trkpt>
   <trkpt lat="41.3335330" lon="-106.3238070">
    <ele>3202.2</ele>
    <time>2026-10-04T18:06:07Z</time>
   </trkpt>
   <trkpt lat="41.3335550" lon="-106.3237920">
    <ele>3202.3</ele>
    <time>2026-10-04T18:06:08Z</time>
   </trkpt>
   <trkpt lat="41.3335770" lon="-106.3237750">
    <ele>3202.4</ele>
    <time>2026-10-04T18:06:09Z</time>
   </trkpt>
   <trkpt lat="41.3335970" lon="-106.3237680">
    <ele>3202.5</ele>
    <time>2026-10-04T18:06:10Z</time>
   </trkpt>
   <trkpt lat="41.3336190" lon="-106.3237660">
    <ele>3202.6</ele>
    <time>2026-10-04T18:06:11Z</time>
   </trkpt>
   <trkpt lat="41.3336430" lon="-106.3237690">
    <ele>3202.7</ele>
    <time>2026-10-04T18:06:12Z</time>
   </trkpt>
   <trkpt lat="41.3336680" lon="-106.3237630">
    <ele>3202.9</ele>
    <time>2026-10-04T18:06:13Z</time>
   </trkpt>
   <trkpt lat="41.3336880" lon="-106.3237480">
    <ele>3203.0</ele>
    <time>2026-10-04T18:06:14Z</time>
   </trkpt>
   <trkpt lat="41.3337090" lon="-106.3237350">
    <ele>3203.1</ele>
    <time>2026-10-04T18:06:15Z</time>
   </trkpt>
   <trkpt lat="41.3337320" lon="-106.3237270">
    <ele>3203.2</ele>
    <time>2026-10-04T18:06:16Z</time>
   </trkpt>
   <trkpt lat="41.3337520" lon="-106.3237160">
    <ele>3203.3</ele>
    <time>2026-10-04T18:06:17Z</time>
   </trkpt>
   <trkpt lat="41.3337760" lon="-106.3237110">
    <ele>3203.4</ele>
    <time>2026-10-04T18:06:18Z</time>
   </trkpt>
   <trkpt lat="41.3337990" lon="-106.3237070">
    <ele>3203.5</ele>
    <time>2026-10-04T18:06:19Z</time>
   </trkpt>
   <trkpt lat="41.3338230" lon="-106.3237000">
    <ele>3203.6</ele>
    <time>2026-10-04T18:06:20Z</time>
   </trkpt>
   <trkpt lat="41.3338430" lon="-106.3236980">
    <ele>3203.7</ele>
    <time>2026-10-04T18:06:21Z</time>
   </trkpt>
   <trkpt lat="41.3338640" lon="-106.3236810">
    <ele>3203.8</ele>
    <time>2026-10-04T18:06:22Z</time>
   </trkpt>
   <trkpt lat="41.3338880" lon="-106.3236670">
    <ele>3204.0</ele>
    <time>2026-10-04T18:06:23Z</time>
   </trkpt>
   <trkpt lat="41.3339110" lon="-106.3236590">
    <ele>3204.1</ele>
    <time>2026-10-04T18:06:24Z</time>
   </trkpt>
   <trkpt lat="41.3339340" lon="-106.3236450">
    <ele>3204.2</ele>
    <time>2026-10-04T18:06:25Z</time>
   </trkpt>
   <trkpt lat="41.3339570" lon="-106.3236450">
    <ele>3204.3</ele>
    <time>2026-10-04T18:06:26Z</time>
   </trkpt>
   <trkpt lat="41.3339820" lon="-106.3236370">
    <ele>3204.4</ele>
    <time>2026-10-04T18:06:27Z</time>
   </trkpt>
   <trkpt lat="41.3340050" lon="-106.3236300">
    <ele>3204.5</ele>
    <time>2026-10-04T18:06:28Z</time>
   </trkpt>
   <trkpt lat="41.3340310" lon="-106.3236310">
    <ele>3204.6</ele>
    <time>2026-10-04T18:06:29Z</time>
   </trkpt>
   <trkpt lat="41.3340600" lon="-106.3236220">
    <ele>3204.8</ele>
    <time>2026-10-04T18:06:30Z</time>
   </trkpt>
   <trkpt lat="41.3340770" lon="-106.3236140">
    <ele>3204.9</ele>
    <time>2026-10-04T18:06:31Z</time>
   </trkpt>
   <trkpt lat="41.3340930" lon="-106.3235900">
    <ele>3205.0</ele>
    <time>2026-10-04T18:06:32Z</time>
   </trkpt>
   <trkpt lat="41.3341130" lon="-106.3235860">
    <ele>3205.1</ele>
    <time>2026-10-04T18:06:33Z</time>
   </trkpt>
   <trkpt lat="41.3341360" lon="-106.3235750">
    <ele>3205.2</ele>
    <time>2026-10-04T18:06:34Z</time>
   </trkpt>
   <trkpt lat="41.3341560" lon="-106.3235730">
    <ele>3205.3</ele>
    <time>2026-10-04T18:06:35Z</time>
   </trkpt>
   <trkpt lat="41.3341770" lon="-106.3235630">
    <ele>3205.4</ele>
    <time>2026-10-04T18:06:36Z</time>
   </trkpt>
   <trkpt lat="41.3341950" lon="-106.3235610">
    <ele>3205.5</ele>
    <time>2026-10-04T18:06:37Z</time>
   </trkpt>
   <trkpt lat="41.3342130" lon="-106.3235520">
    <ele>3205.6</ele>
    <time>2026-10-04T18:06:38Z</time>
   </trkpt>
   <trkpt lat="41.3342360" lon="-106.3235400">
    <ele>3205.7</ele>
    <time>2026-10-04T18:06:39Z</time>
   </trkpt>
   <trkpt lat="41.3342560" lon="-106.3235380">
    <ele>3205.8</ele>
    <time>2026-10-04T18:06:40Z</time>
   </trkpt>
   <trkpt lat="41.3342790" lon="-106.3235240">
    <ele>3206.0</ele>
    <time>2026-10-04T18:06:41Z</time>
   </trkpt>
   <trkpt lat="41.3343070" lon="-106.3235120">
    <ele>3206.1</ele>
    <time>2026-10-04T18:06:42Z</time>
   </trkpt>
   <trkpt lat="41.3343300" lon="-106.3234990">
    <ele>3206.2</ele>
    <time>2026-10-04T18:06:43Z</time>
   </trkpt>
   <trkpt lat="41.3343550" lon="-106.3235030">
    <ele>3206.3</ele>
    <time>2026-10-04T18:06:44Z</time>
   </trkpt>
   <trkpt lat="41.3343770" lon="-106.3234820">
    <ele>3206.4</ele>
    <time>2026-10-04T18:06:45Z</time>
   </trkpt>
   <trkpt lat="41.3343990" lon="-106.3234720">
    <ele>3206.5</ele>
    <time>2026-10-04T18:06:46Z</time>
   </trkpt>
   <trkpt lat="41.3344270" lon="-106.3234660">
    <ele>3206.6</ele>
    <time>2026-10-04T18:06:47Z</time>
   </trkpt>
   <trkpt lat="41.3344490" lon="-106.3234610">
    <ele>3206.7</ele>
    <time>2026-10-04T18:06:48Z</time>
   </trkpt>
   <trkpt lat="41.3344710" lon="-106.3234450">
    <ele>3206.8</ele>
    <time>2026-10-04T18:06:49Z</time>
   </trkpt>
   <trkpt lat="41.3344950" lon="-106.3234340">
    <ele>3206.9</ele>
    <time>2026-10-04T18:06:50Z</time>
   </trkpt>
   <trkpt lat="41.3345180" lon="-106.3234290">
    <ele>3207.0</ele>
    <time>2026-10-04T18:06:51Z</time>
   </trkpt>
   <trkpt lat="41.3345410" lon="-106.3234200">
    <ele>3207.0</ele>
    <time>2026-10-04T18:06:52Z</time>
   </trkpt>
   <trkpt lat="41.3345600" lon="-106.3234020">
    <ele>3207.1</ele>
    <time>2026-10-04T18:06:53Z</time>
   </trkpt>
   <trkpt lat="41.3345810" lon="-106.3233830">
    <ele>3207.2</ele>
    <time>2026-10-04T18:06:54Z</time>
   </trkpt>
   <trkpt lat="41.3346010" lon="-106.3233570">
    <ele>3207.3</ele>
    <time>2026-10-04T18:06:55Z</time>
   </trkpt>
   <trkpt lat="41.3346250" lon="-106.3233460">
    <ele>3207.3</ele>
    <time>2026-10-04T18:06:56Z</time>
   </trkpt>
   <trkpt lat="41.3346450" lon="-106.3233350">
    <ele>3207.4</ele>
    <time>2026-10-04T18:06:57Z</time>
   </trkpt>
   <trkpt lat="41.3346690" lon="-106.3233360">
    <ele>3207.4</ele>
    <time>2026-10-04T18:06:58Z</time>
   </trkpt>
   <trkpt lat="41.3346940" lon="-106.3233170">
    <ele>3207.5</ele>
    <time>2026-10-04T18:06:59Z</time>
   </trkpt>
   <trkpt lat="41.3347130" lon="-106.3232960">
    <ele>3207.5</ele>
    <time>2026-10-04T18:07:00Z</time>
   </trkpt>
   <trkpt lat="41.3347320" lon="-106.3232780">
    <ele>3207.5</ele>
    <time>2026-10-04T18:07:01Z</time>
   </trkpt>
   <trkpt lat="41.3347540" lon="-106.3232550">
    <ele>3207.6</ele>
    <time>2026-10-04T18:07:02Z</time>
   </trkpt>
   <trkpt lat="41.3347710" lon="-106.3232380">
    <ele>3207.6</ele>
    <time>2026-10-04T18:07:03Z</time>
   </trkpt>
   <trkpt lat="41.3347850" lon="-106.3232120">
    <ele>3207.6</ele>
    <time>2026-10-04T18:07:04Z</time>
   </trkpt>
   <trkpt lat="41.3348020" lon="-106.3231950">
    <ele>3207.6</ele>
    <time>2026-10-04T18:07:05Z</time>
   </trkpt>
   <trkpt lat="41.3348250" lon="-106.3231740">
    <ele>3207.6</ele>
    <time>2026-10-04T18:07:06Z</time>
   </trkpt>
   <trkpt lat="41.3348430" lon="-106.3231520">
    <ele>3207.6</ele>
    <time>2026-10-04T18:07:07Z</time>
   </trkpt>
   <trkpt lat="41.3348600" lon="-106.3231310">
    <ele>3207.6</ele>
    <time>2026-10-04T18:07:08Z</time>
   </trkpt>
   <trkpt lat="41.3348770" lon="-106.3231030">
    <ele>3207.6</ele>
    <time>2026-10-04T18:07:09Z</time>
   </trkpt>
   <trkpt lat="41.3348980" lon="-106.3230810">
    <ele>3207.6</ele>
    <time>2026-10-04T18:07:10Z</time>
   </trkpt>
   <trkpt lat="41.3349040" lon="-106.3230430">
    <ele>3207.6</ele>
    <time>2026-10-04T18:07:11Z</time>
   </trkpt>
   <trkpt lat="41.3349240" lon="-106.3230120">
    <ele>3207.5</ele>
    <time>2026-10-04T18:07:12Z</time>
   </trkpt>
   <trkpt lat="41.3349570" lon="-106.3229900">
    <ele>3207.5</ele>
    <time>2026-10-04T18:07:13Z</time>
   </trkpt>
   <trkpt lat="41.3349700" lon="-106.3229620">
    <ele>3207.5</ele>
    <time>2026-10-04T18:07:14Z</time>
   </trkpt>
   <trkpt lat="41.3349810" lon="-106.3229310">
    <ele>3207.5</ele>
    <time>2026-10-04T18:07:15Z</time>
   </trkpt>
   <trkpt lat="41.3349920" lon="-106.3228950">
    <ele>3207.5</ele>
    <time>2026-10-04T18:07:16Z</time>
   </trkpt>
   <trkpt lat="41.3350120" lon="-106.3228660">
    <ele>3207.4</ele>
    <time>2026-10-04T18:07:17Z</time>
   </trkpt>
   <trkpt lat="41.3350190" lon="-106.3228320">
    <ele>3207.4</ele>
    <time>2026-10-04T18:07:18Z</time>
   </trkpt>
   <trkpt lat="41.3350250" lon="-106.3228020">
    <ele>3207.4</ele>
    <time>2026-10-04T18:07:19Z</time>
   </trkpt>
   <trkpt lat="41.3350320" lon="-106.3227650">
    <ele>3207.3</ele>
    <time>2026-10-04T18:07:20Z</time>
   </trkpt>
   <trkpt lat="41.3350440" lon="-106.3227340">
    <ele>3207.3</ele>
    <time>2026-10-04T18:07:21Z</time>
   </trkpt>
   <trkpt lat="41.3350540" lon="-106.3226990">
    <ele>3207.2</ele>
    <time>2026-10-04T18:07:22Z</time>
   </trkpt>
   <trkpt lat="41.3350580" lon="-106.3226650">
    <ele>3207.2</ele>
    <time>2026-10-04T18:07:23Z</time>
   </trkpt>
   <trkpt lat="41.3350650" lon="-106.3226430">
    <ele>3207.1</ele>
    <time>2026-10-04T18:07:24Z</time>
   </trkpt>
   <trkpt lat="41.3350680" lon="-106.3226070">
    <ele>3207.1</ele>
    <time>2026-10-04T18:07:25Z</time>
   </trkpt>
   <trkpt lat="41.3350870" lon="-106.3225860">
    <ele>3207.0</ele>
    <time>2026-10-04T18:07:26Z</time>
   </trkpt>
   <trkpt lat="41.3350820" lon="-106.3225470">
    <ele>3207.0</ele>
    <time>2026-10-04T18:07:27Z</time>
   </trkpt>
   <trkpt lat="41.3350790" lon="-106.3225130">
    <ele>3206.9</ele>
    <time>2026-10-04T18:07:28Z</time>
   </trkpt>
   <trkpt lat="41.3350890" lon="-106.3224850">
    <ele>3206.8</ele>
    <time>2026-10-04T18:07:29Z</time>
   </trkpt>
   <trkpt lat="41.3350920" lon="-106.3224570">
    <ele>3206.8</ele>
    <time>2026-10-04T18:07:30Z</time>
   </trkpt>
   <trkpt lat="41.3350960" lon="-106.3224150">
    <ele>3206.7</ele>
    <time>2026-10-04T18:07:31Z</time>
   </trkpt>
   <trkpt lat="41.3351000" lon="-106.3223780">
    <ele>3206.7</ele>
    <time>2026-10-04T18:07:32Z</time>
   </trkpt>
   <trkpt lat="41.3350920" lon="-106.3223420">
    <ele>3206.6</ele>
    <time>2026-10-04T18:07:33Z</time>
   </trkpt>
   <trkpt lat="41.3351010" lon="-106.3223140">
    <ele>3206.6</ele>
    <time>2026-10-04T18:07:34Z</time>
   </trkpt>
   <trkpt lat="41.3351130" lon="-106.3222850">
    <ele>3206.5</ele>
    <time>2026-10-04T18:07:35Z</time>
   </trkpt>
   <trkpt lat="41.3351100" lon="-106.3222440">
    <ele>3206.5</ele>
    <time>2026-10-04T18:07:36Z</time>
   </trkpt>
   <trkpt lat="41.3351180" lon="-106.3222040">
    <ele>3206.4</ele>
    <time>2026-10-04T18:07:37Z</time>
   </trkpt>
   <trkpt lat="41.3351200" lon="-106.3221690">
    <ele>3206.4</ele>
    <time>2026-10-04T18:07:38Z</time>
   </trkpt>
   <trkpt lat="41.3351250" lon="-106.3221280">
    <ele>3206.3</ele>
    <time>2026-10-04T18:07:39Z</time>
   </trkpt>
   <trkpt lat="41.3351350" lon="-106.3220950">
    <ele>3206.3</ele>
    <time>2026-10-04T18:07:40Z</time>
   </trkpt>
   <trkpt lat="41.3351440" lon="-106.3220600">
    <ele>3206.3</ele>
    <time>2026-10-04T18:07:41Z</time>
   </trkpt>
   <trkpt lat="41.3351360" lon="-106.3220220">
    <ele>3206.2</ele>
    <time>2026-10-04T18:07:42Z</time>
   </trkpt>
   <trkpt lat="41.3351380" lon="-106.3219800">
    <ele>3206.2</ele>
    <time>2026-10-04T18:07:43Z</time>
   </trkpt>
   <trkpt lat="41.3351370" lon="-106.3219450">
    <ele>3206.2</ele>
    <time>2026-10-04T18:07:44Z</time>
   </trkpt>
   <trkpt lat="41.3351400" lon="-106.3219070">
    <ele>3206.2</ele>
    <time>2026-10-04T18:07:45Z</time>
   </trkpt>
   <trkpt lat="41.3351510" lon="-106.3218690">
    <ele>3206.2</ele>
    <time>2026-10-04T18:07:46Z</time>
   </trkpt>
   <trkpt lat="41.3351540" lon="-106.3218340">
    <ele>3206.2</ele>
    <time>2026-10-04T18:07:47Z</time>
   </trkpt>
   <trkpt lat="41.3351510" lon="-106.3217940">
    <ele>3206.2</ele>
    <time>2026-10-04T18:07:48Z</time>
   </trkpt>
   <trkpt lat="41.3351550" lon="-106.3217640">
    <ele>3206.2</ele>
    <time>2026-10-04T18:07:49Z</time>
   </trkpt>
   <trkpt lat="41.3351540" lon="-106.3217280">
    <ele>3206.2</ele>
    <time>2026-10-04T18:07:50Z</time>
   </trkpt>
   <trkpt lat="41.3351600" lon="-106.3216980">
    <ele>3206.2</ele>
    <time>2026-10-04T18:07:51Z</time>
   </trkpt>
   <trkpt lat="41.3351600" lon="-106.3216570">
    <ele>3206.2</ele>
    <time>2026-10-04T18:07:52Z</time>
   </trkpt>
   <trkpt lat="41.3351600" lon="-106.3216170">
    <ele>3206.2</ele>
    <time>2026-10-04T18:07:53Z</time>
   </trkpt>
   <trkpt lat="41.3351780" lon="-106.3215870">
    <ele>3206.2</ele>
    <time>2026-10-04T18:07:54Z</time>
   </trkpt>
   <trkpt lat="41.3351870" lon="-106.3215530">
    <ele>3206.2</ele>
    <time>2026-10-04T18:07:55Z</time>
   </trkpt>
   <trkpt lat="41.3351900" lon="-106.3215140">
    <ele>3206.2</ele>
    <time>2026-10-04T18:07:56Z</time>
   </trkpt>
   <trkpt lat="41.3351870" lon="-106.3214740">
    <ele>3206.3</ele>
    <time>2026-10-04T18:07:57Z</time>
   </trkpt>
   <trkpt lat="41.3351820" lon="-106.3214370">
    <ele>3206.3</ele>
    <time>2026-10-04T18:07:58Z</time>
   </trkpt>
   <trkpt lat="41.3351950" lon="-106.3214050">
    <ele>3206.3</ele>
    <time>2026-10-04T18:07:59Z</time>
   </trkpt>
   <trkpt lat="41.3351810" lon="-106.3213680">
    <ele>3206.4</ele>
    <time>2026-10-04T18:08:00Z</time>
   </trkpt>
   <trkpt lat="41.3351810" lon="-106.3213270">
    <ele>3206.4</ele>
    <time>2026-10-04T18:08:01Z</time>
   </trkpt>
   <trkpt lat="41.3351840" lon="-106.3212910">
    <ele>3206.5</ele>
    <time>2026-10-04T18:08:02Z</time>
   </trkpt>
   <trkpt lat="41.3351990" lon="-106.3212420">
    <ele>3206.6</ele>
    <time>2026-10-04T18:08:03Z</time>
   </trkpt>
   <trkpt lat="41.3352020" lon="-106.3212000">
    <ele>3206.7</ele>
    <time>2026-10-04T18:08:04Z</time>
   </trkpt>
   <trkpt lat="41.3352010" lon="-106.3211610">
    <ele>3206.8</ele>
    <time>2026-10-04T18:08:05Z</time>
   </trkpt>
   <trkpt lat="41.3352020" lon="-106.3211270">
    <ele>3206.8</ele>
    <time>2026-10-04T18:08:06Z</time>
   </trkpt>
   <trkpt lat="41.3352170" lon="-106.3210920">
    <ele>3206.9</ele>
    <time>2026-10-04T18:08:07Z</time>
   </trkpt>
   <trkpt lat="41.3352220" lon="-106.3210540">
    <ele>3207.0</ele>
    <time>2026-10-04T18:08:08Z</time>
   </trkpt>
   <trkpt lat="41.3352440" lon="-106.3210220">
    <ele>3207.2</ele>
    <time>2026-10-04T18:08:09Z</time>
   </trkpt>
   <trkpt lat="41.3352540" lon="-106.3209820">
    <ele>3207.3</ele>
    <time>2026-10-04T18:08:10Z</time>
   </trkpt>
   <trkpt lat="41.3352670" lon="-106.3209550">
    <ele>3207.4</ele>
    <time>2026-10-04T18:08:11Z</time>
   </trkpt>
   <trkpt lat="41.3352810" lon="-106.3209180">
    <ele>3207.6</ele>
    <time>2026-10-04T18:08:12Z</time>
   </trkpt>
   <trkpt lat="41.3353080" lon="-106.3208930">
    <ele>3207.7</ele>
    <time>2026-10-04T18:08:13Z</time>
   </trkpt>
   <trkpt lat="41.3353330" lon="-106.3208730">
    <ele>3207.9</ele>
    <time>2026-10-04T18:08:14Z</time>
   </trkpt>
   <trkpt lat="41.3353610" lon="-106.3208600">
    <ele>3207.8</ele>
    <time>2026-10-04T18:08:15Z</time>
   </trkpt>
   <trkpt lat="41.3353870" lon="-106.3208420">
    <ele>3207.8</ele>
    <time>2026-10-04T18:08:16Z</time>
   </trkpt>
   <trkpt lat="41.3354160" lon="-106.3208320">
    <ele>3207.7</ele>
    <time>2026-10-04T18:08:17Z</time>
   </trkpt>
   <trkpt lat="41.3354340" lon="-106.3208140">
    <ele>3207.7</ele>
    <time>2026-10-04T18:08:18Z</time>
   </trkpt>
   <trkpt lat="41.3354610" lon="-106.3208050">
    <ele>3207.6</ele>
    <time>2026-10-04T18:08:19Z</time>
   </trkpt>
   <trkpt lat="41.3354820" lon="-106.3208020">
    <ele>3207.6</ele>
    <time>2026-10-04T18:08:20Z</time>
   </trkpt>
   <trkpt lat="41.3354930" lon="-106.3207770">
    <ele>3207.5</ele>
    <time>2026-10-04T18:08:21Z</time>
   </trkpt>
   <trkpt lat="41.3354950" lon="-106.3207500">
    <ele>3207.5</ele>
    <time>2026-10-04T18:08:22Z</time>
   </trkpt>
   <trkpt lat="41.3355050" lon="-106.3207530">
    <ele>3207.5</ele>
    <time>2026-10-04T18:08:23Z</time>
   </trkpt>
  </trkseg>
 </trk>
</gpx>
